GAZP RX Equity;;;ROSN RX Equity;;;LKOH RX Equity;;;GMKN RX Equity;;;SBER RX Equity;;;SNGS RX Equity;;;MGNT RX Equity;;;VTBR RX Equity;;;TATN RX Equity;;;CHMF RX Equity;;;MTSS RX Equity;;;URKA RX Equity;;;NLMK RX Equity;;;HYDR RX Equity;;;FEES RX Equity;;;PIKK RX Equity;;;AFLT RX Equity;;;PHST RX Equity;;;NVTK RX Equity;;;SIBN RX Equity;
Date;PX_LAST;;Date;PX_LAST;;Date;PX_LAST;;Date;PX_LAST;;Date;PX_LAST;;Date;PX_LAST;;Date;PX_LAST;;Date;PX_LAST;;Date;PX_LAST;;Date;PX_LAST;;Date;PX_LAST;;Date;PX_LAST;;Date;PX_LAST;;Date;PX_LAST;;Date;PX_LAST;;Date;PX_LAST;;Date;PX_LAST;;Date;PX_LAST;;Date;PX_LAST;;Date;PX_LAST
31.01.2006;218.14;;31.07.2006;202.6;;31.01.2006;2154.02;;29.12.2006;4092;;31.01.2006;41.709;;31.01.2006;38.559;;31.07.2006;715.29;;31.05.2007;0.14463;;31.01.2006;120.924;;31.01.2006;298.94;;31.01.2006;190;;30.11.2007;122.4;;28.04.2006;63.9;;30.05.2008;2.113;;31.07.2008;0.302;;29.06.2007;657;;31.01.2006;44.79;;31.08.2007;1400;;31.01.2006;81.525;;31.01.2006;124.15
28.02.2006;218.26;;31.08.2006;197.63;;28.02.2006;2251.72;;31.01.2007;4396.99;;28.02.2006;42.902;;28.02.2006;41.043;;31.08.2006;1000;;29.06.2007;0.14069;;28.02.2006;159.146;;28.02.2006;321.33;;28.02.2006;194.36;;29.12.2007;182.95;;31.05.2006;59.3;;30.06.2008;1.825;;29.08.2008;0.328;;31.07.2007;768.5;;28.02.2006;54.88;;28.09.2007;1480;;28.02.2006;94.7039;;28.02.2006;128.78
31.03.2006;230.31;;29.09.2006;211.54;;31.03.2006;2303.95;;28.02.2007;4632.06;;31.03.2006;41.169;;31.03.2006;42.021;;29.09.2006;879;;31.07.2007;0.13669;;31.03.2006;147.667;;31.03.2006;342.97;;31.03.2006;186.72;;31.01.2008;156.9;;30.06.2006;59.5;;31.07.2008;1.517;;30.09.2008;0.156;;31.08.2007;698.17;;31.03.2006;59.57;;31.10.2007;1630;;31.03.2006;113.2623;;31.03.2006;131.11
28.04.2006;309.98;;31.10.2006;229.39;;28.04.2006;2475.67;;30.03.2007;4816.83;;28.04.2006;48.945;;28.04.2006;47.265;;31.10.2006;881.5;;31.08.2007;0.12;;28.04.2006;158.75;;28.04.2006;336.72;;28.04.2006;178.49;;29.02.2008;192.25;;31.07.2006;59.3;;29.08.2008;1.677;;31.10.2008;0.084;;28.09.2007;705.37;;28.04.2006;59.41;;30.11.2007;1468;;28.04.2006;116.001;;28.04.2006;137.67
31.05.2006;286.02;;30.11.2006;240.26;;31.05.2006;2103.68;;28.04.2007;4937.05;;31.05.2006;43.15;;31.05.2006;36.779;;30.11.2006;908.7;;28.09.2007;0.11513;;31.05.2006;118.19;;31.05.2006;321.4;;31.05.2006;161.12;;31.03.2008;191.66;;31.08.2006;53;;30.09.2008;0.88;;28.11.2008;0.164;;31.10.2007;695.83;;31.05.2006;47.19;;29.12.2007;1770;;31.05.2006;107.65;;31.05.2006;122.24
30.06.2006;280.17;;29.12.2006;243.88;;30.06.2006;2229.04;;31.05.2007;4771.33;;30.06.2006;45.95;;30.06.2006;39.567;;29.12.2006;946.8;;31.10.2007;0.11913;;30.06.2006;104.11;;30.06.2006;264.34;;30.06.2006;146.79;;30.04.2008;251.39;;29.09.2006;51.72;;31.10.2008;0.504;;31.12.2008;0.123;;30.11.2007;723.83;;30.06.2006;47.56;;31.01.2008;1575;;30.06.2006;119.9544;;30.06.2006;111.49
31.07.2006;277.83;;31.01.2007;234.11;;31.07.2006;2321.64;;29.06.2007;5355.04;;31.07.2006;46.4;;31.07.2006;39.265;;31.01.2007;995.25;;30.11.2007;0.11219;;31.07.2006;133.89;;31.07.2006;302.46;;31.07.2006;169.37;;30.05.2008;284.28;;31.10.2006;56.85;;28.11.2008;0.696;;30.01.2009;0.084;;29.12.2007;736.81;;31.07.2006;50.33;;29.02.2008;1690;;31.07.2006;121.525;;31.07.2006;115.75
31.08.2006;312.97;;28.02.2007;220.38;;31.08.2006;2245.18;;31.07.2007;5699.01;;31.08.2006;57.1938;;31.08.2006;38.993;;28.02.2007;1037.18;;29.12.2007;0.125;;31.08.2006;140.63;;31.08.2006;302.21;;31.08.2006;189.3;;30.06.2008;337.08;;30.11.2006;61.2;;31.12.2008;0.601;;27.02.2009;0.136;;31.01.2008;662.39;;31.08.2006;60.72;;31.03.2008;1525;;29.09.2006;133.5;;31.08.2006;111.75
29.09.2006;287.16;;30.03.2007;215.92;;29.09.2006;2026.51;;31.08.2007;5715.74;;29.09.2006;58;;29.09.2006;34.895;;30.03.2007;1126.55;;31.01.2008;0.099;;29.09.2006;113.16;;29.09.2006;280.56;;29.09.2006;185.05;;31.07.2008;264.05;;29.12.2006;63.98;;30.01.2009;0.595;;31.03.2009;0.149;;29.02.2008;690.39;;29.09.2006;61.05;;30.04.2008;1582.28;;31.10.2006;154.84;;29.09.2006;105.12
31.10.2006;281.91;;28.04.2007;223.13;;31.10.2006;2158.45;;28.09.2007;6375.39;;31.10.2006;60.155;;31.10.2006;34.027;;28.04.2007;1223.39;;29.02.2008;0.091;;31.10.2006;123.75;;31.10.2006;308.05;;31.10.2006;201.5;;29.08.2008;206.11;;31.01.2007;64.6;;27.02.2009;0.589;;30.04.2009;0.221;;31.03.2008;569.41;;31.10.2006;60.94;;30.05.2008;1730;;30.11.2006;170;;31.10.2006;110.75
30.11.2006;306.18;;31.05.2007;205.83;;30.11.2006;2340.41;;31.10.2007;7280.46;;30.11.2006;65.43;;30.11.2006;36.22;;31.05.2007;1086.45;;31.03.2008;0.08513;;30.11.2006;128.89;;30.11.2006;281.02;;30.11.2006;217.66;;30.09.2008;155.9;;28.02.2007;69.96;;31.03.2009;0.752;;29.05.2009;0.281;;30.04.2008;673.39;;30.11.2006;59.14;;30.06.2008;1730;;29.12.2006;166.42;;30.11.2006;108.04
29.12.2006;302.56;;29.06.2007;204.7;;29.12.2006;2282.93;;30.11.2007;6944.31;;29.12.2006;92.2;;29.12.2006;40.202;;29.06.2007;1128.57;;30.04.2008;0.0885;;29.12.2006;122.02;;29.12.2006;274.47;;29.12.2006;227.69;;31.10.2008;111.63;;30.03.2007;75.02;;30.04.2009;0.906;;30.06.2009;0.268;;30.05.2008;680;;29.12.2006;57.29;;31.07.2008;1700;;31.01.2007;145.98;;29.12.2006;119.9
31.01.2007;284.54;;31.07.2007;213.36;;31.01.2007;2105.07;;29.12.2007;6466.63;;31.01.2007;87.38;;31.01.2007;31.993;;31.07.2007;1175.11;;30.05.2008;0.0975;;31.01.2007;114.65;;31.01.2007;294.87;;31.01.2007;249.59;;28.11.2008;44.3;;28.04.2007;71.17;;29.05.2009;1.255;;31.07.2009;0.226;;30.06.2008;620.99;;31.01.2007;74.65;;29.08.2008;1600.01;;28.02.2007;141.69;;31.01.2007;117.96
28.02.2007;266.59;;31.08.2007;212.01;;28.02.2007;2072.58;;31.01.2008;5707.34;;28.02.2007;96.705;;28.02.2007;31.01;;31.08.2007;1052.99;;30.06.2008;0.0815;;28.02.2007;115.06;;28.02.2007;314.46;;28.02.2007;236.04;;31.12.2008;53.08;;31.05.2007;69.99;;30.06.2009;1.168;;31.08.2009;0.27;;31.07.2008;536.28;;28.02.2007;71.26;;30.09.2008;1290;;30.03.2007;150.48;;28.02.2007;110.08
30.03.2007;270.87;;28.09.2007;213.46;;30.03.2007;2236.81;;29.02.2008;6966.29;;30.03.2007;92.5;;30.03.2007;32.68;;28.09.2007;1042.32;;31.07.2008;0.08069;;30.03.2007;121.72;;30.03.2007;323.85;;30.03.2007;253.93;;30.01.2009;44.99;;29.06.2007;76.39;;31.07.2009;1.1;;30.09.2009;0.352;;29.08.2008;449;;30.03.2007;73.9;;31.10.2008;687;;28.04.2007;139.1;;30.03.2007;108.44
28.04.2007;257.23;;31.10.2007;216.68;;28.04.2007;2048.72;;31.03.2008;6612.01;;28.04.2007;101.8;;28.04.2007;33.92;;31.10.2007;1155.35;;29.08.2008;0.0675;;28.04.2007;121.8;;28.04.2007;308.33;;28.04.2007;249.83;;27.02.2009;45.95;;31.07.2007;82.19;;31.08.2009;1.1;;30.10.2009;0.312;;30.09.2008;139.5;;28.04.2007;74.24;;28.11.2008;600;;31.05.2007;125.22;;28.04.2007;96.87
31.05.2007;235.57;;30.11.2007;221.28;;31.05.2007;1952.91;;30.04.2008;6404.68;;31.05.2007;91.8;;31.05.2007;28.126;;30.11.2007;1144.48;;30.09.2008;0.0505;;31.05.2007;114.16;;31.05.2007;300.62;;31.05.2007;242.59;;31.03.2009;79.65;;31.08.2007;82.3;;30.09.2009;1.043;;30.11.2009;0.369;;31.10.2008;97.95;;31.05.2007;64.04;;31.12.2008;550.91;;29.06.2007;132.69;;31.05.2007;95.36
29.06.2007;267.43;;29.12.2007;231.1;;29.06.2007;1969.62;;30.05.2008;6981.22;;29.06.2007;100.0199;;29.06.2007;27.879;;29.12.2007;1270.5;;31.10.2008;0.04169;;29.06.2007;117.85;;29.06.2007;324.49;;29.06.2007;253.9;;30.04.2009;79.49;;28.09.2007;85.51;;30.10.2009;1.029;;31.12.2009;0.319;;28.11.2008;46.26;;29.06.2007;73.87;;30.01.2009;470;;31.07.2007;138.94;;29.06.2007;104.47
31.07.2007;275.13;;31.01.2008;171.35;;31.07.2007;2054.52;;30.06.2008;5918.78;;31.07.2007;105.11;;31.07.2007;29.165;;31.01.2008;1141.88;;28.11.2008;0.0315;;31.07.2007;127.38;;31.07.2007;400.68;;31.07.2007;265.3;;29.05.2009;115.93;;31.10.2007;101.32;;30.11.2009;1.131;;29.01.2010;0.342;;31.12.2008;28.01;;31.07.2007;69.87;;27.02.2009;650;;31.08.2007;130.04;;31.07.2007;106.56
31.08.2007;266.08;;29.02.2008;195.74;;31.08.2007;1908.84;;31.07.2008;4941.42;;31.08.2007;97.43;;31.08.2007;32.143;;29.02.2008;1219.63;;31.12.2008;0.03338;;31.08.2007;129.38;;31.08.2007;396.1;;31.08.2007;278.87;;30.06.2009;99.73;;30.11.2007;97.46;;31.12.2009;1.136;;27.02.2010;0.303;;30.01.2009;22.26;;31.08.2007;69.97;;31.03.2009;735;;28.09.2007;131.11;;31.08.2007;96.96
28.09.2007;274.47;;31.03.2008;211.03;;28.09.2007;2079.46;;29.08.2008;4810.39;;28.09.2007;103.48;;28.09.2007;34.076;;31.03.2008;1121.19;;30.01.2009;0.02219;;28.09.2007;139.07;;28.09.2007;470.03;;28.09.2007;287.51;;31.07.2009;115.15;;29.12.2007;99.97;;29.01.2010;1.303;;31.03.2010;0.371;;27.02.2009;22.94;;28.09.2007;77.16;;30.04.2009;943.45;;31.10.2007;140.89;;28.09.2007;104.65
31.10.2007;306.41;;30.04.2008;231.03;;31.10.2007;2233.78;;30.09.2008;3479;;31.10.2007;106.27;;31.10.2007;32.218;;30.04.2008;1038.69;;27.02.2009;0.01963;;31.10.2007;152.47;;31.10.2007;525.59;;31.10.2007;337.64;;31.08.2009;120.26;;31.01.2008;88.11;;27.02.2010;1.28;;30.04.2010;0.366;;31.03.2009;45.2;;31.10.2007;85.37;;29.05.2009;1085.23;;30.11.2007;156.55;;31.10.2007;119.88
30.11.2007;322.66;;30.05.2008;286.43;;30.11.2007;2114.81;;31.10.2008;2651.34;;30.11.2007;103.89;;30.11.2007;28.41;;30.05.2008;1214.65;;31.03.2009;0.02788;;30.11.2007;145.78;;30.11.2007;504.82;;30.11.2007;362.11;;30.09.2009;113.77;;29.02.2008;113.37;;31.03.2010;1.556;;31.05.2010;0.344;;30.04.2009;60.3;;30.11.2007;87.01;;30.06.2009;1070;;29.12.2007;184.42;;30.11.2007;130.57
29.12.2007;342.77;;30.06.2008;272.68;;29.12.2007;2072.43;;28.11.2008;2023.4;;29.12.2007;102.3;;29.12.2007;29.568;;30.06.2008;1106.82;;30.04.2009;0.0315;;29.12.2007;148.49;;29.12.2007;500.63;;29.12.2007;376.5;;30.10.2009;132.11;;31.03.2008;99.78;;30.04.2010;1.687;;30.06.2010;0.343;;29.05.2009;59.39;;29.12.2007;92.91;;31.07.2009;1090;;31.01.2008;159.11;;29.12.2007;151.74
31.01.2008;290.91;;31.07.2008;245.9;;31.01.2008;1661.17;;31.12.2008;1967.07;;31.01.2008;87.98;;31.01.2008;22.808;;31.07.2008;1056.85;;29.05.2009;0.04463;;31.01.2008;118.08;;31.01.2008;458.58;;31.01.2008;309.16;;30.11.2009;132.47;;30.04.2008;111.65;;31.05.2010;1.67;;30.07.2010;0.336;;30.06.2009;41.89;;31.01.2008;90.31;;31.08.2009;1203.45;;29.02.2008;181.91;;31.01.2008;131.06
29.02.2008;305.34;;29.08.2008;209.68;;29.02.2008;1790.99;;30.01.2009;1494.26;;29.02.2008;80.3;;29.02.2008;22.163;;29.08.2008;984.8;;30.06.2009;0.0345;;29.02.2008;150.52;;29.02.2008;560.59;;29.02.2008;309.28;;31.12.2009;125.5;;30.05.2008;116;;30.06.2010;1.523;;31.08.2010;0.351;;31.07.2009;53.69;;29.02.2008;105.77;;30.09.2009;1450;;31.03.2008;187.76;;29.02.2008;147.43
31.03.2008;296.63;;30.09.2008;171.32;;31.03.2008;1992.75;;27.02.2009;1693.64;;31.03.2008;73.29;;31.03.2008;22.078;;30.09.2008;858;;31.07.2009;0.04269;;31.03.2008;152.31;;31.03.2008;472.43;;31.03.2008;300.04;;29.01.2010;130.77;;30.06.2008;132.24;;30.07.2010;1.576;;30.09.2010;0.37;;31.08.2009;57.08;;31.03.2008;99.49;;30.10.2009;1420;;30.04.2008;180.59;;31.03.2008;132.23
30.04.2008;312.55;;31.10.2008;124.54;;30.04.2008;2134.28;;31.03.2009;2064.19;;30.04.2008;77.11;;30.04.2008;23.055;;31.10.2008;407.89;;31.08.2009;0.04319;;30.04.2008;152.06;;30.04.2008;524.52;;30.04.2008;281.81;;27.02.2010;128.33;;31.07.2008;104.3;;31.08.2010;1.585;;29.10.2010;0.371;;30.09.2009;115.24;;30.04.2008;101.82;;30.11.2009;1883.8;;30.05.2008;211.24;;30.04.2008;144.08
30.05.2008;360.13;;28.11.2008;108.84;;30.05.2008;2651.59;;30.04.2009;2786.02;;30.05.2008;85.24;;30.05.2008;28.996;;28.11.2008;369.41;;30.09.2009;0.05538;;30.05.2008;188.98;;30.05.2008;554.3;;30.05.2008;303.89;;31.03.2010;123.4;;29.08.2008;94.87;;30.09.2010;1.567;;30.11.2010;0.365;;30.10.2009;114.47;;30.05.2008;95.72;;31.12.2009;1878.55;;30.06.2008;200.45;;30.05.2008;176.78
30.06.2008;341.1;;31.12.2008;110.29;;30.06.2008;2318.01;;29.05.2009;3481.12;;30.06.2008;74.33;;30.06.2008;25.884;;31.12.2008;475.14;;30.10.2009;0.05788;;30.06.2008;176.93;;30.06.2008;544.62;;30.06.2008;275.03;;30.04.2010;125.92;;30.09.2008;51.01;;29.10.2010;1.585;;30.12.2010;0.367;;30.11.2009;117.99;;30.06.2008;77.96;;29.01.2010;1788.39;;31.07.2008;179.17;;30.06.2008;188.09
31.07.2008;277.1;;30.01.2009;112.83;;31.07.2008;1915.03;;30.06.2009;2823.17;;31.07.2008;69.21;;31.07.2008;20.819;;30.01.2009;505.08;;30.11.2009;0.06213;;31.07.2008;140.1;;31.07.2008;395.18;;31.07.2008;263.7;;31.05.2010;117.4;;31.10.2008;24.61;;30.11.2010;1.649;;31.01.2011;0.441;;31.12.2009;123.42;;31.07.2008;71.98;;27.02.2010;1870;;29.08.2008;176.59;;31.07.2008;148.37
29.08.2008;242.34;;27.02.2009;124.86;;29.08.2008;1829.81;;31.07.2009;3167.84;;29.08.2008;57.3;;29.08.2008;17.494;;27.02.2009;599.31;;31.12.2009;0.06938;;29.08.2008;127.77;;29.08.2008;372.12;;29.08.2008;256.78;;30.06.2010;113.15;;28.11.2008;28.53;;30.12.2010;1.646;;28.02.2011;0.419;;29.01.2010;158.09;;29.08.2008;68.81;;31.03.2010;2376.81;;30.09.2008;116.99;;29.08.2008;115.69
30.09.2008;198;;31.03.2009;146.25;;30.09.2008;1520;;31.08.2009;3389.11;;30.09.2008;43.69;;30.09.2008;13.44;;31.03.2009;781.68;;29.01.2010;0.07538;;30.09.2008;90.45;;30.09.2008;243.78;;30.09.2008;223.6;;30.07.2010;127.32;;31.12.2008;30.11;;31.01.2011;1.488;;31.03.2011;0.40788;;27.02.2010;151.89;;30.09.2008;63.15;;30.04.2010;2405.01;;31.10.2008;99.37;;30.09.2008;109.9
31.10.2008;133.2;;30.04.2009;177.05;;31.10.2008;1028.83;;30.09.2009;3733.11;;31.10.2008;28.14;;31.10.2008;17.433;;30.04.2009;1094.97;;27.02.2010;0.07381;;31.10.2008;41.14;;31.10.2008;80.52;;31.10.2008;133.62;;31.08.2010;142.64;;30.01.2009;33.26;;28.02.2011;1.478;;29.04.2011;0.36156;;31.03.2010;157.29;;31.10.2008;59.64;;31.05.2010;2261.8;;28.11.2008;57.68;;31.10.2008;61.75
28.11.2008;117.9;;29.05.2009;206.57;;28.11.2008;879.65;;30.10.2009;3854.17;;28.11.2008;23.25;;28.11.2008;17.466;;29.05.2009;1125.79;;31.03.2010;0.08081;;28.11.2008;46.06;;28.11.2008;76.77;;28.11.2008;107.85;;30.09.2010;133.42;;27.02.2009;35.94;;31.03.2011;1.4314;;31.05.2011;0.33194;;30.04.2010;155.93;;28.11.2008;49.86;;30.06.2010;2270.64;;31.12.2008;48.49;;28.11.2008;56.47
31.12.2008;107.63;;30.06.2009;168.39;;31.12.2008;961.6;;30.11.2009;4021.11;;31.12.2008;22.79;;31.12.2008;16.417;;30.06.2009;1175;;30.04.2010;0.0785;;31.12.2008;55.26;;31.12.2008;75.9;;31.12.2008;111.45;;29.10.2010;152.59;;31.03.2009;41.61;;29.04.2011;1.388;;30.06.2011;0.37356;;31.05.2010;133.28;;31.12.2008;27.39;;30.07.2010;2348.01;;30.01.2009;65.49;;31.12.2008;62.67
30.01.2009;115.43;;31.07.2009;190.87;;30.01.2009;1180.91;;31.12.2009;4239.78;;30.01.2009;16.42;;30.01.2009;15.464;;31.07.2009;1310.73;;31.05.2010;0.07413;;30.01.2009;59.12;;30.01.2009;81.24;;30.01.2009;111.37;;30.11.2010;171.13;;30.04.2009;50.74;;31.05.2011;1.3554;;29.07.2011;0.37825;;30.06.2010;107.86;;30.01.2009;23.25;;31.08.2010;2400.01;;27.02.2009;81.86;;30.01.2009;72.82
27.02.2009;115.86;;31.08.2009;198.22;;27.02.2009;1151.31;;29.01.2010;4720.74;;27.02.2009;14.29;;27.02.2009;20.238;;31.08.2009;1585;;30.06.2010;0.076;;27.02.2009;66.69;;27.02.2009;117.05;;27.02.2009;123.07;;30.12.2010;219.27;;29.05.2009;59.54;;30.06.2011;1.3363;;31.08.2011;0.29236;;30.07.2010;108.07;;27.02.2009;26.55;;30.09.2010;2307.78;;31.03.2009;78.61;;27.02.2009;78.36
31.03.2009;126.59;;30.09.2009;226.72;;31.03.2009;1267.81;;27.02.2010;4594.77;;31.03.2009;20.82;;31.03.2009;21.198;;30.09.2009;1800;;30.07.2010;0.08138;;31.03.2009;79.9;;31.03.2009;104.24;;31.03.2009;143.59;;31.01.2011;226.23;;30.06.2009;62.67;;29.07.2011;1.3807;;30.09.2011;0.24012;;31.08.2010;108.16;;31.03.2009;38.79;;29.10.2010;2702.35;;30.04.2009;108.6;;31.03.2009;83.49
30.04.2009;148.07;;30.10.2009;222.2;;30.04.2009;1479.3;;31.03.2010;5431.41;;30.04.2009;27.84;;30.04.2009;23.592;;30.10.2009;1745.09;;31.08.2010;0.07938;;30.04.2009;100.61;;30.04.2009;121.83;;30.04.2009;164.94;;28.02.2011;233.84;;31.07.2009;80.12;;31.08.2011;1.2454;;31.10.2011;0.28231;;30.09.2010;116.96;;30.04.2009;33.94;;30.11.2010;3023.91;;29.05.2009;142.59;;30.04.2009;88.7
29.05.2009;178.37;;30.11.2009;234.12;;29.05.2009;1641.09;;30.04.2010;5642.59;;29.05.2009;44.21;;29.05.2009;25.518;;30.11.2009;1805;;30.09.2010;0.08781;;29.05.2009;143.64;;29.05.2009;155.81;;29.05.2009;176.28;;31.03.2011;235.13;;31.08.2009;74.37;;30.09.2011;1.0505;;30.11.2011;0.34585;;29.10.2010;115.91;;29.05.2009;35.14;;30.12.2010;3033;;30.06.2009;128.01;;29.05.2009;105.57
30.06.2009;156.05;;31.12.2009;251.98;;30.06.2009;1379.48;;31.05.2010;5018.63;;30.06.2009;38.08;;30.06.2009;21.35;;31.12.2009;2161.96;;29.10.2010;0.10131;;30.06.2009;126.06;;30.06.2009;147.88;;30.06.2009;161.68;;29.04.2011;228.47;;30.09.2009;76.27;;31.10.2011;1.1425;;30.12.2011;0.28181;;30.11.2010;117.29;;30.06.2009;33.77;;31.01.2011;3051.12;;31.07.2009;121.7;;30.06.2009;98.18
31.07.2009;162.29;;29.01.2010;236.02;;31.07.2009;1571.49;;30.06.2010;4527.22;;31.07.2009;42.46;;31.07.2009;24.347;;29.01.2010;2067;;30.11.2010;0.10019;;31.07.2009;127.58;;31.07.2009;191.67;;31.07.2009;176.88;;31.05.2011;243.94;;30.10.2009;76.04;;30.11.2011;1.1995;;31.01.2012;0.3162;;30.12.2010;122.79;;31.07.2009;31.42;;28.02.2011;2934.77;;31.08.2009;118.77;;31.07.2009;108.42
31.08.2009;163.08;;27.02.2010;231.09;;31.08.2009;1580.27;;30.07.2010;4976.41;;31.08.2009;47.43;;31.08.2009;26.049;;27.02.2010;1920.07;;30.12.2010;0.1008;;31.08.2009;125.94;;31.08.2009;201.71;;31.08.2009;181.93;;30.06.2011;250.45;;30.11.2009;87.55;;30.12.2011;0.9694;;29.02.2012;0.34503;;31.01.2011;125.19;;31.08.2009;32.32;;31.03.2011;2782.4;;30.09.2009;127.43;;31.08.2009;114.59
30.09.2009;175.13;;31.03.2010;234.08;;30.09.2009;1631.34;;31.08.2010;5192.92;;30.09.2009;59.88;;30.09.2009;25.666;;31.03.2010;2569.82;;31.01.2011;0.107;;30.09.2009;125.7;;30.09.2009;210.81;;30.09.2009;202.79;;29.07.2011;270.57;;31.12.2009;91.89;;31.01.2012;1.1499;;30.03.2012;0.31388;;28.02.2011;144.54;;30.09.2009;45.42;;29.04.2011;2390.3;;30.10.2009;134.78;;30.09.2009;125.98
30.10.2009;175.8;;30.04.2010;237.34;;30.10.2009;1702.2;;30.09.2010;5197.26;;30.10.2009;64.76;;30.10.2009;25.624;;30.04.2010;2560;;28.02.2011;0.1012;;30.10.2009;125.71;;30.10.2009;191.9;;30.10.2009;202.28;;31.08.2011;285.43;;29.01.2010;94.45;;29.02.2012;1.1865;;28.04.2012;0.26824;;31.03.2011;126.56;;30.10.2009;39.94;;31.05.2011;2250.4;;30.11.2009;159.69;;30.10.2009;149.06
30.11.2009;165.94;;31.05.2010;228.57;;30.11.2009;1688.32;;29.10.2010;5583.65;;30.11.2009;69.17;;30.11.2009;25.944;;31.05.2010;2720.02;;31.03.2011;0.09887;;30.11.2009;139.59;;30.11.2009;199.8;;30.11.2009;219.34;;30.09.2011;222.45;;27.02.2010;92.28;;30.03.2012;1.0801;;31.05.2012;0.17191;;29.04.2011;116.35;;30.11.2009;43.7;;30.06.2011;2110.8;;31.12.2009;170.1;;30.11.2009;153.45
31.12.2009;183.21;;30.06.2010;192.79;;31.12.2009;1695.47;;30.11.2010;6067.96;;31.12.2009;83.14;;31.12.2009;26.828;;30.06.2010;2544.11;;29.04.2011;0.08867;;31.12.2009;139.69;;31.12.2009;226.98;;31.12.2009;221.67;;31.10.2011;268.87;;31.03.2010;101.25;;28.04.2012;1.0396;;29.06.2012;0.19574;;31.05.2011;112.24;;31.12.2009;52.82;;29.07.2011;2415;;29.01.2010;185.04;;31.12.2009;163.64
29.01.2010;186.18;;30.07.2010;203.1;;29.01.2010;1684.63;;30.12.2010;7169.42;;29.01.2010;88.45;;29.01.2010;25.669;;30.07.2010;2970.23;;31.05.2011;0.08664;;29.01.2010;142.86;;29.01.2010;315.18;;29.01.2010;233.78;;30.11.2011;247.32;;30.04.2010;106.49;;31.05.2012;0.7993;;31.07.2012;0.22733;;30.06.2011;107.45;;29.01.2010;56.14;;31.08.2011;2090;;27.02.2010;167.73;;29.01.2010;151.73
27.02.2010;167.57;;31.08.2010;195.88;;27.02.2010;1575.22;;31.01.2011;7484.03;;27.02.2010;76.29;;27.02.2010;24.427;;31.08.2010;2999.79;;30.06.2011;0.08611;;27.02.2010;140.95;;27.02.2010;306.71;;27.02.2010;235.13;;30.12.2011;233.51;;31.05.2010;93.4;;29.06.2012;0.7891;;31.08.2012;0.20006;;29.07.2011;107.74;;27.02.2010;55.4;;30.09.2011;2150;;31.03.2010;193.09;;27.02.2010;139.58
31.03.2010;171.88;;30.09.2010;203.71;;31.03.2010;1671.49;;28.02.2011;7007.94;;31.03.2010;85.83;;31.03.2010;28.951;;30.09.2010;3578.77;;29.07.2011;0.08317;;31.03.2010;146.14;;31.03.2010;356.04;;31.03.2010;254.52;;31.01.2012;216.34;;30.06.2010;81.96;;31.07.2012;0.8201;;28.09.2012;0.23139;;31.08.2011;108.91;;31.03.2010;68.28;;31.10.2011;2115.4;;30.04.2010;197.97;;31.03.2010;154.09
30.04.2010;170.33;;29.10.2010;215.78;;30.04.2010;1671.3;;31.03.2011;7468;;30.04.2010;78.67;;30.04.2010;29.331;;29.10.2010;3592.65;;31.08.2011;0.07504;;30.04.2010;144.7;;30.04.2010;349.9;;30.04.2010;266.66;;29.02.2012;237.78;;30.07.2010;94.13;;31.08.2012;0.8158;;31.10.2012;0.20446;;30.09.2011;102.99;;30.04.2010;62;;30.11.2011;2005;;31.05.2010;199.98;;30.04.2010;159.21
31.05.2010;160.01;;30.11.2010;208.3;;31.05.2010;1523.63;;29.04.2011;7643;;31.05.2010;71.05;;31.05.2010;28.358;;30.11.2010;3631;;30.09.2011;0.06693;;31.05.2010;139.61;;31.05.2010;308.63;;31.05.2010;233.25;;30.03.2012;222.93;;31.08.2010;90.12;;28.09.2012;0.8561;;30.11.2012;0.20932;;31.10.2011;91.04;;31.05.2010;57.03;;30.12.2011;1675.1;;30.06.2010;209.43;;31.05.2010;121.04
30.06.2010;149.37;;30.12.2010;218.7;;30.06.2010;1621.56;;31.05.2011;7023;;30.06.2010;76.68;;30.06.2010;27.921;;30.12.2010;4061.57;;31.10.2011;0.07336;;30.06.2010;139.98;;30.06.2010;276.13;;30.06.2010;236.94;;28.04.2012;221.74;;30.09.2010;109.59;;31.10.2012;0.7727;;28.12.2012;0.20125;;30.11.2011;82.24;;30.06.2010;57.15;;31.01.2012;1712.6;;30.07.2010;218.59;;30.06.2010;118.02
30.07.2010;162.89;;31.01.2011;254.61;;30.07.2010;1722.55;;30.06.2011;7297;;30.07.2010;84.45;;30.07.2010;30.721;;31.01.2011;3903.21;;30.11.2011;0.06767;;30.07.2010;146.76;;30.07.2010;320.28;;30.07.2010;240.68;;31.05.2012;230.94;;29.10.2010;106.39;;30.11.2012;0.7347;;31.01.2013;0.21626;;30.12.2011;77.46;;30.07.2010;60.59;;29.02.2012;1855.1;;31.08.2010;216.74;;30.07.2010;122.78
31.08.2010;158.72;;28.02.2011;271.85;;31.08.2010;1632.82;;29.07.2011;7407;;31.08.2010;78.3;;31.08.2010;28.919;;28.02.2011;3787.42;;30.12.2011;0.05884;;31.08.2010;141.45;;31.08.2010;333.78;;31.08.2010;249.12;;29.06.2012;248.6;;30.11.2010;117.52;;28.12.2012;0.7338;;28.02.2013;0.19094;;31.01.2012;73.72;;31.08.2010;60.99;;30.03.2012;1800.9;;30.09.2010;234.91;;31.08.2010;115.39
30.09.2010;159.96;;31.03.2011;260.17;;30.09.2010;1731.27;;31.08.2011;7216;;30.09.2010;86.02;;30.09.2010;29.342;;31.03.2011;3981.9;;31.01.2012;0.07058;;30.09.2010;146.59;;30.09.2010;403.31;;30.09.2010;250.64;;31.07.2012;269.21;;30.12.2010;144.67;;31.01.2013;0.7558;;29.03.2013;0.16129;;29.02.2012;80.89;;30.09.2010;66.41;;28.04.2012;1725;;29.10.2010;248.1;;30.09.2010;118.56
29.10.2010;168.96;;29.04.2011;244.19;;29.10.2010;1726.76;;30.09.2011;6991;;29.10.2010;101.34;;29.10.2010;30.281;;29.04.2011;3636.6;;29.02.2012;0.07249;;29.10.2010;147.89;;29.10.2010;377.19;;29.10.2010;249.97;;31.08.2012;247.89;;31.01.2011;128.03;;28.02.2013;0.6899;;30.04.2013;0.12036;;30.03.2012;74.67;;29.10.2010;75.76;;31.05.2012;1460;;30.11.2010;268.3;;29.10.2010;120.51
30.11.2010;174.41;;31.05.2011;242.22;;30.11.2010;1739.82;;31.10.2011;5966;;30.11.2010;101.75;;30.11.2010;29.612;;31.05.2011;3931.7;;30.03.2012;0.06686;;30.11.2010;148.21;;30.11.2010;401.13;;30.11.2010;254.08;;28.09.2012;258.17;;28.02.2011;131.8;;29.03.2013;0.6132;;31.05.2013;0.11971;;28.04.2012;70.93;;30.11.2010;79.92;;29.06.2012;1431.6;;30.12.2010;335.77;;30.11.2010;124.79
30.12.2010;193.62;;30.06.2011;236.17;;30.12.2010;1732.02;;30.11.2011;5444;;30.12.2010;104.36;;30.12.2010;32.244;;30.06.2011;3759.9;;28.04.2012;0.06322;;30.12.2010;146.28;;30.12.2010;464.44;;30.12.2010;259.88;;31.10.2012;247.24;;31.03.2011;125.1;;30.04.2013;0.5552;;28.06.2013;0.10158;;31.05.2012;75.77;;30.12.2010;79.75;;31.07.2012;1421.1;;31.01.2011;310.63;;30.12.2010;128.27
31.01.2011;197;;29.07.2011;235.75;;31.01.2011;1829.93;;30.12.2011;4943;;31.01.2011;105.83;;31.01.2011;33.223;;29.07.2011;3950.6;;31.05.2012;0.05296;;31.01.2011;161.28;;31.01.2011;483.94;;31.01.2011;249.53;;30.11.2012;230.16;;29.04.2011;106.67;;31.05.2013;0.4712;;31.07.2013;0.11138;;29.06.2012;73.75;;31.01.2011;77.62;;31.08.2012;1494;;28.02.2011;371.86;;31.01.2011;131.41
28.02.2011;211.1;;31.08.2011;227.74;;28.02.2011;2038.18;;31.01.2012;5833;;28.02.2011;102.09;;28.02.2011;33.33;;31.08.2011;3183.2;;29.06.2012;0.05711;;28.02.2011;173.48;;28.02.2011;491.7;;28.02.2011;247.04;;28.12.2012;234.9;;31.05.2011;103.31;;28.06.2013;0.5001;;30.08.2013;0.10546;;31.07.2012;72.81;;28.02.2011;73.12;;28.09.2012;1350;;31.03.2011;377.54;;28.02.2011;155.73
31.03.2011;229.05;;30.09.2011;189.84;;31.03.2011;2032.2;;29.02.2012;5777;;31.03.2011;106.79;;31.03.2011;30.847;;30.09.2011;2757.4;;31.07.2012;0.05299;;31.03.2011;183.22;;31.03.2011;499.76;;31.03.2011;258.98;;31.01.2013;228.08;;30.06.2011;108.36;;31.07.2013;0.5734;;30.09.2013;0.09881;;31.08.2012;72.89;;31.03.2011;73.4;;31.10.2012;1381;;29.04.2011;357.81;;31.03.2011;149
29.04.2011;231.6;;31.10.2011;218.15;;29.04.2011;1893.4;;30.03.2012;5400;;29.04.2011;99.95;;29.04.2011;28.71;;31.10.2011;3268.7;;31.08.2012;0.05341;;29.04.2011;177.3;;29.04.2011;450.28;;29.04.2011;255.08;;28.02.2013;230.31;;29.07.2011;103.94;;30.08.2013;0.5412;;31.10.2013;0.09803;;28.09.2012;70.47;;29.04.2011;68.64;;30.11.2012;1527.1;;31.05.2011;364.7;;29.04.2011;137.51
31.05.2011;204.56;;30.11.2011;223.77;;31.05.2011;1819.5;;28.04.2012;5201;;31.05.2011;97.61;;31.05.2011;26.713;;30.11.2011;2983.3;;28.09.2012;0.05287;;31.05.2011;161.1;;31.05.2011;454.94;;31.05.2011;235.35;;29.03.2013;231.4;;31.08.2011;87.61;;30.09.2013;0.536;;29.11.2013;0.07956;;31.10.2012;69.12;;31.05.2011;72.78;;28.12.2012;1632.2;;30.06.2011;345.76;;31.05.2011;124.37
30.06.2011;203.87;;30.12.2011;213.98;;30.06.2011;1775.6;;31.05.2012;4924;;30.06.2011;100.06;;30.06.2011;27.61;;30.12.2011;2815.8;;31.10.2012;0.05457;;30.06.2011;179.39;;30.06.2011;460.14;;30.06.2011;229.78;;30.04.2013;225.8;;30.09.2011;66.15;;31.10.2013;0.563;;30.12.2013;0.0902;;30.11.2012;65.35;;30.06.2011;69.25;;31.01.2013;1875.5;;29.07.2011;399.63;;30.06.2011;131.36
29.07.2011;199.36;;31.01.2012;225.23;;29.07.2011;1847.2;;29.06.2012;5383;;29.07.2011;101.66;;29.07.2011;27.839;;31.01.2012;3295.2;;30.11.2012;0.05224;;29.07.2011;184.77;;29.07.2011;478.52;;29.07.2011;240.46;;31.05.2013;231.15;;31.10.2011;82.23;;29.11.2013;0.5712;;31.01.2014;0.08453;;28.12.2012;67.54;;29.07.2011;70.07;;28.02.2013;2036.2;;31.08.2011;373.46;;29.07.2011;139.21
31.08.2011;178.52;;29.02.2012;225.82;;31.08.2011;1737.7;;31.07.2012;5004;;31.08.2011;84.81;;31.08.2011;24.66;;29.02.2012;3652;;28.12.2012;0.05364;;31.08.2011;158.96;;31.08.2011;401.89;;31.08.2011;218.35;;28.06.2013;218.59;;30.11.2011;73.19;;30.12.2013;0.5675;;28.02.2014;0.0715;;31.01.2013;66.22;;31.08.2011;56.87;;29.03.2013;2009.6;;30.09.2011;365.43;;31.08.2011;127.23
30.09.2011;156.07;;30.03.2012;210.05;;30.09.2011;1637.4;;31.08.2012;4773;;30.09.2011;70.54;;30.09.2011;26.035;;30.03.2012;3640.8;;31.01.2013;0.05569;;30.09.2011;134.12;;30.09.2011;305.09;;30.09.2011;177.46;;31.07.2013;143.77;;30.12.2011;62.87;;31.01.2014;0.556;;31.03.2014;0.07699;;28.02.2013;65.5;;30.09.2011;52.42;;30.04.2013;2052.3;;31.10.2011;397.12;;30.09.2011;112.93
31.10.2011;179.35;;28.04.2012;210.18;;31.10.2011;1758.5;;28.09.2012;4952;;31.10.2011;82.03;;31.10.2011;26.196;;28.04.2012;3699.7;;28.02.2013;0.05582;;31.10.2011;151.55;;31.10.2011;396.87;;31.10.2011;193.98;;30.08.2013;157.23;;31.01.2012;74.22;;28.02.2014;0.5618;;30.04.2014;0.05514;;29.03.2013;60.3;;31.10.2011;56.5;;31.05.2013;2078.9;;30.11.2011;418.97;;31.10.2011;127.94
30.11.2011;175.39;;31.05.2012;207.47;;30.11.2011;1723.7;;31.10.2012;4828;;30.11.2011;87.55;;30.11.2011;29.447;;31.05.2012;3326.8;;29.03.2013;0.04973;;30.11.2011;166.8;;30.11.2011;380.64;;30.11.2011;211.15;;30.09.2013;168.37;;29.02.2012;70.04;;31.03.2014;0.559;;30.05.2014;0.05757;;30.04.2013;61.26;;30.11.2011;50.5;;28.06.2013;2172.1;;30.12.2011;393.94;;30.11.2011;139.88
30.12.2011;171.37;;29.06.2012;204.5;;30.12.2011;1703.3;;30.11.2012;4823;;30.12.2011;79.35;;30.12.2011;25.314;;29.06.2012;3897.4;;30.04.2013;0.04922;;30.12.2011;159.09;;30.12.2011;327.23;;30.12.2011;183.48;;31.10.2013;171;;30.03.2012;61.67;;30.04.2014;0.557;;30.06.2014;0.05886;;31.05.2013;63.06;;30.12.2011;50.54;;31.07.2013;1702.2;;31.01.2012;391.73;;30.12.2011;148.18
31.01.2012;184.02;;31.07.2012;195.44;;31.01.2012;1771.6;;28.12.2012;5606;;31.01.2012;90.32;;31.01.2012;28.428;;31.07.2012;4179.7;;31.05.2013;0.04602;;31.01.2012;176.99;;31.01.2012;394.36;;31.01.2012;213.73;;29.11.2013;165.72;;28.04.2012;63.46;;30.05.2014;0.6861;;31.07.2014;0.05259;;28.06.2013;63.74;;31.01.2012;50.05;;30.08.2013;1665.7;;29.02.2012;399.41;;31.01.2012;148.83
29.02.2012;193.91;;31.08.2012;193.09;;29.02.2012;1875.3;;31.01.2013;5981;;29.02.2012;100.11;;29.02.2012;30.41;;31.08.2012;4187.5;;28.06.2013;0.04691;;29.02.2012;193.95;;29.02.2012;401.35;;29.02.2012;223.83;;30.12.2013;171.9;;31.05.2012;52.64;;30.06.2014;0.67;;29.08.2014;0.054;;31.07.2013;70.98;;29.02.2012;50.63;;30.09.2013;1666.3;;30.03.2012;388.4;;29.02.2012;156.95
30.03.2012;181.08;;28.09.2012;210.72;;30.03.2012;1782.7;;28.02.2013;5416;;30.03.2012;94.64;;30.03.2012;29.04;;28.09.2012;4153.3;;31.07.2013;0.04661;;30.03.2012;196.95;;30.03.2012;352.41;;30.03.2012;229.38;;31.01.2014;170.37;;29.06.2012;52.51;;31.07.2014;0.6168;;30.09.2014;0.05645;;30.08.2013;65.44;;30.03.2012;47.75;;31.10.2013;1682.7;;28.04.2012;378.58;;30.03.2012;156.39
28.04.2012;169.17;;31.10.2012;232.77;;28.04.2012;1797.4;;29.03.2013;5246;;28.04.2012;94.03;;28.04.2012;28.907;;31.10.2012;4468.2;;30.08.2013;0.0446;;28.04.2012;181.66;;28.04.2012;359.13;;28.04.2012;233.5;;28.02.2014;165.28;;31.07.2012;53.24;;29.08.2014;0.6933;;31.10.2014;0.05361;;30.09.2013;63.94;;28.04.2012;48.81;;29.11.2013;1462.8;;31.05.2012;290.91;;28.04.2012;140.6
31.05.2012;147.23;;30.11.2012;244.55;;31.05.2012;1729.1;;30.04.2013;5152;;31.05.2012;81.76;;31.05.2012;24.862;;30.11.2012;4493.2;;30.09.2013;0.04255;;31.05.2012;167.22;;31.05.2012;329.38;;31.05.2012;225.61;;31.03.2014;167.74;;31.08.2012;55.83;;30.09.2014;0.7036;;28.11.2014;0.0536;;31.10.2013;63.09;;31.05.2012;43.84;;30.12.2013;1166.9;;29.06.2012;326.71;;31.05.2012;132.5
29.06.2012;153.85;;28.12.2012;270.11;;29.06.2012;1801.4;;31.05.2013;4640;;29.06.2012;86.39;;29.06.2012;26.711;;28.12.2012;4826.3;;31.10.2013;0.04445;;29.06.2012;180.26;;29.06.2012;339.77;;29.06.2012;234.98;;30.04.2014;157.5;;28.09.2012;62.07;;31.10.2014;0.693;;30.12.2014;0.04569;;29.11.2013;64.01;;29.06.2012;43.47;;31.01.2014;1120.1;;31.07.2012;347.05;;29.06.2012;147.85
31.07.2012;150.44;;31.01.2013;266.46;;31.07.2012;1826.5;;28.06.2013;4747;;31.07.2012;89.68;;31.07.2012;27.093;;31.01.2013;5651;;29.11.2013;0.04625;;31.07.2012;197.2;;31.07.2012;325.08;;31.07.2012;247.7;;30.05.2014;155.06;;31.10.2012;58.96;;28.11.2014;0.6;;30.01.2015;0.04982;;30.12.2013;71.5;;31.07.2012;41.63;;28.02.2014;950;;31.08.2012;364.16;;31.07.2012;155.13
31.08.2012;157.21;;28.02.2013;244.42;;31.08.2012;1836.1;;31.07.2013;4440;;31.08.2012;93.24;;31.08.2012;27.979;;28.02.2013;5698.6;;30.12.2013;0.04964;;31.08.2012;195.69;;31.08.2012;330.45;;31.08.2012;242.23;;30.06.2014;156;;30.11.2012;62.35;;30.12.2014;0.5415;;27.02.2015;0.07535;;31.01.2014;67;;31.08.2012;42.53;;31.03.2014;1230.1;;28.09.2012;347.37;;31.08.2012;151.48
28.09.2012;157.82;;29.03.2013;238.73;;28.09.2012;1930.6;;30.08.2013;4367;;28.09.2012;91.08;;28.09.2012;28.164;;29.03.2013;5935.8;;31.01.2014;0.04556;;28.09.2012;202.46;;28.09.2012;352.23;;28.09.2012;229.15;;31.07.2014;136.36;;28.12.2012;61.15;;30.01.2015;0.5251;;;;;28.02.2014;82.5;;28.09.2012;43.43;;30.04.2014;1190.8;;31.10.2012;340.53;;28.09.2012;152.59
31.10.2012;145;;30.04.2013;214.3;;31.10.2012;1904.4;;30.09.2013;4670;;31.10.2012;91.82;;31.10.2012;27.284;;30.04.2013;6625.7;;28.02.2014;0.04225;;31.10.2012;196.97;;31.10.2012;344.52;;31.10.2012;230.77;;29.08.2014;133.57;;31.01.2013;63.43;;27.02.2015;0.6448;;;;;31.03.2014;80.84;;31.10.2012;39.94;;30.05.2014;1100;;30.11.2012;331.67;;31.10.2012;153.3
30.11.2012;138.8;;31.05.2013;210.76;;30.11.2012;1939.3;;31.10.2013;4880;;30.11.2012;91.4;;30.11.2012;26.207;;31.05.2013;7143.6;;31.03.2014;0.0396;;30.11.2012;197.41;;30.11.2012;316.65;;30.11.2012;231.54;;30.09.2014;139.85;;28.02.2013;58.8;;;;;;;;30.04.2014;82.31;;30.11.2012;42.98;;30.06.2014;1217.1;;28.12.2012;345.96;;30.11.2012;140.88
28.12.2012;143.91;;28.06.2013;226.9;;28.12.2012;2009.1;;29.11.2013;4985;;28.12.2012;92.92;;28.12.2012;26.843;;28.06.2013;7516;;30.04.2014;0.03865;;28.12.2012;217.96;;28.12.2012;330.99;;28.12.2012;245.99;;31.10.2014;154;;29.03.2013;49.03;;;;;;;;30.05.2014;93.98;;28.12.2012;44.88;;31.07.2014;1180;;31.01.2013;334.11;;28.12.2012;142.52
31.01.2013;142.05;;31.07.2013;234.94;;31.01.2013;2020.8;;30.12.2013;5400;;31.01.2013;109.38;;31.01.2013;31.482;;31.07.2013;8024.7;;30.05.2014;0.0479;;31.01.2013;221.41;;31.01.2013;337.8;;31.01.2013;256.36;;28.11.2014;132.8;;30.04.2013;51.62;;;;;;;;30.06.2014;79.45;;31.01.2013;53.53;;29.08.2014;1231.9;;28.02.2013;328.19;;31.01.2013;146.59
28.02.2013;137.33;;30.08.2013;246.82;;28.02.2013;1972.6;;31.01.2014;5380;;28.02.2013;104.46;;28.02.2013;28.828;;30.08.2013;7413.9;;30.06.2014;0.0411;;28.02.2013;203.08;;28.02.2013;306.16;;28.02.2013;266.63;;30.12.2014;128.4;;31.05.2013;44.75;;;;;;;;31.07.2014;78.26;;28.02.2013;53.13;;30.09.2014;1360.3;;29.03.2013;314.91;;28.02.2013;137.75
29.03.2013;134.08;;30.09.2013;262.81;;29.03.2013;2003.1;;28.02.2014;5989;;29.03.2013;98.83;;29.03.2013;27.827;;30.09.2013;8205.9;;31.07.2014;0.0398;;29.03.2013;206.9;;29.03.2013;250.69;;29.03.2013;276.06;;30.01.2015;174.7;;28.06.2013;43.19;;;;;;;;29.08.2014;96.73;;29.03.2013;52.7;;31.10.2014;1240;;30.04.2013;291.38;;29.03.2013;131.58
30.04.2013;124.15;;31.10.2013;254.47;;30.04.2013;1970.3;;31.03.2014;5865;;30.04.2013;99.02;;30.04.2013;26.681;;31.10.2013;8630.1;;29.08.2014;0.0384;;30.04.2013;199.04;;30.04.2013;234.37;;30.04.2013;274.14;;27.02.2015;169.75;;31.07.2013;47.81;;;;;;;;30.09.2014;117.2;;30.04.2013;53.74;;28.11.2014;1195;;31.05.2013;320.15;;30.04.2013;125.79
31.05.2013;122.45;;29.11.2013;238.59;;31.05.2013;1878.2;;30.04.2014;6405;;31.05.2013;98.73;;31.05.2013;24.394;;29.11.2013;9200;;30.09.2014;0.03804;;31.05.2013;181.55;;31.05.2013;232.76;;31.05.2013;254.29;;;;;30.08.2013;53.49;;;;;;;;31.10.2014;150;;31.05.2013;51.8;;30.12.2014;915;;28.06.2013;348.68;;31.05.2013;121.45
28.06.2013;108.85;;30.12.2013;251.54;;28.06.2013;1887.5;;30.05.2014;6656;;28.06.2013;93.5;;28.06.2013;25.608;;30.12.2013;9218.4;;31.10.2014;0.03993;;28.06.2013;196.07;;28.06.2013;187.59;;28.06.2013;259.06;;;;;30.09.2013;52.13;;;;;;;;28.11.2014;178;;28.06.2013;56.51;;30.01.2015;920;;31.07.2013;356.44;;28.06.2013;117.41
31.07.2013;128.67;;31.01.2014;244.49;;31.07.2013;1949.7;;30.06.2014;6719;;31.07.2013;95.22;;31.07.2013;26.164;;31.01.2014;8395;;28.11.2014;0.0467;;31.07.2013;203.68;;31.07.2013;221.92;;31.07.2013;273.84;;;;;31.10.2013;54.96;;;;;;;;30.12.2014;187.3;;31.07.2013;57.36;;27.02.2015;1135;;30.08.2013;361.5;;31.07.2013;117.77
30.08.2013;131.54;;28.02.2014;244.2;;30.08.2013;1924.6;;31.07.2014;7060;;30.08.2013;88.16;;30.08.2013;26.129;;28.02.2014;8788.7;;30.12.2014;0.067;;30.08.2013;208.8;;30.08.2013;247.28;;30.08.2013;287.81;;;;;29.11.2013;53.73;;;;;;;;30.01.2015;189.7;;30.08.2013;48.72;;;;;30.09.2013;386;;30.08.2013;135.45
30.09.2013;143.89;;31.03.2014;234.53;;30.09.2013;2050.2;;29.08.2014;7230;;30.09.2013;97.7;;30.09.2013;28.489;;31.03.2014;8100;;30.01.2015;0.06894;;30.09.2013;210.5;;30.09.2013;253.02;;30.09.2013;323;;;;;30.12.2013;55.18;;;;;;;;27.02.2015;195;;30.09.2013;54.65;;;;;31.10.2013;412.09;;30.09.2013;141.58
31.10.2013;150.48;;30.04.2014;222.62;;31.10.2013;2104;;30.09.2014;7320;;31.10.2013;102.8;;31.10.2013;28.23;;30.04.2014;7066.8;;27.02.2015;0.068;;31.10.2013;221;;31.10.2013;251.67;;31.10.2013;337.6;;;;;31.01.2014;51.78;;;;;;;;;;;31.10.2013;57.4;;;;;29.11.2013;399;;31.10.2013;145.12
29.11.2013;142.86;;30.05.2014;226;;29.11.2013;2041.1;;31.10.2014;8033;;29.11.2013;103.27;;29.11.2013;27.38;;30.05.2014;8810;;;;;29.11.2013;202.81;;29.11.2013;270.22;;29.11.2013;313.98;;;;;28.02.2014;48.28;;;;;;;;;;;29.11.2013;60.49;;;;;30.12.2013;399.7;;29.11.2013;148.35
30.12.2013;138.75;;30.06.2014;249.3;;30.12.2013;2040;;28.11.2014;8820;;30.12.2013;101.05;;30.12.2013;28.315;;30.06.2014;8860;;;;;30.12.2013;207.64;;30.12.2013;285.91;;30.12.2013;328.16;;;;;31.03.2014;44.02;;;;;;;;;;;30.12.2013;83.81;;;;;31.01.2014;393.47;;30.12.2013;146.77
31.01.2014;145.05;;31.07.2014;223;;31.01.2014;1983.1;;30.12.2014;8080;;31.01.2014;94.8;;31.01.2014;27;;31.07.2014;9150;;;;;31.01.2014;194.45;;31.01.2014;253.37;;31.01.2014;288.5;;;;;30.04.2014;41.04;;;;;;;;;;;31.01.2014;84.77;;;;;28.02.2014;412;;31.01.2014;141.57
28.02.2014;140;;29.08.2014;226;;28.02.2014;1967.6;;30.01.2015;11610;;28.02.2014;91.1;;28.02.2014;27.611;;29.08.2014;9099;;;;;28.02.2014;212;;28.02.2014;267;;28.02.2014;277;;;;;30.05.2014;47;;;;;;;;;;;28.02.2014;71.2;;;;;31.03.2014;351;;28.02.2014;142.8
31.03.2014;135.5;;30.09.2014;232;;31.03.2014;1960;;27.02.2015;11182;;31.03.2014;83.8;;31.03.2014;25.854;;30.09.2014;9920;;;;;31.03.2014;200;;31.03.2014;238.86;;31.03.2014;271;;;;;30.06.2014;47.38;;;;;;;;;;;31.03.2014;55.2;;;;;30.04.2014;341.4;;31.03.2014;143.96
30.04.2014;128.77;;31.10.2014;239.9;;30.04.2014;1880.1;;;;;30.04.2014;72.5;;30.04.2014;24.9;;31.10.2014;11900;;;;;30.04.2014;203.39;;30.04.2014;223.08;;30.04.2014;258.5;;;;;31.07.2014;47.5;;;;;;;;;;;30.04.2014;50.92;;;;;30.05.2014;370;;30.04.2014;138.52
30.05.2014;141.7;;28.11.2014;233.74;;30.05.2014;1968;;;;;30.05.2014;84.5;;30.05.2014;25.089;;28.11.2014;11795;;;;;30.05.2014;202.1;;30.05.2014;263.95;;30.05.2014;282.5;;;;;29.08.2014;53.26;;;;;;;;;;;30.05.2014;55.15;;;;;30.06.2014;420;;30.05.2014;140.24
30.06.2014;148.96;;30.12.2014;195.8;;30.06.2014;2036;;;;;30.06.2014;84.5;;30.06.2014;26.436;;30.12.2014;9701;;;;;30.06.2014;221.88;;30.06.2014;250.06;;30.06.2014;302.01;;;;;30.09.2014;57.62;;;;;;;;;;;30.06.2014;56.43;;;;;31.07.2014;365.5;;30.06.2014;150.5
31.07.2014;132;;30.01.2015;229.35;;31.07.2014;2000.9;;;;;31.07.2014;73.6;;31.07.2014;24.86;;30.01.2015;10590;;;;;31.07.2014;212.9;;31.07.2014;307.42;;31.07.2014;275.91;;;;;31.10.2014;55.055;;;;;;;;;;;31.07.2014;50.55;;;;;29.08.2014;368;;31.07.2014;133.02
29.08.2014;131.95;;27.02.2015;265.85;;29.08.2014;2055;;;;;29.08.2014;73.21;;29.08.2014;25.525;;27.02.2015;11305;;;;;29.08.2014;228;;29.08.2014;322.21;;29.08.2014;281.87;;;;;28.11.2014;60.43;;;;;;;;;;;29.08.2014;46.73;;;;;30.09.2014;408.77;;29.08.2014;141.45
30.09.2014;137.9;;;;;30.09.2014;2015;;;;;30.09.2014;75.52;;30.09.2014;26.04;;;;;;;;30.09.2014;232;;30.09.2014;352.68;;30.09.2014;274;;;;;30.12.2014;66.79;;;;;;;;;;;30.09.2014;43.25;;;;;31.10.2014;442.05;;30.09.2014;144.2
31.10.2014;141.5;;;;;31.10.2014;2120;;;;;31.10.2014;76.23;;31.10.2014;28.795;;;;;;;;31.10.2014;259.8;;31.10.2014;409.68;;31.10.2014;255;;;;;30.01.2015;91.995;;;;;;;;;;;31.10.2014;38.2;;;;;28.11.2014;460;;31.10.2014;151.7
28.11.2014;142.86;;;;;28.11.2014;2291.7;;;;;28.11.2014;72.25;;28.11.2014;29.2;;;;;;;;28.11.2014;248.65;;28.11.2014;454.75;;28.11.2014;251;;;;;27.02.2015;81.1;;;;;;;;;;;28.11.2014;41.78;;;;;30.12.2014;434.6;;28.11.2014;157.9
30.12.2014;130.31;;;;;30.12.2014;2225;;;;;30.12.2014;54.9;;30.12.2014;23.52;;;;;;;;30.12.2014;228.5;;30.12.2014;501.9;;30.12.2014;169.05;;;;;;;;;;;;;;;;;30.12.2014;32.23;;;;;30.01.2015;460;;30.12.2014;143
30.01.2015;143.82;;;;;30.01.2015;2789.9;;;;;30.01.2015;61.5;;30.01.2015;31.1;;;;;;;;30.01.2015;270.15;;30.01.2015;642.35;;30.01.2015;217.85;;;;;;;;;;;;;;;;;30.01.2015;38.25;;;;;27.02.2015;503.7;;30.01.2015;156.9
27.02.2015;152.95;;;;;27.02.2015;2981.2;;;;;27.02.2015;75.91;;27.02.2015;34.2;;;;;;;;27.02.2015;316;;27.02.2015;682;;27.02.2015;249;;;;;;;;;;;;;;;;;27.02.2015;39.19;;;;;;;;27.02.2015;172.6
