Date 1,GOLL4.BS.Equity,GOAU4.BS.Equity,GFSA3.BS.Equity,OIBR4.BS.Equity,RUMO3.BS.Equity,ELET3.BS.Equity,POMO4.BS.Equity,ECOR3.BS.Equity,USIM5.BS.Equity,DTEX3.BS.Equity,ELET6.BS.Equity,MRVE3.BS.Equity,HGTX3.BS.Equity,BRAP4.BS.Equity,CSNA3.BS.Equity,CYRE3.BS.Equity,MRFG3.BS.Equity,CSAN3.BS.Equity,ENBR3.BS.Equity,SMLE3.BS.Equity,CESP6.BS.Equity,CPLE6.BS.Equity,BRPR3.BS.Equity,MULT3.BS.Equity,BRKM5.BS.Equity,ESTC3.BS.Equity,RENT3.BS.Equity,NATU3.BS.Equity,QUAL3.BS.Equity,GGBR4.BS.Equity,CPFE3.BS.Equity,SBSP3.BS.Equity,BRML3.BS.Equity,SANB11.BS.Equity,HYPE3.BS.Equity,CMIG4.BS.Equity,LAME4.BS.Equity,TBLE3.BS.Equity,TIMP3.BS.Equity,KLBN11.BS.Equity,SUZB5.BS.Equity,CTIP3.BS.Equity,PCAR4.BS.Equity,CRUZ3.BS.Equity,FIBR3.BS.Equity,BBDC3.BS.Equity,KROT3.BS.Equity,LREN3.BS.Equity,CCRO3.BS.Equity,VIVT4.BS.Equity,BBAS3.BS.Equity,EMBR3.BS.Equity,BVMF3.BS.Equity,VALE3.BS.Equity,BBSE3.BS.Equity,UGPA3.BS.Equity,JBSS3.BS.Equity,VALE5.BS.Equity,PETR3.BS.Equity,ITSA4.BS.Equity,CIEL3.BS.Equity,PETR4.BS.Equity,BRFS3.BS.Equity,BBDC4.BS.Equity,ABEV3.BS.Equity,ITUB4.BS.Equity
2011-12-02,14.08,17.42,5.49,81.45,0,16.94,3.935,13.09,10.62,7.545,24.38,12.45,36,33.2,14.82,15.88,7.97,24.603,12.562,0,29.801,35.57,12.97,37.07,13.71,6.213,24.72,36.54,15.25,13.84,21.949,16.467,18.95,12.978,8.39,12.345,9.556,27.83,8.539,0,7.14,26.12,66.696,22.737,13.45,19.101,2.45,53.15,11.43,48.45,24.88,11.38,10.55,42.42,0,31.67,5.9,39.91,24.63,7.281,13.597,22.53,36.35,23.226,12.352,24.996
2011-12-09,15.7,17.79,5.31,78.965,0,17.28,3.74,12.94,10.49,7.496,25.34,12.03,36.91,32.74,15.04,15.522,8.79,24.889,12.529,0,29.925,37.44,13.282,38.99,13.88,6.467,25.282,35.9,14.95,14.03,23.044,16.433,18.7,13.165,8.8,13.035,9.374,29.2,8.717,0,7.19,26.979,67.176,23.147,13.5,19.07,2.396,53.06,11.7,47.55,24.2,11.13,10.1,41.23,0,32,5.58,39.12,24.75,7.501,13.672,23.02,37.38,23.627,12.83,25.695
2011-12-16,13.91,17.61,5.09,77.356,0,17.37,3.485,13.15,10,7.281,26.01,11.87,37.53,30.65,13.89,15.681,8.4,23.843,12.989,0,31.182,37.4,12.715,36.5,13.4,6.417,24.683,35.5,14.7,13.85,24.129,16.57,18.5,12.756,8.94,13.681,9.387,29.75,9.035,0,6.68,26.679,64.996,23.227,12.97,18.231,2.35,51,11.77,49.52,22.7,10.85,9.9,39.2,0,31.25,5.8,37.46,22.8,7.341,13.576,21.3,35.7,22.409,13.184,24.944
2011-12-23,12.8,18.24,4.25,82.255,0,18.16,3.345,13.38,10.48,7.438,26.93,10.75,33.6,32.3,14.99,15.065,8.75,23.896,13.545,0,32.525,39.9,12.751,36.35,13.68,6,23.937,36.65,16,14.62,25.447,17.217,18.06,13.449,8.64,14.513,9.293,30.7,9.302,0,6.89,26.979,66.246,23.197,14.45,19.207,2.275,50.25,12.05,51.12,23.93,11.3,10.11,40.95,0,31.65,6.64,38.95,23.9,7.641,13.744,22.22,36.6,23.438,13.31,26.063
2011-12-30,12.44,17.91,4.12,79.549,0,17.84,3.545,13.95,10.15,7.372,26.85,10.7,32.46,31.69,14.98,14.737,8.54,24.156,13.647,0,31.477,38.9,13.105,38.27,12.8,5.997,23.578,36.26,16.75,14.5,25.215,17.343,18.12,13.298,8.5,14.57,8.949,29.96,9.164,0,6.74,26.929,66.986,22.907,13.87,19.131,2.299,48.41,12.22,51.9,23.7,11.76,9.8,39.45,0,32.01,6.08,37.82,23,7.528,13.947,21.49,36.42,23.264,13.452,25.537
2012-01-06,12.12,19.67,4.39,83.059,0,18.14,3.7,12.78,10.4,7.438,26.97,11.63,35.75,32.59,15.83,15.373,8.94,24.245,13.565,0,30.572,38.2,12.751,36.3,12.92,5.9,23.946,36.9,17.25,15.8,25.166,17.833,18.11,13.422,10.25,14.448,9.293,30.69,9.471,0,6.72,25.93,66.626,22.697,14.33,19.358,2.234,52.7,11.84,50.48,23.21,11.98,10.14,41.5,0,33.29,6.07,39.46,24,7.675,13.802,22.33,36.59,23.907,12.79,26.236
2012-01-13,12.05,20.18,4.2,78.233,0,17.63,3.665,12.72,10.96,7.512,26.15,12.03,37.56,31.92,16.37,15.045,8.38,24.549,13.318,0,30.372,37.34,12.375,35.6,12.89,5.917,23.569,37.84,16.25,16.4,24.614,17.607,18,13.867,9.89,14.338,9.387,31.4,9.392,0,6.87,26.279,69.365,22.287,14.7,19.108,2.213,53.8,11.53,50,24.7,11.77,10.11,40.45,0,34.45,5.42,38.95,25.37,7.775,14.146,23.05,35,23.612,12.792,26.672
2012-01-20,12.36,21.29,4.31,79.403,0,17.58,3.845,12.6,11.48,8.198,25.55,13.92,40.2,33.84,17.9,16.128,8.3,24.782,13.098,0,31.077,38.1,13.105,37.4,14.31,6.667,25.835,39.4,17.27,16.74,24.662,18.06,19.17,14.613,11.5,14.982,10.013,30.95,9.669,0,7.43,26.929,71.635,22.117,15.3,20.198,2.388,57.61,11.61,51.11,26.1,12.15,10.4,42.92,0,34.92,6.02,40.99,26.35,8.035,14.954,24.22,35.3,24.422,12.982,27.874
2012-01-27,12.26,21.15,4.49,80.281,0,17.48,3.92,12.45,11.71,8.025,24.81,14.13,41.7,33.6,18.3,16.694,8.19,24.782,13.292,0,31.525,38.8,13.353,39.2,15.9,6.75,26.065,38.29,17.3,16.86,24.614,18.7,19.46,14.951,10.5,14.978,10.275,29.95,9.56,0,7.47,26.329,72.485,22.697,14.8,20.364,2.5,57.85,11.88,48.64,27.05,11.8,10.89,43.04,0,34.25,5.99,41.32,26.86,7.781,14.786,24.67,34.67,24.936,12.732,27.13
2012-02-03,13.03,22.84,5.11,82.401,0,17.64,4.155,12.65,12,8.529,25.13,14.28,42.25,36.1,18.65,17.449,8.2,25.811,13.154,0,31.753,40,13.743,41.6,15.75,6.847,27.124,39.74,17.1,18.16,24.808,19.427,20.61,15.529,11.4,15.437,10.701,29.5,9.451,0,8.19,28.877,74.634,23.737,15.18,19.812,2.725,60.83,12.78,47.5,27.3,12.07,11.84,45.87,0,36.4,6.6,43.83,26.86,7.828,15.909,24.61,34.66,24.021,13.06,26.927
2012-02-10,12.38,21.92,4.95,80.427,0,18.99,4.295,13.67,11.85,7.992,26.86,13.52,41.65,36.03,17.88,16.624,8.53,26.097,13.071,0,35.001,41,14.203,40,15.2,6.667,27.631,40.7,17,17.6,25.651,19.86,20.35,15.547,11.94,16.335,10.826,29.88,9.312,0,8.13,29.207,73.984,23.167,15.53,19.403,2.675,59.83,12.8,47.89,26.08,12.21,11.6,44.33,0,35.9,7.13,42.63,25.25,7.928,15.914,23.5,33.85,23.385,12.812,27.273
2012-02-17,14.96,22.47,5.39,80.281,0,19.36,4.25,14.68,11.98,8.19,27.37,14.44,44.7,35.43,17.5,18.62,9.83,27.734,13.4,0,35.858,41.64,14.805,39.45,15.5,6.8,28.966,41.45,17.03,17.72,26.697,21.507,22.89,16.409,12.52,16.878,11.383,30.5,9.808,0,8.49,29.987,79.183,23.657,16.5,19.765,2.813,64.75,13.89,51.3,28,13.08,11.76,42.93,0,37.51,7.03,41.99,25.36,8.008,17.011,24.05,35.96,23.341,13.382,27.543
2012-02-24,14.32,22.69,5.16,80.207,0,18.97,4.165,13.99,11.86,8.025,26.77,13.91,45.35,35.9,17.59,17.876,9.23,27.054,13.45,0,35.315,42,14.855,38,15.54,6.63,29.933,41.37,15.95,17.78,26.629,21.367,21.37,15.894,11.36,17.027,11.239,30.1,10.354,0,8.26,31.276,77.853,24.697,15.33,19.5,2.938,63.58,13.7,50.86,27.35,12.99,11.72,44.09,0,38.1,7.03,42.97,25.95,7.862,17.332,24.48,34.91,23.008,13.591,27.047
2012-03-02,14.5,23.7,5.05,86.13,0,18.88,4.475,14.63,12.18,7.901,26.3,14.5,46.55,36.45,18.23,18.799,10.34,28.173,14.005,0,35.715,45.52,15.584,40,16.3,6.89,30.145,41.43,15.15,18.36,26.988,22.257,22.31,17.289,12.1,17.518,10.945,30.74,10.413,0,8.73,32.575,80.463,27.057,15.85,20.682,3.004,64.32,13.91,51.8,28.6,12.99,12.03,44.45,0,39.5,8.07,43.3,26.6,8.255,18.226,25.3,35.28,24.295,13.831,28.325
2012-03-09,14.46,23.04,5.21,82.767,0,18.3,4.455,15.54,12.01,8.397,25.71,14.5,48.72,33.65,17.94,18.372,11.31,28.226,13.943,0,35.706,43.85,16.76,43.53,15.15,6.633,30.992,41.35,14.64,17.86,28.228,22.1,24,16.631,11.45,18.118,11.033,32.61,10.681,0,8.1,33.274,86.482,28.046,15.57,21.25,2.844,66.25,14.43,54.67,28.73,13.01,12.51,41.11,0,39.8,8.2,39.93,24.87,8.335,17.894,23.71,36.5,24.674,14.725,28.866
2012-03-16,14.57,24.2,5.12,87.519,0,17.9,4.65,15.52,13.61,9.339,24.15,14.37,47.35,35.35,19.43,17.588,11.46,30.329,13.778,0,34.82,43.83,16.151,43.4,15.52,6.483,31.434,40.22,15.9,19.17,27.695,22.25,23.25,16.765,12.13,18.258,10.582,32.45,11.018,0,8.14,31.625,85.982,27.586,14.99,21.477,2.969,63.73,14.5,55.35,28.88,13.83,12.16,42.97,0,39.94,8.35,41.9,25.2,8.395,17.237,24.35,37.75,25.076,14.651,29.001
2012-03-23,13.31,23.79,4.8,93.076,0,17.43,4.62,15.8,13.1,9.008,23.79,13.8,47.02,34.11,18.14,17.3,10.67,30.248,13.749,0,35.525,44.08,16.647,42.49,14.62,6.55,29.749,40.71,15.49,18.57,26.959,22.43,22.75,15.378,12.95,18.188,10.882,32.84,11.207,0,8.17,30.976,83.972,27.017,14.55,21.265,3.156,64.6,14.8,54.25,26.73,14.17,11.84,41.55,0,40.1,7.73,40.51,24.42,7.868,17.072,23.7,35.9,24.811,15.444,27.273
2012-03-30,12.19,22.49,4.3,89.392,0,17.14,4.675,15.95,12.01,9.512,23.71,12.95,47.15,34.86,17.22,16.038,11.5,30.383,13.772,0,34.934,42.75,16.604,42.65,14.45,6.567,30.946,39.7,15.65,17.46,26.6,23.22,23.79,14.933,12.85,19.099,10.764,32.72,11.554,0,7.81,30.276,86.982,27.996,15,20.697,3.324,62.7,14.78,56.49,25.95,14.64,11.24,42.9,0,40,7.5,41.46,24.3,7.508,17.908,23.35,36,24.159,15.1,26.243
2012-04-06,11.3,22.62,4.13,87.47,0,16.48,4.97,16.61,12.05,9.785,22.45,13.67,48.25,34.48,16.88,17.181,12.08,30.839,13.933,0,35.43,43.94,16.789,42.55,14.49,6.833,31.517,40.24,16.1,17.33,27.298,23.75,24.29,14.098,12.78,20.036,11.008,32,11.802,0,7.52,29.177,86.822,27.736,15.17,19.795,3.213,64.19,15.65,56.4,24.13,15.45,11.2,42.06,0,40.5,7.69,41.12,23.06,7.141,18.837,22,35.01,23.258,14.921,24.793
2012-04-13,10.51,22.35,4.01,80.151,0,15.82,5,16.07,11.24,9.579,22.15,12.59,44.62,35.73,16.69,15.691,11.24,28.28,12.766,0,35.001,44.23,15.896,40.9,13.92,6.767,29.196,42,16.49,17.38,25.195,23.05,22.39,13.956,12.45,20.079,10.889,33.1,11.51,0,7.2,28.977,88.481,27.356,14.86,19.773,3.125,58.5,15.07,55.2,24.5,15.95,10.8,43.8,0,40,7.04,42.85,22.44,6.881,18.808,21.67,33.85,23.242,15.76,23.802
2012-04-20,10.27,23.15,3.87,88.751,0,15.85,5.065,16.26,11.65,9.587,22.15,12.3,46.15,36.1,16.86,16.585,11.01,28.96,12.775,0,35.382,45.34,16.08,43.1,14.75,7.707,31.011,44,17.15,17.9,24.72,23.767,23.46,14.142,12.37,20.912,10.713,32.91,11.09,0,7.57,29.957,89.861,29.296,15.7,19.348,3.24,60.39,15.05,54.21,24.1,16.16,11.11,43.08,0,42.85,7.66,41.93,22.38,7.007,17.26,21.46,34.95,23.03,16.55,24.215
2012-04-27,10.15,23.06,3.58,104.946,0,16.15,5.125,16.04,11.02,9.215,22.75,11.37,46.81,35.91,16.97,15.641,10.73,29.524,13.081,0,34.382,46.59,16.739,45,14.18,7.867,29.933,43.73,16.58,17.8,25.747,24.537,23.62,13.867,12.19,21.187,11.108,32.59,11.26,0,7.24,29.427,88.271,29.676,15.15,19.561,3.409,60.2,14.94,53.7,23.54,16.33,10.71,42.62,0,43.5,7.55,41.5,22.1,6.504,19.34,20.93,35.84,22.803,16.35,22.314
2012-05-04,10.54,21.26,3.83,89.941,0,16,5.125,16.62,10.25,8.686,22.29,12.3,47.41,34.72,15.44,15.671,9.9,29.801,13.2,0,34.077,45.35,16.895,46.61,13.36,8.003,29.482,42.57,17.8,16.44,25.563,24.667,23.9,13.716,11.99,19.434,11.264,34,10.5,0,7.26,30.276,88.497,28.566,15.45,18.742,3.563,61.6,15.9,54.8,22.66,15.83,10.65,41.53,0,41.5,7.3,40.44,21.4,6.401,19.653,20.48,34.04,22.614,15.758,21.638
2012-05-11,10.27,21.41,3.76,86.921,0,16.2,4.905,16.04,10.35,8.926,21.61,11.75,47.15,32.96,14.56,14.837,9.86,29.39,13.308,0,35.382,46.01,16.753,46.51,12.26,8.5,28.736,43,19.1,16.61,25.486,25.333,23,14.4,12.12,20.063,11.216,35.26,10.78,0,6.75,30.057,85.427,27.666,14.45,18.712,3.513,63.75,15.65,53.1,22.26,15.5,10.25,39.1,0,41.8,7.26,38,20.39,6.453,20.955,19.53,33.85,22.326,15.398,21.796
2012-05-18,9.73,19.45,3.01,77.131,0,15.61,4.365,15.6,9.39,8.314,20.8,9.86,42.8,30.79,13.13,14.082,9.65,26.831,12.45,0,32.096,43.96,16.009,43.5,10.91,7.733,27.769,41.22,17.3,15.57,24.575,23.15,21,13.876,11.48,18.892,9.808,34.6,10.1,0,6,28.915,80.687,27.476,13.25,17.477,3.313,58.6,15.42,51.5,20.15,14.81,9.1,36.68,0,39.59,5.87,35.7,19.78,5.998,19.083,19.07,32.2,20.492,15.344,20.428
2012-05-25,8.46,20.13,2.78,73.197,0,12.88,4.825,14.99,9.22,7.959,17.55,9.52,40.4,30.72,13.1,14.747,9.38,26.339,12.262,0,31.925,41.39,15.938,45.07,11.21,7.833,27.409,41.8,17.32,16.15,23.092,23.1,21.69,14.045,10.75,18.749,9.888,33.82,9.66,0,5.57,27.495,79.697,26.197,13.45,18.25,3.406,59.33,14.88,49.15,20.8,14.26,9.51,36.55,0,39.15,6.16,35.73,19.32,6.225,18.194,18.64,31.65,21.712,15.056,21.382
2012-06-01,8.11,19.71,2.4,73.197,0,13.01,4.52,16.06,8.36,8.058,18.28,8.31,39.5,31.17,12.81,14.509,8.72,26.294,12.608,0,32.411,40.89,15.938,46.89,11,8.333,28.552,43.25,17,15.73,23.499,23.697,21.35,14.222,10.4,19.045,9.32,34.3,9.99,0,5.05,28.845,76.498,27.047,12.89,18.712,3.67,57,15.75,48.5,19.95,13.99,9.43,37,0,41.25,5.51,36.12,19.7,6.203,18.837,18.8,30.25,22.318,14.682,21.473
2012-06-08,7.92,20.9,2.48,69.994,0,13.7,4.385,16.2,7.69,7.942,18.87,8.54,42.2,31.41,12.55,15.244,9.6,26.732,12.726,0,32.934,42.32,15.846,45.33,11.05,8,27.713,43.5,16.64,16.8,23.868,23.933,22.28,13.893,11.14,19.559,9.424,35.72,10.14,0,4.87,27.995,75.048,26.667,12.89,18.568,3.575,57.43,15.7,47.39,19.22,13.8,10.29,38.34,0,41.5,5.72,37.33,19.74,6.306,19.622,18.88,32.5,22.629,14.894,21.57
2012-06-15,9.67,22.38,3.03,74.844,0,14.39,4.65,15.95,7.45,8.314,19.8,9.1,40.8,32.49,12.55,15.651,9.65,27.734,12.825,0,33.392,43.93,16.257,47.35,12.11,8,28.441,44.9,17.7,17.9,24.904,24.6,23.3,14.142,12.03,20.194,9.888,36.7,10.8,0,4.38,25.695,75.478,25.677,13.5,19.583,3.575,60.29,16.1,48.15,19.19,13.67,10.74,39.52,0,43.32,5.98,38.4,19.14,6.6,19.028,18.55,32.9,23.795,15.078,22.69
2012-06-22,9.87,20.63,2.9,73.197,0,13.77,4.36,16.25,6.49,8.471,19.22,9.35,40.8,32.71,11.66,15.095,9.35,26.956,12.43,0,33.43,42.87,16.215,48.36,12.27,8,27.631,47.15,17.7,16.54,24.129,24.833,22.93,13.938,11.9,19.663,9.864,36.09,10.47,0,4.52,25.925,74.998,27.426,13.84,19.015,3.594,57.85,16,48.93,19.88,13.43,9.99,39.71,0,43.4,5.96,38.81,20.16,6.203,19.517,19.55,31.2,22.917,15.116,21.24
2012-06-29,8.92,22.14,2.63,75.484,0,14.25,4.525,16.17,6.32,8.785,19.52,9.3,38.1,32.94,11.38,14.698,9.34,27.725,12.716,0,34.953,44.2,16.789,49.16,13.38,8.1,27.953,47,17.56,17.7,24.614,25.667,23,13.689,11.87,20.545,10.6,37.15,11.16,0,3.97,25.095,79.997,29.476,14.88,18.939,3.631,56.35,16.33,49.98,19.53,13.36,10.25,40.13,0,45.2,6.03,39.16,18.9,6.24,20.514,18.25,30.39,22.682,15.458,21.255
2012-07-06,8.25,22.05,2.44,87.287,0,14.1,4.69,16.05,6.58,9.041,19.56,10.07,37.6,33.4,11.9,14.797,9.42,27.913,12.41,0,35.506,43.84,16.314,50.59,13.15,8.433,28.091,46.22,16.9,17.66,23.548,25.86,22.79,13.813,12.16,20.802,10.544,35.66,11.03,0,4.03,26.115,79.567,28.426,15.17,19.076,3.624,56.3,16.52,51.45,19.44,13.39,11.09,40.79,0,46.8,5.9,39.88,19.88,6.453,20.903,19.2,29.5,23.258,15.428,21.976
2012-07-13,8.68,21.64,2.37,87.287,0,13.6,4.57,15.5,6.34,8.851,18.84,10.08,37.5,32.44,10.78,13.824,8.98,27.457,12.43,0,35.049,42.02,15.747,49.2,12.02,8.283,26.617,45.35,16.4,17.46,22.482,25.423,21.3,12.667,11.97,20.747,10.592,36.3,10,0,4.12,25.645,77.548,28.666,15.19,18.712,3.544,53.7,16.16,48.7,18.8,12.4,11.29,40.23,0,47.05,5.74,39.32,20.25,6.387,21.042,19.55,28.15,22.598,14.998,21.901
2012-07-20,8.86,22.04,2.41,87.653,0,13.75,4.525,15.95,5.95,9.215,19.09,10.32,36.66,31.37,10.01,14.162,8.92,27.573,12.775,0,35.049,40.88,16.087,52.09,11.63,8.433,28.552,47.84,16.57,17.66,22.773,26.733,23.24,12.578,12.93,21.142,10.592,35.8,8.54,0,3.99,25.045,78.098,29.056,15.06,19.152,3.513,54.9,16.38,47.1,19.92,12.96,10.85,38.59,0,46.19,5.57,37.88,19.75,6.519,22.083,19.18,29,23.129,15.038,22.577
2012-07-27,9.47,23.03,2.57,90.581,0,13.96,4.99,16.64,6.63,9.917,19.67,10.91,39.8,30.4,9.84,14.896,9.74,28.584,13.377,0,35.906,41.45,17.214,52.1,12.55,8.367,31.333,51.3,17.7,18.28,23.131,28.287,24.29,13.796,13.33,21.607,11.704,37.5,9.3,0,4.14,25.685,84.497,30.996,16.01,19.508,3.8,60.43,17.6,47.82,21.63,12.97,11.89,37.55,0,48.14,5.55,36.8,20.8,7.121,21.476,20.17,28.75,23.712,15.958,24.343
2012-08-03,9.35,23.62,2.88,83.902,0,14.45,5,17.1,7.9,10.554,20.37,10.72,40.9,30.08,10.44,16.038,9.18,27.323,13.18,0,34.896,42.88,17.221,52.4,13.56,8.663,31.913,52.67,17.85,18.9,22.966,28.867,25.05,14.169,13.9,21.514,12.032,35.6,8.88,0,4.05,24.795,85.257,28.946,15.81,20.091,3.894,62.25,18.15,48.92,23.12,12.57,11.96,37.3,0,48.3,5.56,36.5,20.67,7.15,21.448,19.94,29.33,24.462,15.548,24.305
2012-08-10,10.76,24.8,3.59,86.006,0,15.2,5.6,16.62,8.02,10.86,20.65,11.42,43.76,31.19,10.85,17.21,9.9,28.316,13.417,0,35.506,44.2,16.399,52.19,14.22,9.767,31.315,52.45,17.9,19.7,23.645,29.927,24.45,13.956,13.77,21.935,12.224,36.71,8.76,0,4.17,24.446,84.197,27.976,16,21.212,4,65.45,18.61,50.64,24.18,13.25,11.75,38.58,0,46.32,5.57,37.66,22.01,7.466,21.278,21.07,29.8,25.871,15.456,25.68
2012-08-17,9.82,25.68,3.69,78.687,0,15.35,5.55,16.5,7.96,10.289,20.55,12.02,44.6,28.69,10.65,17.081,10.29,28.862,13.535,0,35.001,40.7,16.675,51.2,14.89,9.967,31.683,51.63,20.1,20.33,22.676,30.54,25.4,14.658,13.97,21.574,11.208,35.76,8.68,0,4.07,25.795,83.597,27.256,16.45,21.288,4.086,65.5,17.75,49.5,23.61,13.7,11.92,35.65,0,44.51,5.75,34.91,22.52,7.517,20.868,21.55,30.61,26.348,15.264,26.041
2012-08-24,10.25,23.72,4.09,76.124,0,15.1,5.595,16.33,8.41,10.413,20.63,11.39,42.8,27.51,10.92,16.386,10.46,30.329,13.427,0,35.144,40.3,16.767,52.3,13.95,10.367,33.866,52.47,19.1,18.79,21.9,30.45,24.99,14.249,13.66,20.802,11.688,35.8,7.89,0,4.65,26.895,86.077,27.137,16.26,20.856,3.95,65.05,17.6,45.84,23.02,13.59,11.76,34.53,0,44.8,5.91,33.92,21.96,7.348,20.278,21.23,33.18,25.795,15.22,25.552
2012-08-31,9.7,22.22,4.05,75.927,0,13.02,5.69,16.85,8.15,10.091,18.55,11.78,44.35,26.5,10,16.396,11.5,30.239,12.795,0,29.953,36.39,17.497,51.9,12.8,10.5,32.972,50.9,19.95,17.95,20.834,28.6,25.3,13.867,13.03,18.968,11.688,33.76,8.07,0,4.5,26.095,85.397,27.207,15.79,20.53,4.15,66.92,18.24,44,23.18,14,10.75,33.78,0,43.4,5.77,33.18,21.3,6.864,20.837,20.75,32.61,25,15.368,23.817
2012-09-07,9.38,24.16,3.99,77.207,0,13.05,5.555,17.21,9.63,10.231,18.97,11.7,44.65,27.28,10.52,16.962,10.72,31.268,13.318,0,30.277,35.85,17.398,53.5,14.6,11.05,32.632,52.4,20.25,19.27,22.53,29.7,26.2,14.071,13.6,19.691,12.352,34.4,7.94,0,4.58,25.535,86.997,27.256,16,20.682,4.249,69.91,18.59,45.8,24.82,13.75,11.72,34.52,0,45.1,5.74,34.09,21.84,7.04,21.455,21,32.81,25.477,15.494,24.343
2012-09-14,11.37,26.21,4.58,81.737,0,12.4,6.05,16.6,11.91,11.107,18.75,11.91,44.4,30.49,13.7,17.051,11.07,31.581,12.795,0,20.62,32.65,16.824,56.15,16.6,11,33.847,52.6,19.6,20.71,22.763,26.297,25.8,15.049,13.9,14.644,12.656,30.7,8.34,0,5.45,26.595,88.997,26.887,18.92,21.674,4.294,72.59,16.82,45.89,26.5,14.34,12.55,38.65,0,45,6.09,37.7,24.35,7.554,20.444,23.3,36.1,27.053,15.43,26.221
2012-09-21,11.5,25.76,4.54,79.866,0,12.08,5.825,17.29,11.54,10.744,18.79,11.81,45.21,29.77,12.85,17.826,10.8,32.226,12.825,0,20.572,32.52,17.391,59.1,15.68,10.967,32.586,55.2,20,20.14,22.046,25.483,27.58,14.72,14.85,14.266,12.552,32.5,8.2,0,5.75,26.735,88.187,27.456,18.52,21.97,4.388,72,17.72,44.64,26.52,13.75,12.6,37.62,0,45.68,6.67,36.7,23.45,7.275,20.66,22.7,35.31,26.97,15.478,25.282
2012-09-28,11.57,24.43,4.46,80.26,0,12.1,5.925,17.65,10.12,10.983,18.23,12.13,45.83,28.14,11.42,17.28,11.8,33.129,12.697,0,20.62,33.1,18.737,59.69,14.27,11.333,32.788,55.25,19.8,19.28,21.697,27.663,28.15,13.173,14.89,13.456,12.696,32,7.83,0,5.33,26.595,90.547,27.496,18.43,20.22,4.338,67.9,18.35,44.29,24.8,13.61,12.25,36.49,0,45.61,6.72,35.27,23.3,6.629,17.566,22.37,35.01,24.674,15.536,22.983
2012-10-05,11.24,23.9,3.9,83.706,0,11.88,5.925,18.15,10.16,11.38,17.3,12.59,46,28.05,11.05,17.975,12.03,33.505,12.085,0,18.639,31.75,18.843,60.33,14.19,12.033,32.604,55.68,19.45,18.74,21.513,30.167,28.46,13.36,15.59,13.428,13.56,32,7.43,0,5.28,26.145,94.497,27.976,18.35,20.038,4.613,73.46,18.24,45.55,23.5,13.6,12.4,35.91,0,46.2,6.59,34.98,23.1,6.673,18.403,22.25,36.75,24.508,16.384,23.133
2012-10-12,10.44,24.4,4.47,83.903,0,11.76,5.8,18.09,9.56,11.595,17.05,12.37,47.01,29.08,11.22,18.074,11.56,34.534,12.055,0,18.667,31.75,19.53,61.5,13.92,12.083,32.991,55.37,19.7,19.08,21.639,28.833,29.29,13.351,16.24,13.768,14.104,32.23,7.2,0,5.57,25.695,95.707,27.896,18.99,19.621,4.813,76.41,17.75,45.3,23.11,14.15,12.88,37.4,0,46,6.75,36.2,23.35,6.475,17.986,22.5,37,23.917,16.42,22.276
2012-10-19,10.6,22.73,4.29,81.737,0,11.91,6.07,17.35,10,11.653,17.25,12.08,44.11,29.21,11.41,18.005,12.1,33.684,12.272,0,18.801,31.64,19.622,61.2,14.2,12.333,31.95,55.25,19,18,22.482,28.37,28.82,13.005,16.85,13.932,13.92,33.6,7.31,0,5.83,24.196,95.897,28.026,19.35,20.273,4.656,74.75,17.87,44.5,22.7,14.3,13.26,36.6,0,41.5,6.8,35.53,23.03,6.497,17.201,22.25,37.01,24.508,16.794,22.164
2012-10-26,10.16,22.26,3.79,81.54,0,11.52,6.065,17.5,9.7,11.669,16.31,10.6,46,29.48,11.07,17.081,10.51,34.104,12.46,0,18.334,30.89,18.418,58.5,13.91,12.867,31.757,54.05,19.81,17.6,22.811,28.493,26.8,12.311,15.61,13.456,13.624,34.89,6.89,0,5.37,22.796,92.497,26.637,17.7,20.189,4.806,72,18.01,43.9,21.78,14.17,13.27,37.03,0,42.7,6.63,35.95,22.89,6.504,16.927,22.1,37.7,24.25,16.44,22.231
2012-11-02,10.09,23.24,3.7,80.851,0,11.58,6.32,17.6,10.29,11.893,16.8,10.6,48.4,30,11.5,17.528,10.7,35.652,12.864,0,17.372,30.5,18.524,59.73,14.2,13.13,33.617,55,20.9,17.97,23.16,28.667,26.93,12.907,16.27,13.642,13.84,35.84,7.45,0,5.55,23.596,91.997,26.497,18.02,21.03,5.119,77,17.89,45.47,23.09,14.2,13.5,38.39,0,42.7,6.89,37.17,21.65,6.827,18.073,20.85,37,25.136,16.598,23.291
2012-11-09,10.4,22.97,3.77,80.26,0,10.06,6.065,18.03,10.66,11.76,13.76,10.65,45.43,28.86,11.05,17.776,10.7,35.402,12.322,0,16.353,27.85,17.603,58.97,13.85,13.163,32.733,55.29,21.8,18.13,21.658,27.933,26.04,12.445,15.32,12.848,13.976,33.72,7.7,0,5.53,24.096,90.897,27.366,19,20.515,5.663,77,18.57,47.09,20.95,14.14,13.25,37.3,0,43.65,6.57,36.33,21.44,6.534,18.76,20.78,36.59,24.394,16.148,22.404
2012-11-16,9.65,22.03,3.7,78.093,0,9.25,6,17.66,10.7,11.76,11.6,9.81,46.09,27.8,9.83,16.237,11.1,34.901,12.243,0,15.239,27.18,17.568,58.04,12.85,12.65,33.129,56.45,21.3,17.33,21.484,28.76,26.7,12.222,14.87,12.563,14.592,33.1,7.61,0,5.5,23.556,90.807,28.596,19.24,21.727,5.313,74.9,18.7,47.38,21.02,13.77,12.7,35.48,0,43.4,6.05,34.65,19.62,6.578,19.097,19.03,37.1,24.826,16.814,22.569
2012-11-23,9.86,23.98,3.97,81.737,0,6.63,6.23,17.95,11.8,12.149,7.7,10.96,47.3,28.64,10.7,17.975,12.09,35.733,12.312,0,16.096,27.6,18.021,58.29,13.75,12.603,33.147,55.4,21.94,18.85,22.094,30.1,27.49,13.129,15.55,13.521,14.712,34.34,7.77,0,6.21,22.296,92.067,29.816,20.63,23.826,5.344,75.6,18.84,48.95,21.5,14.38,12.57,36.92,0,44.3,6.1,35.91,19.82,7.055,19.167,19.17,39.64,26.477,17.21,24.11
2012-11-30,10.25,22.45,4.21,79.275,0,7.65,6.28,17.06,12.5,12.19,9.65,11.31,47.84,28.5,10.49,17.697,11.6,35.151,11.957,0,16.62,28.5,17.851,59,13.78,13.05,32.742,56.56,20.75,17.72,22.143,28.833,27.45,12.889,15.4,14.052,15.04,34.85,7.52,0,6.35,21.946,90.997,31.066,21.01,24.583,5.18,78.15,18.36,46.4,21.91,13.11,12.84,37.6,0,44,5.41,36.7,19.1,7.069,19.323,18.66,38.8,26.886,17.698,24.147
2012-12-07,10.55,23.22,4.88,78.586,0,6.67,6.49,17.13,12.43,11.909,9.2,12.14,46,29.15,10.72,18.571,8.45,35.115,11.937,0,18.372,29.6,17.887,61.16,13.57,12.833,33.341,57.3,20.92,18.4,21.6,28.883,28.32,12.933,15.62,13.91,15.296,33.75,7.25,0,7.01,23.996,92.207,31.116,23.03,24.833,5.469,79.76,18.58,45.51,22.84,13.45,13.04,37.48,0,44.2,5.62,36.92,19.45,7.121,18.924,19.08,38.9,26.614,17.548,24.613
2012-12-14,10.79,22.7,4.72,80.063,0,6.64,6.285,16.5,11.46,12.339,9.74,11.4,45.87,31.97,11.61,17.21,8.55,35.849,12.677,0,18.096,31.85,17.844,60.29,13.09,13.167,34.059,57.25,20.6,18.03,21.571,28.497,27.35,13.058,16.2,13.97,14.52,33.38,7.52,0,6.75,23.736,95.547,32.136,22.09,26.364,5.438,79.03,18.67,46.8,22.38,12.77,13.75,41.2,0,43.5,5.95,39.75,20.55,7.084,18.924,20.21,40.71,27.227,17.598,24.493
2012-12-21,11.25,22.38,4.72,82.131,0,6.6,6.5,16.81,12.66,12.331,10.25,11.81,42,32,11.73,17.776,8.73,37.441,12.677,0,17.391,32.35,18.134,59.25,13.03,13.663,34.52,56.24,21.3,17.8,21.241,28.9,27.43,13.333,16.25,14.863,14.4,32.96,7.91,0,6.91,25.335,90.437,30.796,22.73,27.045,5.781,78.35,18.79,48.83,25.2,14.43,13.78,41.89,0,45.2,5.93,40.5,20.88,7.407,19.097,20.69,42.68,27.977,17.248,25.853
2012-12-28,12.9,22.9,4.71,81.934,0,6.33,6.45,17.3,12.8,12.273,10.48,11.98,41.99,32.83,11.86,17.766,8.48,37.352,12.322,0,18.467,31.7,18.064,60.2,12.8,13.907,34.538,58.64,21.21,17.93,20.738,28.957,27.02,13.307,16.62,13.278,14.664,33.35,8.2,0,7.02,25.385,90.497,30.806,22.57,25.712,5.781,79.75,19.45,49,25.6,14.45,14,42.28,0,46.29,6,40.87,19.55,7.113,19.788,19.52,42.19,26.644,17.114,25.086
2013-01-04,12.57,23.79,4.73,83.903,0,7.08,6.675,17.87,12.54,11.835,11.22,11.64,44.73,33.2,12.26,17.578,9.08,37.674,11.838,0,18.477,30.72,18.269,59.92,13.6,13.33,35.367,59.8,21.92,18.91,20.631,28.627,27.65,13.227,16.55,12.878,14.56,32.9,7.98,0,7.14,26.025,91.497,31.846,23.34,27.871,5.738,80.13,19.88,50.19,26,14.34,13.9,42.53,0,46.7,6.37,41.17,20.78,7.547,20.462,20.48,44.1,28.371,17.278,26.439
2013-01-11,13.84,22.92,4.72,86.956,0,6.51,6.48,18,12.09,11.901,10.65,11.15,39.15,31.45,12.62,18.382,8.77,38.05,11.355,0,18.286,30.7,18.914,59.09,13.37,14.153,33.341,56.8,22,18.15,20.079,29.19,27.15,13.787,16.17,13.06,14.416,34.86,8.05,0,7.55,25.185,88.997,31.396,24.68,27.348,5.699,79.81,19.78,50.78,25.98,13.89,14,41.27,0,46.39,6.25,39.53,20.18,7.554,19.201,19.88,45,28.235,17.398,26.326
2013-01-18,14.8,22.63,5.23,90.305,0,7.32,6.5,17.39,12.3,11.57,12.23,11.12,38.2,31.22,12,18.313,9.91,38.336,11.986,0,19.391,31.85,19.126,58.1,13.86,13.9,32.65,55.6,22.3,17.9,20.834,30.2,26.8,13.805,16.17,13.718,14.36,35.4,8.47,0,7.73,24.696,90.137,32.346,25.78,28.03,5.463,78.54,19.99,51.75,26.2,14.2,13.92,40.61,0,45.5,7.1,39.2,19.9,7.745,18.931,19.58,45.61,28.977,18.372,27.092
2013-01-25,14.75,22.32,5,78.389,0,7.25,6.575,17.46,10.57,11.587,12.65,10.9,36.5,30.52,11.38,17.876,10.15,39.803,12.184,0,19.905,33.22,18.815,57.19,13.96,14.267,33.525,55.15,21.33,17.69,20.805,30.257,26.85,13.013,16.48,13.254,13.824,36.03,8.6,0,7.81,24.716,88.667,32.296,26.2,27.538,5.694,78.27,20.27,50.52,25.4,15.93,13.64,40,0,45.5,7.59,38.63,19.92,7.701,19.01,19.61,45.6,28.598,18.478,26.852
2013-02-01,14.4,22.23,5.1,79.964,0,7.12,6.825,17.81,10.29,11.364,12.62,11.47,38.2,31.3,11.15,17.459,10.42,42.049,12.312,0,18.858,33.19,18.68,57.65,15.31,14.93,33.617,53.94,20.6,17.5,20.05,30.183,26.72,13.182,17.31,12.925,14.648,35.1,8.84,0,7.44,25.235,93.897,32.326,24.56,26.621,6.131,78.46,20.8,50.67,24.3,16.4,14.33,40.85,0,49.03,7.47,39.2,18.62,7.378,20.017,18.46,42.56,27.591,18.502,25.657
2013-02-08,13.8,21.96,4.83,77.502,0,6.85,6.455,17.69,10.36,11.884,11.61,11.4,39.01,30.51,10.58,17.032,9.87,41.825,11.631,0,18.524,30.64,17.759,57,14.87,14.887,34.538,53.52,20.85,17.32,19.342,30.553,26.8,12.782,17.76,12.749,14.8,34.15,8.46,0,6.77,24.646,94.947,32.056,23.52,26.591,6.313,78.5,21.37,50.48,23.82,16.11,13.44,39.34,0,49.39,7.08,37.74,16,7.304,19.167,17.74,41.15,26.97,18.498,25.447
2013-02-15,13.28,21.95,4.4,71.2,0,6.8,6.67,17.7,10.14,11.603,11.85,11.63,38.55,29.6,10.63,17.032,10.01,41.602,11.601,0,18.096,30.59,17.589,54.7,14.19,15.9,34.584,53.4,20.1,17.21,19.158,30.963,25.8,13.031,17.74,13.477,14.24,34.9,8.11,0,6.57,24.476,94.447,31.336,22.9,27.235,6.4,75.12,20.36,48.31,24.4,16.14,13.9,38.3,0,49.4,7.3,36.47,15.7,7.569,19.566,17.63,41.1,27.545,18.204,26.431
2013-02-22,12.85,20.37,4.24,72.578,0,6.13,6.565,16.93,9.24,12.149,11.59,11.94,39.35,27.1,9.72,16.753,9.99,40.922,11.838,0,17.258,29.3,17.178,55.74,14.25,16.037,33.893,52.33,22,16.21,18.896,30.6,25,12.729,16.7,13.325,13.744,34,8.25,0,6.57,24.196,95.947,30.936,22.34,26.864,6.4,74.3,19.9,48.47,25.72,16.55,13.19,35.72,0,52.68,6.72,34.1,15.1,7.576,20.104,17.15,43.61,27.023,18.126,26.371
2013-03-01,12.62,20.27,4.1,71.397,0,6.85,6.65,17.2,9.69,13.347,12.32,12.43,39.1,28.4,9.72,17.29,9.4,41.575,12.006,0,17.239,29.38,17.497,58,14.06,16.163,34.621,52.19,22.23,15.93,19.284,32.003,26.18,12.871,17.5,13.689,14.256,33.41,8.7,0,6.61,23.986,99.497,31.466,22.26,27.045,6.401,76,19.94,52.3,26.82,16.87,13.16,36.75,0,50.85,6.6,35.25,14.68,7.605,20.767,16.9,42.86,27.083,17.678,26.446
2013-03-08,13.4,20.32,4.05,70.215,0,7.3,6.975,17.04,10.32,13.182,12.55,10.99,39.8,28.03,10.64,17.161,9.06,41.521,12.45,0,18.334,30.39,17.178,58.9,14.59,15.643,33.967,50.55,22.2,15.95,20.263,31.55,25.86,14.116,18.06,14.887,14.6,34.67,8.8,0,6.48,25.525,101.457,31.656,22.3,27.652,6.428,75.3,19.72,53.66,27.27,16.94,14.01,36.34,0,49.42,7.04,34.72,16.7,7.95,20.524,18.37,45,28.091,17.674,27.724
2013-03-15,14.3,19.1,3.71,69.526,0,6.76,6.85,16.85,10.14,13.058,12.26,9.8,37.8,26.86,9.78,16.386,9.36,41.834,12.815,0,19.362,29.98,16.824,58.2,14.44,15.187,33.884,48.5,21,15.2,20.689,30.45,25.33,13.689,17.03,14.952,14.48,35.17,8.25,0,7.05,24.765,105.587,30.746,22.08,28.909,6.03,72,19.32,52.68,26.35,17.07,13.73,34.73,0,50.2,7.21,33.59,17.8,7.613,19.844,19.09,43.7,28.061,16.98,26.732
2013-03-22,12.5,18.73,3.78,60.9,0,6.38,6.745,16.8,10.21,13.116,11.38,8.7,37.65,26.35,9.3,16.535,8.92,39.768,12.282,0,18.801,28.12,15.584,57.5,13.6,14.533,33.709,49.39,20.25,14.96,19.555,30.41,24.15,13.085,16.62,13.366,13.68,33.33,8.5,0,7.06,23.986,103.297,28.76,22.08,27.583,5.895,71.99,19.16,53,26.6,17.39,13.18,34.71,0,49.46,6.85,33.2,17.01,7.547,19.722,18.63,43.19,27.144,16.934,26.514
2013-03-29,11.8,19.5,4.04,61,0,6.99,7.175,17.39,10.82,13.471,12.7,8.39,36.1,26.33,9.13,17.21,8.44,40.564,12.45,0,19.382,30.93,15.868,58,13.65,14.633,33.249,49.38,20.31,15.56,20.447,32.133,25.16,12.987,15.89,13.877,13.92,34.74,8.92,0,7.75,23.996,106.807,29.54,24.4,29.333,6.488,75.62,20.54,53.95,27.45,18,13.64,34.9,0,51.1,6.8,33.24,16.85,7.745,20.67,18.35,44.6,28.45,16.864,27.04
2013-04-05,11.15,19.22,4.23,59.3,0,6.47,7.15,16.88,11.11,13.471,11.95,9.32,38.9,26,8.43,18.005,7.92,39.723,12.361,0,20.905,34.3,15.513,55.45,14.5,14.6,32.696,48.5,19.7,15.15,20.582,31.377,23.76,12.542,15.55,13.718,14.088,34.58,8.54,0,7.75,24.046,106.497,31.22,24.1,28.6,6.448,73.35,20.27,51,26.58,17.14,13.71,34.56,0,50.2,6.41,32.6,16.32,7.297,20.847,17.8,44.51,27.758,16.578,25.409
2013-04-12,11.58,18.4,4.41,54.1,0,6.08,7,16.85,10.98,13.438,11,9.25,38.15,26,8.18,18.025,7.37,38.989,11.53,0,20.115,34.1,15.117,54.85,15.22,14.617,31.176,48.55,18.74,14.51,20.641,30.833,22.72,12.845,15.98,13.812,13.704,35.86,8.52,0,7.72,24.306,106.347,31.1,22.75,29.6,6.6,71.45,19.78,52.7,28.35,17.56,13.2,34.58,0,51.43,6.38,32.93,16.41,7.488,21.84,17.96,46.17,28.5,15.995,25.995
2013-04-19,13.3,19.3,3.93,52.5,0,5.32,6.695,17.4,10.44,12.975,9.9,8.96,38.02,24.77,7.85,17.598,6.25,40.242,11.778,0,20.772,35.17,15.584,56.75,14.66,14.617,31.904,49.88,18.67,15.21,20.834,30.897,23.62,12.96,16.15,14.682,13.568,35.18,8.29,0,7.46,22.896,109.95,30.5,22.29,28.033,6.3,71.46,19.5,52.2,26.6,16.93,13.14,32.1,0,53.77,6.15,30.65,16.74,7.231,22.326,18.48,48.4,26.917,16.027,25.101
2013-04-26,13.35,19.1,3.97,51.7,0,5.26,6.585,17.3,10.06,13.182,10.16,8.47,39.85,25.34,7.74,17.439,6.49,41.065,11.699,0,20.467,34.85,15.896,56.54,16.55,15.39,32.42,48.14,19.65,15.1,20.534,29.05,23.55,12.507,16.15,14.488,13.728,34.6,8.35,0,7.22,23.496,108.07,29.51,21.02,27.85,6.675,73.73,19.6,52.45,25.19,16.39,13.63,33.13,0,53.4,5.96,31.68,18.04,7.047,21.535,19.29,47.73,26.433,15.639,24.621
2013-05-03,11.99,19.51,4.04,46,0,5.04,6.65,17.39,9.41,14.091,8.5,8.27,40.4,24.81,7.77,17.6,6.97,42.335,12.126,19.637,20.486,35.64,15.018,56.8,17.05,15.993,32.087,50,19.35,15.52,21.077,28.22,23.4,12.667,15.9,14.156,13.736,35.34,8.3,0,7.27,24.686,111.5,30.12,21.39,28.642,7.1,74.06,19.67,54.1,24.79,17.81,14.4,33.8,17.75,53.69,6.19,32.2,19,7.34,22.546,20,48.59,27.458,16.556,25.319
2013-05-10,12.17,17.92,4.21,46,0,4.84,6.575,17.67,8.71,13.518,8.21,8.03,41.75,25.08,7.29,17.38,6.5,41.906,11.938,19.678,20.677,35.45,14.982,58.47,16.56,16.48,32.358,50.26,19.1,14.1,21.174,27.69,23.6,12.8,16.85,14.308,13.88,36.06,8.34,0,7.85,25.395,109.75,29.62,21.55,28.367,7.225,76.59,20.34,52.93,25.42,18.04,14.43,34.24,17.91,55,6.21,32.5,19.2,7.478,22.954,19.95,49.72,27.917,17.1,26.048
2013-05-17,11.13,17.33,3.86,49,0,5.06,6.825,17.45,8.67,13.391,9.3,6.95,43.01,23.13,6.7,18.28,7.64,41.942,12.474,19.587,20.667,35.97,15.584,59.65,16.65,16.467,32.3,52.55,18.85,13.62,21.765,25.51,24.25,13.191,17.28,14.653,13.896,36.3,8.32,0,7.75,25.146,112.01,29.85,21.7,28.917,7.788,77.99,20.42,53.78,25.92,18.84,14.16,31.65,18.84,55.38,6.88,29.91,19.06,7.543,21.958,19.95,49.8,28.517,17.458,26.484
2013-05-24,10.47,17.08,3.97,45.5,0,6.18,6.76,17.42,9.33,13.673,11.45,7.82,43.14,22.93,7.05,18.8,7.71,43.123,12.872,21.16,20.82,36.53,15.528,58.35,16.88,17.21,34.128,53.16,19.11,13.24,22.84,27.45,23.78,13.511,17.4,15.495,14.304,37.5,8.5,0,7.68,24.607,110,30,22.77,28.933,7.863,81.4,19.75,54.5,26.69,18.81,14.3,31.7,18.04,54.45,6.9,30.15,18.69,7.73,22.704,20.05,49.4,28.625,17.088,27.174
2013-05-31,9.31,16.6,3.81,39.7,0,5.66,6.95,16.95,8.9,13.455,10.01,6.65,38.49,22.06,6.61,17,7.58,42.317,12.574,20.501,19.982,32.85,14.883,55.99,16.71,16.65,31.836,50.72,19,13.05,21.813,26.88,22,13.538,17.1,14.355,13.8,36.95,8.15,0,7.74,23.247,103.79,29.07,23.5,29.75,7.863,74.5,19.54,52.7,25.4,19.54,14.05,30.45,18.47,54,7,28.65,18.97,7.665,22.917,20.05,49.92,28.608,16.388,26.777
2013-06-07,8.22,16.12,3.65,48,0,5.05,6.8,16.48,8.24,12.427,9,6.12,36.1,21.61,6.14,16.45,7.45,39.884,12.425,20.938,19.143,33.16,14.075,53.98,16.45,15.7,31.004,49.93,18.65,12.8,21.464,26.09,21.15,12.933,16.55,13.685,13,36,7.96,0,7.79,22.897,105,27.92,24.3,27.45,7.375,71.84,18.75,53.1,23.7,19.3,13.6,30.77,17.9,52.2,7.13,29.06,17.62,7.307,22.192,18.84,48.89,26.45,15.813,25.826
2013-06-14,8.52,16.19,3.32,41.2,0,4.74,6.24,16.25,8.34,12.082,8.71,6.95,33.21,21.16,6.42,16.39,7.49,39.231,11.55,20.715,18.962,33.08,13.431,51.16,15.45,16.15,30.173,49.9,17.58,12.8,20.311,24.65,20.63,12.8,15.69,13.221,12.08,34.5,8.08,0,7.3,22.997,99.37,26.25,22.2,25.967,7.698,66.7,17.91,51.52,22.92,18.75,12.66,30.08,18.14,51,6.01,28.28,16.53,6.965,22.163,18.06,46.1,24.583,15.659,24.281
2013-06-21,7.28,15.79,2.78,35.7,0,4.65,5.9,14.9,8.1,11.473,8.58,6.45,32.5,21.68,6.43,15.3,6.96,37.844,10.258,21.407,18.201,26.21,12.751,50.4,16,15.8,28.819,47.75,16.53,12.54,18.596,21.79,19.25,12.4,14.39,12.597,11.712,32.01,7.76,0,8.1,22.397,95.67,26.25,25.25,25.558,7.438,66.52,16.81,48.99,21.12,20.51,11.48,30.45,17.44,50.27,5.8,28.45,15.29,6.778,22.15,16.46,47.02,23.683,15.539,23.603
2013-06-28,7.17,15.99,2.88,39.2,0,4.65,6.365,15.66,7.43,11.655,8.73,6.46,31.3,20.2,5.97,15.34,7.5,38.703,11.262,20.172,18.696,27.68,13.459,51.79,16.47,16,30.559,47.7,16.9,12.61,20.069,23.11,19.98,12.045,14.53,13.201,12.512,34.67,8.09,0,8.25,22.837,99.6,27.39,24.75,25.5,7.725,63.95,17.7,50.4,22.13,20.51,12.36,29.1,17.6,53.12,6.47,27.05,14.81,6.746,23.333,16.18,48.45,24,16.702,23.777
2013-07-05,6.14,16.39,2.8,35.6,0,4.41,6.205,15.15,6.64,11.645,8.83,6.19,30.89,20.21,5.45,15.22,7.18,37.531,10.924,19.76,17.391,28.09,12.68,50.57,16.21,15.47,29.244,46.89,15.25,13.14,19.749,21.52,18.86,11.538,15.11,13.135,11.84,35,8.15,0,7.97,21.577,94.45,27.45,25.8,23.958,7.225,61.2,17.12,47.65,20.44,20.6,12.15,28.7,17.6,51.9,6.5,26.45,13.68,6.306,23.25,15.15,47.75,21.775,16.356,22.149
2013-07-12,7.19,16.08,2.76,33.4,0,4.78,6.35,14.95,6.55,11.945,9.28,6.09,31.52,20.93,5.61,15.44,7.4,38.792,11.46,19.258,18.61,28.75,13.53,51.87,15.94,16.69,29.979,46.5,15,12.75,19.865,22.32,19.19,11.502,14.99,13.287,12.36,34.96,8.16,0,8.21,21.347,99.5,27.71,26.18,25.275,7.5,61.83,16.6,46.9,21,21.2,12.65,29.84,17.72,53.7,6.29,27.06,14.55,6.428,23.233,15.43,48.04,22.75,16.424,22.628
2013-07-19,7.71,17.23,3.04,39.7,0,4.62,6.315,15.2,7.54,12.273,8.94,6.99,29.76,21.65,6,16.8,7.2,39.052,11.202,20.979,19.343,28.45,13.884,52.25,17,16.75,30.917,43.97,15.63,13.68,20.524,23.7,20.2,11.618,16.36,13.738,12.352,36,8.45,0,7.76,22.847,100.7,27.39,25.64,25.875,7.625,60,17.29,48.13,22.3,21.52,12.3,30.9,17.95,53.5,6.75,27.93,15.48,6.648,23.125,15.88,48.3,23.142,16.017,23.413
2013-07-26,8.24,18.3,3.07,48.3,0,4.96,6.65,16.01,9,12.318,9.08,6.97,30.62,23.21,6.95,16.8,7.45,38.694,11.53,22.741,19.667,28.55,13.891,53.1,17.08,16.98,31.236,46.2,16.5,14.5,20.815,23.59,21.14,12.142,16.69,14.348,12.72,35.85,8.59,0,7.97,23.777,102.5,28.22,24.91,25.892,7.948,62,17.85,49.75,22.49,19.8,12.75,32.26,18.21,54.32,6.76,29.25,16.2,6.876,23.183,16.95,48.09,23.575,16.374,23.967
2013-08-02,7.7,18.87,2.72,42.2,0,4.52,6.635,16.06,8.65,11.818,8.22,6.59,30.75,22.55,6.45,16.36,6.91,38.739,11.192,21.918,18.715,28.05,13.459,51.49,16.97,17.83,30.801,42.89,15.99,15.08,20.447,21.84,20.42,12.089,16.58,13.665,12.68,36.24,8.88,0,8,23.907,100,26.01,25.64,25.783,8.06,60.64,17.84,48.68,22.81,19.34,12.15,31.25,18.99,55,6.8,28.39,16,7.039,23.458,16.81,50.2,23.5,17.476,24.711
2013-08-09,7.45,19.45,2.91,44.7,0,4.82,6.79,15.9,9.45,11.682,8.7,7.55,32.04,25.09,7.06,16.89,6.47,37.737,11.639,21.325,20.477,30.5,13.48,50.52,17.64,17.98,31.913,42.5,16.25,15.5,20.834,21.6,19.2,12.311,17.42,13.572,12.8,36.45,9.21,0,7.94,23.897,100,25.84,24.45,25.667,8.138,64.47,17.67,48.94,22.6,19.09,11.69,34.75,19.94,54.54,7.36,30.9,16.08,6.876,23.438,17.08,50.5,23.592,16.964,24.281
2013-08-16,8.59,20.15,3.24,40.2,0,5.05,6.52,15.26,10.32,11.227,9.25,7.85,33.25,26.09,8.35,16.06,5.86,36.073,11.182,22.395,20.124,30.6,13.317,49.5,18.21,17.14,30.414,45.5,18.05,16.26,20.35,21.89,19.09,12.311,17.01,12.929,12.624,35.53,9.12,0,8.81,22.817,97.5,26.51,27,26.3,7.638,60.9,16.94,48.89,23.15,19.22,11.7,36.6,19.31,52.68,7.44,32.17,17.19,6.835,23.538,17.78,55.96,23.75,17.5,24.132
2013-08-23,8.92,21.18,3.1,39.3,0,5.05,6.55,15.15,10.2,10.882,9.21,8.55,31.9,25.87,8.81,16.05,6,37.835,11.033,23.416,19.801,29.5,12.793,47.64,17.8,17.6,30.791,44.35,17.81,17.31,19.022,20.53,18.44,12.356,16.68,12.889,12.104,34.11,9.3,0,8.87,23.817,95.58,26.62,28.1,26.333,7.5,60.62,17.19,47.41,22.24,19.81,11.97,36.12,19.31,53.84,7.35,32.28,17.5,6.9,24.292,18.55,54.02,23.375,16.554,24.306
2013-08-30,8.46,21.17,2.8,35.4,0,4.95,6.64,15.3,10.31,10.982,9.17,8.33,31.91,24.67,8.42,15.72,6.12,37.2,10.635,22.642,20.239,28.55,12.857,47.94,17.55,17.56,30.124,44.77,18.65,17.15,18.896,19.59,18.1,12.125,16.24,12.332,12.096,34.2,9.38,0,9.4,23.397,97.72,25,27.58,26.333,8,57.39,17.35,46.48,23.05,19.58,11.69,34.42,19.24,51.9,7.36,31.1,15.97,6.803,24.338,16.8,55.2,23.092,16.638,23.967
2013-09-06,10.75,20.99,3.24,39.5,0,5.61,6.65,15.43,10.21,11.727,9.95,9.36,33.79,25.2,9.19,16.48,6.8,37.218,11.431,23.334,21.715,30.49,12.942,49.1,18.33,17.45,31.14,47.15,19.55,16.85,19.119,22.26,18.89,12.373,17,12.511,12.472,36.44,10.1,0,9.25,23.687,98.62,25.2,27.19,27.2,8.125,62.65,17.86,48.9,23.75,19.68,12.55,35.88,19.9,54.2,7.5,32.2,16.85,6.957,23.775,17.76,56.49,23.875,16.332,24.785
2013-09-13,11.36,21.79,3.45,40.8,0,6.06,6.71,15.48,10.6,11.927,10.13,9.53,33.42,25.8,9.4,16.9,6.47,38.569,11.232,22.502,22.172,30.5,13.353,50.3,18.58,17.48,31.671,48.5,19.99,17,18.974,20.95,20.11,12.791,17.44,12.365,13.36,36.38,10,0,9.38,23.847,99.63,27.12,28.51,28.7,8.03,66.48,18.4,50.7,24,18.65,12.7,36.5,20.94,56.06,7.61,33.11,17.17,7.12,23.854,18.13,57.35,24.833,16.902,25.851
2013-09-20,10.51,20.7,3.61,49.3,0,6.14,6.88,15.5,10.4,11.682,10.3,8.75,34,25.45,9.29,17.04,6.3,37.415,11.301,23.054,22.429,29.53,14.033,52.15,17.57,17.25,31.913,50.65,20.27,16.5,18.606,22.01,21.1,12.658,18.4,12.332,13.544,36.45,9.78,0,9.05,23.517,103.65,27.05,26.53,29.275,7.7,66.9,18.27,49.7,25.5,18.16,12.7,35.67,21.5,56.05,7.4,32.37,17.7,7.242,23.767,18.94,56.5,25.5,17.378,25.942
2013-09-27,10.63,21.54,3.74,45.8,0,6.25,6.5,15.68,10.62,12.045,10.2,9.2,34.3,25.2,9.66,16.82,5.95,38.452,11.878,22.807,22.21,31.5,14.132,52.84,17.84,17.43,32.59,50.16,20.22,17.05,18.848,22.33,20.5,13.778,17.9,12.796,13.208,37,10.36,0,8.98,23.447,105,26.56,26.71,29.925,8,64.5,17.7,50.33,26.43,18.6,12.55,35.16,22.16,55.59,7.7,32.14,17.34,7.519,25.333,18.5,55.45,26.417,17.438,26.628
2013-10-04,11.15,21.5,3.7,36.4,0,6.63,6.51,15.5,11.19,11.818,10.85,9.31,32.1,24.65,9.78,16.4,5.86,38.783,12.047,21.983,21.001,31.07,13.778,54.3,18,16.7,31.681,47.51,20.75,16.9,18.654,22.18,19.97,13.467,18.1,13.148,13.144,36.5,10.99,0,8.72,23.417,103.86,25.21,26.67,29.408,7.75,62.9,17.87,48.2,26.22,18.58,12.65,34.4,21.6,57.6,7.67,31.9,17.39,7.323,26.142,18.67,54.71,25.525,17.058,26.281
2013-10-11,10.5,22.51,3.54,40.9,0,6.73,6.63,15.68,11.63,12.409,10.96,9.86,32.25,23.8,10.61,17.16,5.46,38.712,12.405,23.342,21.048,30.3,13.317,54,18.49,17.48,33.799,48.86,20.95,17.65,19.265,21.88,20.65,13.662,19.4,13.055,13.912,37.3,11.85,0,8.85,23.387,109.21,25.47,27.1,29.975,8.148,67.5,18.13,49.15,26.68,19.05,12.57,33.77,23.33,58.34,8.05,31.02,17,7.397,26.979,18.1,55.85,26.292,16.916,26.521
2013-10-18,10.54,21.51,3.36,40,0,7.31,6.27,15.9,11.24,13.182,11.83,9.67,32.5,25.46,11.7,16.95,5.37,39.338,12.504,23.754,21.477,30.65,13.601,55.5,19.89,16.62,34.399,48.85,20.95,16.73,19.187,23.8,22.13,13.805,19.76,13.459,13.952,37.67,11.82,0,8.83,24.417,108.53,25.75,27.48,30.825,7.838,69.18,17.78,47.86,28.35,17.6,13,34.94,24.23,59.13,8,31.69,16.86,7.673,27.438,17.93,54.69,27.558,17.258,28.033
2013-10-25,11.08,21.5,3.11,38.9,0,7.16,5.8,15.6,11.25,12.691,11.64,9.8,32.2,25.92,11.7,16.73,5,38.801,12.434,23.877,21.163,30.63,13.034,53.66,19.55,17.22,34.621,45.14,20.95,16.65,18.954,23.6,22,13.351,19.5,12.929,13.712,37.35,11.26,0,8.91,24.597,107.7,25.05,27.99,29.642,8.053,69.4,18.7,49,28.67,17.64,12.55,35.07,23.79,59.08,8.1,32.25,17.3,7.437,27.742,18.49,55.1,26.8,17.096,27.273
2013-11-01,11.1,23.35,2.96,37,0,6.75,5.62,14.75,11.9,12.364,11.6,9.4,32.08,26.07,12.85,16.53,4.59,39.946,12.812,24.824,22.134,31,13.247,51.78,19.73,17.3,34.3,44.2,21.15,18.32,18.732,24.08,21.01,13.733,19.63,13.201,13.064,38.45,11.55,0,8.95,24.527,110.65,23.89,29.31,29.442,8.413,67,18.14,47.55,29.7,16.75,12.46,36.9,24.7,59.92,8.11,33.45,19.04,7.771,28.25,19.86,52.11,26.892,16.828,28.306
2013-11-08,10.44,22.78,2.9,35.5,0,6,5.35,14.2,12.58,11.873,10.45,8.6,30.78,25.27,12.81,15.56,4.47,38.828,11.878,26.611,21.229,30.29,12.007,50.05,19.64,17.92,33,41.95,20.75,18.3,17.889,23.65,19.35,13.333,18.61,12.591,12.368,37.65,10.63,0,8.92,24.577,109.25,23.74,29.24,28.292,9.223,62.43,17.65,45.6,27.84,17.6,11.8,36.75,23.2,56.9,8.15,32.86,18.75,7.356,27.479,19.64,52.85,25.65,17.358,26.579
2013-11-15,10.18,23.05,3.16,36.5,0,6.18,5.51,14,12.74,12.555,10.82,9.41,32.58,24.75,12.62,15.95,4.33,39.955,12.395,28.043,22.22,33.19,13.403,53.11,20.52,17.75,33.51,42.5,22,18.38,18.722,24.98,20.43,13.467,19.11,12.81,12.92,38.5,11.18,0,8.93,24.996,110.59,23.98,29.06,29.083,9.5,63.95,17.8,44.74,26.88,17.92,12,35.88,24.13,58.47,8.33,32.4,19.6,7.682,27.871,20.45,52.57,26.242,17.468,27.769
2013-11-22,9.83,22.86,3.17,36.2,0,6.07,5.48,14.24,12.22,12.609,10.74,9.36,31.2,24.9,12.5,15.79,4.39,37.737,12.275,27.088,21.924,32.97,13.707,51.09,21.18,19,33.63,42,21.5,18.21,18.557,24.58,19.44,12.916,18.75,12.657,12.688,38.33,11.01,0,8.8,25.366,107.41,24.29,28.4,27.825,9.8,64.12,18.48,44.4,24.65,17.65,12,35.33,24.12,57.9,8.25,32.66,19.82,7.397,27.875,20.67,51.41,25.25,17.458,26.711
2013-11-29,9.91,22.7,3.39,35.7,0,5.92,5.8,14.73,12.45,12.427,10.41,9.25,31,25.41,11.91,15.8,4.32,38.47,11.878,26.965,22.372,31.4,13.636,51.44,20.8,20.01,33.79,43.2,21.79,18,18.838,24.36,19.15,13.245,19.05,13.015,12.72,38.24,11.54,0,8.5,25.496,108.6,23.5,27.79,28.6,9.888,62.5,18.5,44.91,25.72,18.14,11.79,35.87,25.4,58.03,8.4,32.79,18.32,7.568,28.229,19.12,51.11,25.833,17.558,27.24
2013-12-06,9.4,22.79,3.37,38.2,0,5.95,5.82,14.03,13.3,12.045,10.36,8.95,31.52,25.15,12.51,15,4.06,36.466,11.878,26.347,21.524,31.1,12.708,49.17,21.05,20.4,32.89,41.8,21,18.16,18.053,23.07,18.75,12.649,18.47,12.478,12.624,37.2,11.7,0,8.79,24.676,102.63,21.85,27.76,26.608,9.688,63.5,17.41,44.37,24.83,17.4,11.25,35.56,24.07,56.09,7.79,32.95,16.15,7.242,27.292,17.23,49.24,24.167,16.738,25.975
2013-12-13,9.26,22.34,3.48,35.5,0,5.81,5.37,14.19,13.07,11.882,10.18,8.72,31.51,24.13,12.57,14.46,3.95,35.563,11.967,26.421,22.229,30.45,12.751,48.59,19.79,20.66,32.27,39.86,21.1,17.89,18.286,23.51,17.9,12.311,17.85,11.835,12.184,36.31,11.23,0,8.65,24.147,100.55,22.19,27.5,25.85,9.5,60.5,17.02,41.66,24.11,18.26,10.81,34.33,24.14,54.98,7.8,31.88,15.85,7.185,27.158,17.03,49.34,23.775,16.408,25.579
2013-12-20,10.07,23.61,3.78,39.4,0,6.03,5.17,14.22,14.14,11.6,10.36,8.85,30.15,24.21,13.85,14.36,4.08,35.536,11.431,25.688,22.02,31.8,12.871,49.95,20.42,20.76,32.8,40.8,21.62,18.92,18.799,25.61,17.52,12.64,17.93,11.988,12.56,36.2,12.29,0,9.16,24.057,102.83,23.5,27.5,26.217,9.5,61.34,17.48,43.94,24.5,18.81,10.49,34.45,24.27,56.38,8.73,31.88,15.8,7.323,27.454,16.91,48.6,24.067,16.948,26.074
2013-12-27,10.2,23.3,3.75,36.3,0,5.95,4.93,14.65,14.25,11.655,10.11,8.45,29.5,24.68,14.35,14.4,3.9,35.142,11.232,26.322,21.191,30.69,13.126,49.68,20.73,20.54,33.14,41.38,22.24,18.39,18.296,26.55,16.97,12.356,17.7,12.355,12.6,35.94,12.16,0,9.23,23.897,104.26,23.85,27.86,26.083,9.71,60.8,17.59,43.99,24.28,18.85,10.9,35.5,24.17,55.66,8.81,32.41,15.91,7.242,27.196,16.93,48.42,24.067,17.098,26.116
2014-01-03,10.68,22.71,3.56,41.1,0,5.95,4.88,14.2,13.8,11.655,10.12,8.46,30,23.91,14.44,14.52,3.97,34.355,11.46,28.57,21.772,30.79,12.864,48.8,20.61,19.63,33.4,40.81,21.82,18.11,17.84,25.95,17.39,12.018,17.8,12.303,12.304,36.5,13.42,0,9.38,23.497,101.5,23.5,27.61,25.717,9.62,59.75,17.32,45.32,24.18,19.12,10.68,33.81,23.43,54,8.33,31.42,15.34,7.161,27.708,16.42,47.18,23.75,16.898,25.876
2014-01-10,10.7,22.6,3.35,42.2,0,5.77,4.79,13.31,13.74,10.8,9.87,8.15,27.32,22.2,13.89,14.45,4.16,34.176,10.288,29.641,20.001,30.19,12.425,46.98,20.2,19.58,31.6,38.3,20.85,18.03,17.83,23.92,17.05,12.205,16.74,11.809,12.08,35.7,13.32,0,9.26,23.287,96.14,22.72,26.79,25.042,9.8,57.39,16.37,46.39,22.95,19.05,10.16,32.25,23.03,53.92,8.59,30.09,15.01,7.022,28.225,15.97,44,23.017,17.198,25.554
2014-01-17,10.72,21.83,3.48,44.2,0,5.41,4.93,13.22,13.94,11.209,9.15,8.53,28.16,22.27,13.75,14.78,4.61,34.176,10.297,28.817,20.753,30.3,12.822,46.69,19.3,19.41,31.15,37.4,20.55,17.29,18.121,23.62,16.87,12.51,15.95,11.705,11.904,34.45,13.4,0,9.29,23.097,95.41,22.72,25.87,24.35,9.413,56.57,16.5,46.33,22.4,19.83,10.08,32.49,23.97,53,8.75,30.02,14.61,6.892,27.563,15.51,43.18,22.633,16.638,24.793
2014-01-24,10.46,21.31,3.29,42.5,0,5.16,5.13,12.86,12.45,11.164,8.96,8.76,27.6,21.36,11.8,14.68,4.6,32.387,9.641,28.076,20.439,29.25,12.198,45.7,18.99,18.98,30.9,38.52,20.92,16.95,17.714,23.5,16.3,12.09,15.82,11.869,11.792,33.68,12.81,12.192,9.08,22.727,95.82,22.27,25.48,23.825,8.995,57.25,16,46.72,21.17,19.26,9.7,31.25,23.29,52.78,8.25,28.63,14.08,6.673,26.554,15.1,43.42,21.95,16.428,24.182
2014-01-31,9.6,21.42,3.07,41.7,0,5.22,5.18,12.3,11.9,10.773,9.4,8.25,26.8,22.3,11.19,14.28,4.16,32.154,9.592,27.689,21.972,27.83,11.986,43.61,18.58,18.71,30.5,39.27,20.49,17.15,17.549,22.26,15.2,11.26,15.25,12.077,11.76,34.5,12.64,12.342,9.52,23.097,93.4,21.13,27.05,23.917,9.22,55.43,15.54,45.87,20.89,18.39,9.59,33.05,22.7,53.3,8.45,30,13.77,6.852,26.767,14.7,43.24,21.8,16.089,25.025
2014-02-07,10.4,21.21,3.21,40.8,0,5.14,5,12.09,12.31,10.909,9.47,8.57,25.7,22.39,11.62,14.26,4.08,31.76,9.661,29.871,21.334,26.35,11.887,44.69,17.77,19.95,30.75,39.9,21.03,16.97,17.297,22.19,16.1,11.4,15.55,11.401,11.68,34.7,13.11,11.744,9.32,24.327,93.75,20.79,26.9,24.125,9.975,55.33,15.4,44.6,21.49,19.15,9.62,34.05,23.35,51.95,8.01,30.66,13.53,7.161,27.208,14.45,41.6,22.167,16.388,26.306
2014-02-14,10.8,20.06,3.18,42.8,0,5.04,4.9,12.4,11.54,10.864,9.31,8.53,24.6,22.83,11.68,14.01,3.93,32.628,9.254,32.185,21.658,25.97,12.042,44,19.35,20,32,37.56,20.36,16.33,16.231,23.07,16.94,11.7,15.46,11.575,11.536,34,12.67,12.439,9.05,25.026,97.7,20.35,26.32,24.017,10.125,54.7,15.6,45.5,20.47,20,9.58,34.84,24.34,51.59,7.98,30.96,13.73,7.031,27.079,14.58,40.9,22.25,16.678,26.116
2014-02-21,11.38,18.53,3.06,37.6,0,4.9,4.72,12.43,10.41,10.373,8.9,8.28,24.01,22.12,11.31,13.89,3.88,31.635,8.836,30.727,21.667,24.7,11.865,45.07,17.63,19.75,32.2,34.32,20.03,14.86,16.202,22.15,17.35,11.56,15.12,11.193,11.4,33.75,11.8,12.023,8.98,24.766,97.4,19.85,25.8,24.417,10.35,57.5,15.23,42.8,20.23,19.68,9.62,34.61,23.5,52.7,7.5,30.61,13.4,6.935,26.917,14.15,40.26,22.725,16.578,25.702
2014-02-28,11.08,17.91,3.3,35.9,0,5,4.63,12.35,9.77,9.882,9.09,8.12,24.9,21.31,10.23,13.06,4.1,31.036,8.876,30.052,21.429,25.25,12.042,46.1,16.15,22.1,31.16,34.51,21.24,14.44,16.28,21.5,17.96,11.45,14.53,11.644,11.576,33.2,11.46,11.543,8.88,24.996,98.89,20.34,24.8,24.292,10.925,57.7,16.08,42.98,20.7,20.95,10.07,33,23.3,52.15,7.5,29.09,12.99,6.935,26.458,13.59,42.92,22.758,16.878,25.81
2014-03-07,10.2,17.17,3.25,35.5,0,4.67,4.6,12.8,9.09,9.645,8.57,8.28,25.5,19.29,9.15,12.8,3.98,30.239,8.151,30.382,20.22,24.89,11.674,46.01,15.09,21.59,30.15,35.65,20.85,13.94,15.824,20.94,18.25,11.49,14.95,11.332,11.416,31.99,11.62,11.008,8.87,25.266,97.75,20.67,24.94,24.35,10.625,57.85,16.26,44.8,19.88,20.45,10.27,30.55,23.2,52,7.44,27.09,12.7,6.78,27.333,13.32,43.76,23.033,16.758,25.579
2014-03-14,9.66,17.03,3.04,33,0,4.89,4.46,12.86,9.03,9.418,9.05,7.35,26.08,18.48,9.61,12.26,3.9,29.524,8.995,31.04,20.686,25.15,11.688,45.25,15.05,21.48,31,35.36,20.25,14.14,16.387,20.07,17.5,10.98,15.3,11.184,11.704,31.5,11.23,10.749,8.65,24.746,93.37,20.86,24.13,23.225,11.025,57.79,16.07,43.25,18.84,19.45,9.79,29.26,22.37,50.05,7.2,26.1,12.1,6.543,27.938,12.78,43.8,21.975,16.358,24.207
2014-03-21,10.38,17.33,3.21,35.4,0,5.75,4.3,13.1,9.55,10.027,10.15,7.25,26.73,19.38,9.63,12.45,4.1,30.078,9.323,31.197,23.477,27.49,12.22,46.11,16.98,21.43,31.53,36.4,22.05,14.5,16.706,19.9,17.87,11.73,16.1,12.051,12.264,33.34,11.61,11.028,8.91,25.716,96.56,21,25.54,24.5,12.073,60.09,16.51,45.94,20.67,19.81,10.35,30.43,23.26,53.02,7.67,27.2,13.5,6.935,29.279,14.02,44,23.542,16.658,25.917
2014-03-28,11.13,17.16,3.36,32.3,0,6.3,4.35,13.65,10.32,10.882,10.78,7.93,27.07,19.3,9.89,13.44,4.25,31.358,9.671,29.739,25.077,29.4,12.892,48.26,17.63,22.24,33.03,37.53,22.71,14.46,18.092,20.58,19.05,12.12,16.59,13.231,13.16,35.2,11.75,11.436,8.25,26.986,98.7,20.6,25.07,27.683,12.398,62.79,17.31,47.5,22.22,20.05,10.95,31.01,24.15,54.72,7.69,27.81,15.01,7.408,29.75,15.66,45.2,25.583,16.948,27.471
2014-04-04,12.23,16.97,3.66,29.7,0,7.18,4.43,13.4,10.17,10.409,11.8,7.8,25.45,20.99,9.97,13.18,4.58,32.995,9.969,31.287,25.42,30.31,13.105,48.95,17.53,23.03,33.4,38.07,23,13.95,18.15,22.05,19.25,12.6,16.2,13.447,13.696,34.12,11.64,12.033,8.25,28.146,105,20.29,25.4,27.6,12.163,64.25,16.91,45.77,23.57,19.89,11.34,32.48,25.15,55.61,7.74,29.48,14.9,7.784,29.792,15.44,45.95,26.458,16.898,28.38
2014-04-11,12.12,16.45,3.76,30.1,0,7.09,4.38,13.7,9.3,10.227,11.28,7.4,25.55,21.4,9.16,13.73,4.42,34.444,9.671,31.699,25.048,30.73,13.105,49.58,15.7,23.5,34,41.16,23.35,13.48,18.412,19.74,18.88,12.59,16.26,13.794,13.936,33.23,10.95,11.247,7.93,27.596,105.78,22.44,23.34,28.667,12.245,64.38,17.75,46.11,23.83,19.32,11.46,32.97,25.7,57.2,8.14,29.86,15.61,7.858,30.675,16.19,48.8,27.642,17.398,29.207
2014-04-18,12.5,16.92,3.72,26.2,0,7.67,4.26,13.84,9.34,10,11.98,7.35,25.2,21.37,9.37,13.5,4.43,34.382,10.377,32.992,26.239,32.42,12.9,49.9,16.19,23.4,34.86,40.71,22.98,13.83,18.945,20.9,19.03,12.7,16.17,14.046,13.624,33.88,11.18,11.685,8.2,27.896,106.94,22.89,23.74,29.017,11.933,64.62,17.75,46.45,24.11,19.48,11.44,31.65,26.34,57.3,8.07,28.54,15.63,7.874,31.733,16.38,49.03,27.858,17.388,29.38
2014-04-25,12.88,16.4,3.6,25.1,0,7.66,4.02,14.1,9,9.8,12.13,7.1,23.94,21.04,8.8,13.44,4.17,33.192,10.307,35.231,26.915,31.3,12.68,49.46,15.35,22.88,34.46,38.42,21.5,13.53,18.799,21.31,18.86,12.8,16,13.82,13.384,31.88,11.58,11.38,7.59,27.616,104.7,21.53,22.16,28.925,11.725,62.63,17.6,45.88,23.32,19.13,11.26,30.32,26.35,55.97,7.8,27.5,15.12,8.062,32.017,16.03,48.48,27.942,17.268,30.455
2014-05-02,15.19,16.9,3.86,23.8,0,7.55,4.08,13.69,8.99,10.36,10.87,7.1,24.05,20,8.95,13.73,4.55,34.713,9.92,34.663,26.93,33.64,12.623,49.5,15.5,24.11,33.51,39.2,22.04,14,18.431,21.85,19.6,14.79,17.19,13.959,13.7,33.45,12.37,11.96,7.47,27.996,106,20.8,22.66,29.317,12.5,67.68,17.93,47.09,23.85,19.2,11.86,30.2,26.64,55.91,7.81,27.35,16.22,8.209,32.542,17.6,50.54,28,16.01,30.95
2014-05-09,13.52,17.43,3.57,21.3,0,6.95,4.15,13.9,8.62,9.77,10.11,7.1,24.77,19.58,9.04,13.46,4.69,34.292,10.05,33.395,27.75,33.24,12.715,49.52,15.39,25.51,34.74,40.4,21.7,14.32,18.179,21.23,19.05,14.99,17.79,13.924,13.69,33.29,12.18,11.96,7.23,28.146,104.23,21.76,21.74,29.45,13.56,65.8,17.9,45.4,23.58,18.96,11.66,29.22,28.25,56.64,7.79,26.5,16.66,8.185,32.75,17.67,51.85,28.575,16.53,30.455
2014-05-16,13.49,17.38,3.48,19,0,7.33,4,14.25,8.68,10,10.27,6.6,22.85,20.28,9.34,13.54,4.84,34.086,9.85,32.111,27.3,34.99,12.248,48.19,15.2,26.7,37.2,40.03,23,14.3,18.15,22.19,19,15,18.1,13.907,13.8,33.54,11.88,12.01,8,28.449,102.75,23.33,21.98,29.917,14.338,68.65,18.23,46.78,24.05,18.74,11.89,30.4,28.72,56.1,8,27.55,16.9,8.311,32.583,18.05,52,29.25,16.55,31.058
2014-05-23,13.38,16.41,3.43,19.3,0,6.89,3.86,14.11,8.3,9.54,9.74,6.57,21.2,19.45,8.68,13.74,4.85,33.219,9.51,33.263,28.25,33.82,12.892,48.31,14.68,28.4,35.67,38.79,23.6,13.5,17.52,22.5,18.66,14.99,18.09,14.678,13.53,33.75,11.9,11.4,7.9,28.599,103.01,23.46,20.95,28.225,14.075,66.2,17.75,44.78,22.4,19.45,11.78,29.26,28.15,53.87,7.75,26.77,16.6,7.889,33.65,17.7,49.8,27.358,16.58,29.579
2014-05-30,13.17,16.31,3.3,19.4,0,6.59,4.34,14.52,7.89,9.22,9.68,6.87,21.75,18.6,8.59,13.22,5.3,33.675,9.39,33.724,26.88,32.23,12.68,48.06,14.64,26.89,35.5,38.61,23.6,13.33,17.637,21.78,18.51,15.06,18.11,13.508,13.29,33.2,12.16,11.44,8.07,28.979,101.8,22.95,21.15,26.633,14.218,67.71,17.57,44.75,22.77,20.39,10.98,28.4,28.5,53.85,7.5,25.64,15.74,7.673,33.358,16.69,48.21,26.008,15.86,28.843
2014-06-06,12.51,16.79,3.23,21.2,0,7.15,4.59,15.08,8.14,9.47,10.36,7.46,23.43,19.44,9.21,13.08,5.75,35.303,9.84,35.569,25.85,33.33,12.751,47.87,15.01,28.33,36.47,38.51,23.2,13.71,18.887,21.86,18.15,15.74,18.33,14.444,14.19,34.12,13.2,11.4,8.43,29.539,106.03,22.55,22.33,27.85,14.838,69.03,18.04,45.13,24.4,20.7,11.2,29.37,30.63,53.32,7.44,26.13,16.67,7.844,35.167,17.68,51.2,27.083,16.3,29.673
2014-06-13,12.57,16.44,3.22,21.2,0,6.99,4.48,15.28,7.97,9.21,10.7,7.7,23.35,19.5,9.4,13.66,6.15,36.949,10.66,37.512,27.18,33.45,13.36,51.3,14.92,29,36.7,41.1,24.2,13.56,19.71,23.29,19.3,15.86,18.85,15.155,14.05,34.05,13.31,11.16,8.33,31.219,106.92,23.42,21.85,28.892,15.248,69.21,18.61,45.9,26.36,20.3,11.8,28.6,32.4,52.72,7.68,25.75,17.85,8.293,37.467,18.99,52.3,28.617,15.85,31.173
2014-06-20,12.32,16.74,3.28,21.6,0,6.58,4.54,15.45,8.11,9.02,10.56,7.4,22.84,19.69,9.27,13.74,5.84,35.795,10.95,37.668,28.34,33.76,13.31,52.09,15.19,29.45,37.8,40.3,25.09,13.76,19.846,24.26,19.45,15.55,18.64,15.667,14.34,34.3,12.94,11.45,8.86,31.519,104.88,23.2,23.34,28.958,14.825,72.88,18.56,44.65,25.62,20.3,11.83,28.77,31.77,54.04,7.7,25.78,17.56,8.158,37.517,18.7,52.85,28.625,16,30.518
2014-06-27,12.15,15.6,3.3,20.1,0,6.44,4.31,15.11,7.58,8.82,10.41,7.33,22.4,20.19,9.36,13.75,5.89,35.938,10.85,38.459,27.62,33.6,13.25,51.69,14.18,29.26,36.57,37.7,25.8,13.01,19.546,23.83,18.93,14.9,19.07,15.303,14.18,33.48,12.96,11.03,8.36,31.399,103.38,23.15,21.6,27.417,15.563,71.39,18.05,44.6,25.18,19.63,11.73,29.06,32.19,52.93,7.43,26.21,16.05,7.817,38.333,17.2,53.25,26.992,15.54,29.191
2014-07-04,12.29,16.63,3.36,17.8,0,6.23,4.17,15.24,8.44,8.89,10.4,7.33,21.75,21.33,10.11,13.75,5.9,35.831,10.87,38.02,29.15,33.75,13.39,50.5,14.34,29.94,36.6,38.1,26.82,13.75,19.458,23.9,18.69,15.32,19.22,15.622,14.2,33.94,12.56,11.47,8.76,31.319,105.98,23.03,23.1,27.425,14.965,71.08,18.26,44.96,24.61,21.25,11.44,31.22,32.8,52.4,7.9,27.86,16.33,7.736,37.667,17.5,54.77,27.2,16.32,28.882
2014-07-11,13.45,16.76,3.49,16.1,0,6.29,4.05,15.29,8.39,8.91,10.77,7.27,21.52,21.13,10.61,14.01,5.95,35.348,10.79,37.83,30.8,34.81,13.45,51.5,14.82,29.75,36.73,39,26.8,13.75,19.575,23.97,18.99,14.88,19.32,16.569,14.5,33.58,11.87,11.78,8.6,31.389,106.11,22.4,22.49,28.525,15.225,72.4,18.6,43.15,26.28,21.37,11.78,30.7,33.15,52.34,7.97,27.6,17,8.041,38.642,18.28,55.05,27.667,15.7,30.155
2014-07-18,12.97,16.4,3.58,15.6,0,6.85,4.32,14.75,8.36,8.51,11.3,7.63,20.21,22.01,11.56,13.85,6.78,35.411,11.03,36.8,31.94,37.51,14.33,55.1,13.86,27.69,37.14,38.75,27.07,13.37,19.739,22.78,19.36,15.05,18.9,17.76,14.21,34.88,12.04,11.79,8.45,31.639,106.85,23.25,21.83,30.417,15.355,72.66,18.96,44.65,28.23,21.44,12.92,31.45,32.76,52.65,8.64,28.15,19.17,8.464,36.15,20.52,56.82,29.183,16.63,31.945
2014-07-25,14.13,16.77,3.66,14.9,0,6.58,4,14.33,7.9,8.56,11.2,7.87,21.7,22.84,11.3,13.49,6.59,34.185,11.3,39.4,30.94,37.73,14.59,55.6,14.14,28.9,37.45,37.05,27.05,13.69,20.03,21.98,20.6,15.42,18.95,18.566,15.05,35.55,12.36,11.45,8.63,32.999,111.74,23.22,22.15,30.225,15.473,71.55,18.75,45.62,29.29,21.72,13.17,32.38,35.06,54,8.51,28.95,19.24,8.617,37.483,20.49,57.35,29.417,16.6,32.5
2014-08-01,13.68,15.85,3.38,14.2,0,6.29,3.9,13.68,8.1,8.53,10.99,7.3,21.8,22.55,11.75,12.6,6.7,33.138,10.54,38.37,29.46,36.6,13.99,54.08,13.97,29.16,36.51,35.94,26.6,13.13,19.575,20.21,19.73,15.24,18.22,17.638,14.71,33.81,12.39,11.38,8.63,31.779,109.99,20.7,22.01,29.567,15.455,69.35,17.85,45.5,27.3,21.85,12.16,31.77,33.9,51.36,8.79,28.54,17.82,8.428,34.958,19.01,57.25,29.125,15.66,31.773
2014-08-08,13.45,16.11,3.03,13.5,0,6.62,3.82,13.67,8.19,8.35,10.95,7.41,23.41,22.19,11.28,12.6,6.7,32.834,10.91,37.77,29.33,37.37,13.9,54,14.16,27.51,36.67,36.1,26.45,13.35,19.449,19.55,20.24,15.18,18.3,18.144,14.6,34,11.09,11.14,8.95,30.569,109.3,19.87,22.83,29.15,14.908,69.75,17.77,42,27.15,21.83,12.05,31.61,32.11,52.85,8.7,28.16,18.14,8.482,34.408,19.31,57,28.333,15.7,31.818
2014-08-15,13.67,15.17,3.19,12.2,0,6.82,4.15,13.76,8.2,9.02,10.88,7.82,24.37,21.62,10.45,13.07,6.28,32.834,11.14,38.2,29.09,36.3,14.11,55.07,15.05,27.81,37.43,38.3,28.15,12.5,19.972,19.99,20.2,15.25,18.53,18.238,14.72,35.73,10.93,11.18,9,30.999,110,20.81,23.41,30.8,16.225,69.77,17.97,42.5,29.2,21.91,12.68,31,34.22,55.75,9,27.55,18.84,8.715,36.358,20.06,57.45,30.125,15.9,32.5
2014-08-22,13.88,15.78,3.23,12.2,0,7.17,4.16,13.91,8.06,9.13,11.62,8.19,25.9,21.95,10.42,13.24,6.67,35.697,11.1,38.6,30.3,39.23,14.5,57,15.14,27.23,39.64,42.6,27.4,12.95,21.416,20.16,21.77,15.28,18.52,18.238,14.69,37.7,11.12,11.75,8.87,31.919,110.49,20.91,23.05,31.833,16.063,72.3,18.8,43.2,30.23,22.5,12.67,31.37,33.75,56.63,9.14,27.92,19.72,9.039,34.892,20.92,57.45,31.333,16.25,34.073
2014-08-29,13.87,15.86,3.37,14.5,0,8.15,4.35,14.3,8.08,10.07,12.35,9.12,27.99,20.45,9.82,14.19,7.6,41.602,11.3,39.6,31.69,39.66,14.9,57.71,15.25,29.73,39.85,41.01,28,12.96,21.891,21.39,23.27,15.46,19.46,17.966,15.84,37.51,12.55,11.37,8.91,32.649,113.92,20.96,23.28,33.35,16.763,76.62,20.26,47.85,34.99,21.81,13.5,29.12,35.74,57.69,10.12,25.97,22.14,9.794,34.967,23.35,59.9,34.033,16.3,36.691
2014-09-05,15.1,16.29,3.26,16,0,7.81,4.49,14.02,8.36,9.95,11.77,9.35,27.45,19.25,9.76,14.03,7.19,39.24,11.19,43.65,28.92,40.18,15,55.64,15.55,28.61,38.95,40.15,26.98,13.4,20.67,21.66,22.3,15.86,18.85,17.582,15.72,36.76,12.51,12.57,9.47,32.509,113.85,20.15,24.65,33.208,16.073,74.56,19.84,49.45,34.2,21.96,14.19,28.25,35.1,57,9.77,25,21.73,9.794,34.183,22.82,59.5,34.075,16,36.873
2014-09-12,14,14.91,3.11,15.1,0,7.34,4.06,12.43,8,9.51,10.88,8.5,25.47,18.95,9.4,13.07,6.94,36.681,10.3,41.85,27.35,36.16,13.74,51.3,15.1,26.44,36.58,38.21,25.4,12.36,18.896,20.8,20.34,15.89,18.2,15.622,14.46,35.14,13.69,12.02,9.8,31.449,110.5,18.97,25.85,30.767,15.05,70.46,18.34,49.65,30.96,23.1,12.65,28.62,32.71,54.5,9.58,25.24,19.12,9.03,33.667,20.14,57.15,30.833,15.47,33.673
2014-09-19,13.42,15.2,3.15,17.4,0,7.57,4.32,12.09,8.17,9.94,11.01,8.33,26.68,18.69,10.06,13.18,6.74,36.806,10.09,40,27.22,34.62,14.1,53.05,16.15,24.75,37.16,38.01,25.15,12.67,19.662,20.3,20.32,16.17,17.6,14.609,14.9,35.66,13.38,12.1,9.95,32.249,111.18,18.87,26.45,31.375,14.7,69.34,18.48,50.91,32.07,23.63,12.78,28.32,32.4,54.07,9.66,24.9,19.85,9.192,33.15,20.91,57.32,31.667,16.4,34.318
2014-09-26,12.77,14.66,3.02,17.5,0,7.33,4.2,12.68,7.12,9.84,10.55,8.26,25.89,17.64,9.21,13,6.67,36.091,10.29,38.66,27.19,34.5,13.39,51.99,16.13,25.3,36.48,38.8,23.94,12.15,19.478,20.51,19.85,16.17,17.92,14.018,14.5,35.32,13.4,11.98,9.74,31.049,110.26,19.6,26.54,31.758,15.09,71.56,17.95,49.9,29.83,23.49,12.7,26.97,31.2,53.39,9.67,23.77,19.82,9.102,32.125,20.94,58.35,31.992,16.41,34.273
2014-10-03,12.23,14.45,2.85,16.3,0,6.35,4.15,12.13,6.84,8.9,9.75,8.16,23.37,18.07,8.84,12.54,6.4,33.773,10,40.5,26.01,35.2,12.42,49.95,16.64,25.65,35.1,36.6,24.39,11.97,18.334,19.62,19.24,15.66,17.36,13.597,13.79,34.16,12.5,12.15,9.75,30.449,108.1,19.8,26.48,29.25,15.4,70.42,17.48,48.43,26.01,23.69,11.14,27.2,31.7,50.61,9.9,23.87,17.5,8.464,32.342,18.35,59.75,29.442,16.2,31.691
2014-10-10,11.97,13.4,3.01,13.3,0,6.74,4.28,11.85,6.16,9.2,9.82,8.3,23.85,17.47,8.41,13,6.63,35.12,10.35,43.6,26.11,35.94,12.67,49.36,16.06,26.8,37.5,39.56,24.55,11,18.78,19.75,19.17,14.69,18,15.237,13.82,33.82,11.17,11.77,9.18,31.569,104.06,20.15,25.32,29.85,15.61,72.5,17.25,47.87,30.2,22.09,12.03,26.25,30.61,51.2,10.29,22.98,18.87,8.67,33.633,20.02,60.72,30.267,15.71,32.118
2014-10-17,12.27,13.65,2.92,12.5,0,6.99,4.22,11.83,5.88,9.05,10.4,8.09,23.5,18.43,8.48,12.45,6.45,35.43,9.77,39.31,26.42,34.84,12.51,49,16.73,26.59,37,38.5,24,11.13,18.703,19.64,19.44,14.9,17.95,15.444,14,34.3,11.75,11.61,9.09,31.439,105.6,19.39,24.73,30.525,15.1,72,17.32,48.6,31.99,22.13,12.19,26.62,30.4,51.8,10.29,23.07,18.18,8.94,32.25,19.09,60.25,31.333,16.07,33.364
2014-10-24,11.37,14.03,2.64,10.8,0,6.08,3.81,10.79,6.22,8.56,9.14,7.31,22.5,18.58,9.15,11.87,5.56,31.45,9.79,38.5,24.75,31.85,12.49,48.5,17.64,23.92,34.25,33.6,23,11.58,17.443,18.3,17.5,15.47,16.64,14.215,13.2,32.77,11.19,11.6,9.91,29.849,99.76,18.86,27.32,27.408,14.33,69.4,15.9,46.29,25.75,22.59,10.65,27.45,29.15,49.57,9.7,23.71,15.7,8.05,30.417,16.3,57.2,28.042,15.71,30.136
2014-10-31,12.82,13.4,2.7,13,0,6.22,4.24,11.08,5.7,8.9,9.38,8.2,25,16.74,8.25,12.32,6.05,34.59,9.67,42.8,24.43,34.61,12.52,51.25,18.13,28.7,35.72,36,25.2,11.09,18.024,19.39,19.9,13.35,17.31,13.343,14.62,33.75,13.47,12.25,10.46,31.399,103.9,20.02,30.01,30.4,17.66,74.2,18.45,50.61,27.73,23.99,10.9,25,33.06,54.05,11.05,21.55,14.65,8.886,33.908,15.28,64.49,31.1,16.4,33.409
2014-11-07,12.25,13.88,2.36,12,0,5.86,4.21,9.7,5.72,8.22,8.9,7.8,24.21,14.9,7.87,11.15,5.8,31.55,9.3,44.89,26.1,33.05,11.2,47.85,18.95,28.94,34.71,36.35,24.73,11.59,17.898,19.65,17,14.25,16.8,13.156,14.85,33.95,13.27,12.49,10.95,31.899,103.65,19.9,31.15,29.167,17.7,73.5,17.4,49,25.99,24.28,10.03,24.02,31.61,51.39,11.1,20.7,13.77,8.76,32.208,14.27,65.06,30.083,16.44,32.864
2014-11-14,12.8,13.16,2.26,13.1,0,5.65,4.03,9.86,5.48,8.25,8.03,7.48,24,14.17,7.04,11.45,5.68,29.94,9.05,45,25.26,31.8,10.56,47.53,19.06,27.29,32.65,33.76,24.55,10.99,17.375,19.35,16.29,13.97,16.18,12.59,15.89,32.81,13.02,12.76,11.03,31.369,103.75,19.34,31.68,28.792,17,71.71,16.11,49.45,24.54,23.9,9.88,23,31,51.93,11.06,19.8,12.78,8.581,32.6,13.2,65.09,29.8,15.82,32.091
2014-11-21,13.78,12.81,2.65,15.2,0,6.09,4.3,10.97,5.4,8.45,7.67,8.51,24.7,15.18,6.68,12.4,6.42,32.6,10.06,47,27.59,35.82,10.95,50.65,19.45,28.15,35.84,36,26.59,10.82,19.487,20.5,18.94,15.07,17.75,13.25,17.22,34.38,12.57,13.78,10.52,33.629,106.9,21.23,30.36,32.517,18,76.22,17.88,52.21,29.83,23.67,10.55,23.59,34.75,56,11.98,20.22,13.63,9.605,36.042,14.3,67.85,34.167,17.13,36.345
2014-11-28,15.03,12.99,2.74,13.8,0,6.02,4.14,11,5.2,8.39,7.72,8.55,24.45,15.08,6.06,12.45,6.54,31.9,10.1,47,25.87,35.3,10.95,51.61,19.25,27.89,35,35.27,27.8,10.9,19.1,19.21,18.45,14.8,17.35,14.08,16.92,34.67,12.46,13.95,10.88,33.179,108.5,20.5,30.83,31.8,17.93,76.65,17.65,52.51,29.65,23.64,10.54,23.3,33.57,55.05,12,20,12.15,9.416,36.625,12.8,66.4,32.967,16.85,35.091
2014-12-05,14.56,12.09,2.56,12.2,0,5.66,3.86,9.99,5.11,7.84,6.69,8.28,21.75,13.73,5.53,11.75,5.61,31.1,9.88,47.4,26,33.5,10.19,48.35,19.3,26.29,34.99,33.5,27.9,10.25,18.46,18.27,16.7,14.27,16.83,13.33,16.7,34.09,11.75,13.92,11.03,32.399,103.89,18.54,30.9,29.917,17.1,75.74,16.05,48.85,27.23,23.2,9.66,21.88,31.99,51.7,11.39,18.7,11.45,8.994,35.658,12.26,62.9,31.217,16,33.664
2014-12-12,14.73,9.85,2.09,11.2,0,5.38,3.61,9.5,4.32,7.55,6.5,7.36,20.5,11.7,4.54,10.85,5.49,27.25,9.15,46.5,26.12,34.12,10.03,46.5,17.46,25.24,32.75,30.76,27.15,8.29,17.656,17.3,15.1,13.24,15.99,12.8,15.5,32.98,12.09,13.79,10.74,30.709,98,18.2,30.15,27.633,16.74,73.1,14.74,46.7,23.23,23.31,8.8,18.91,31.34,49.24,11.72,16.21,9.46,8.221,34.242,10.11,58.65,28.4,15.5,30.682
2014-12-19,14.08,11.49,2,10,0,5.56,3.48,10.27,5.23,8.17,7.01,7.4,20.53,13.52,5.7,10.78,5.73,27.85,9,46,26.49,33.78,10.1,47.52,17.01,25.03,35.89,31.33,27.07,9.68,17.53,17.37,15.78,13.31,16.14,12.14,16.31,33.4,11.71,14.01,11,31.019,97.92,19.2,31.6,28.875,16.15,75.5,15.5,46.5,24.35,24.17,9.43,21.57,31.1,50.67,12.22,18.78,9.44,8.617,33.667,9.83,64.4,29.667,15.95,31.636
2014-12-26,14.59,11.05,2.16,8.8,0,5.86,3.32,10.55,5.15,8.17,7.88,7.6,19.94,13.93,6.04,11.1,6.05,28.35,9.07,45.5,26.71,36.26,10.25,47.59,17.42,25.39,35.64,31.4,27.59,9.44,17.898,17.41,16.6,13.45,16.76,13.17,16.87,34.4,11.7,14.4,11.16,31.939,97.5,19.31,32.26,28.783,16.62,75.54,15.7,46.99,24.55,24.54,9.71,21.68,32.72,51.4,10.94,19.21,9.85,8.518,33.333,10.3,62.9,29.217,16.22,31.545
2015-01-02,14.99,10.82,2.08,8.43,0,5.66,3.09,10.65,4.79,7.68,7.93,7.23,19.7,13.64,5.04,10.45,5.66,27.8,8.73,48.28,25.43,34.03,10.12,44.26,17.41,22.05,35.12,30.42,26.75,9.11,17.084,16.8,15.41,12.72,16.19,12.8,16.86,32.61,11.67,14.29,10.98,31.779,93.81,18.55,32.3,28.492,14.8,75.9,14.72,46.26,22.65,24.85,9.5,21.28,30.47,50.66,10.58,18.73,9,8.239,33.1,9.36,62.18,28.583,16.01,30.755
2015-01-09,14.05,11.2,2.12,6.6,0,5.57,3.28,10.25,4.56,7.79,7.62,7.24,19,14.34,5.39,10.79,5.5,25,8.72,47,25,32.81,10.27,47.8,15.69,19.04,34.25,30.43,26.71,9.66,17.171,16.76,16,12.8,16.5,11.83,16.25,31.85,11.62,14.57,11.06,32.849,95.3,19.15,31.58,29.158,13.34,73.3,15.55,46.1,22.54,22.8,9.4,22.35,29.3,49.5,10.43,19.82,9.29,8.428,33.183,9.4,61.78,29.558,16.47,31.609
2015-01-16,14.33,10.85,1.97,4.96,0,5.61,3.16,11.05,4.24,7.71,7.74,7.03,18.83,14.06,5.16,10.82,5.38,25.93,9.06,47.65,25.5,34.2,10.23,50.8,15.25,18.16,36,31,27.26,9.38,18.315,15.92,17.05,13.15,17.35,12.39,16.73,33.58,11.95,13.96,10.43,34.099,88.78,21.45,30.14,28.575,13.39,74.2,16.7,49.61,22.3,21.35,9.5,21.88,30.25,50.65,11.15,19.23,9.23,8.491,32.5,9.44,63.6,29.417,16.9,31.218
2015-01-23,13.25,9.71,2.17,7.01,0,5.2,2.82,10.89,3.99,7.52,6.85,7.1,19.85,13.51,5,11,5.05,27.3,8.66,47.8,23.76,31.66,9.9,52.64,12.13,16.35,36.23,32.36,26.96,8.91,16.047,13.5,16.97,13.02,18.4,11.41,16.35,31.75,12.41,13.24,9.98,35.048,94.08,22.04,29.14,28.533,12.69,72.44,16.25,51.7,22.79,22.95,9.85,20.52,30.25,52.9,10.96,18.32,9.52,8.625,32.142,10,61.65,29.475,17.1,30.936
2015-01-30,12.22,9.84,1.9,4.99,0,5.13,2.68,10.37,3.35,7.43,6.14,6.91,18.19,11.61,4.16,10.81,5,24.53,8.66,42.25,23.56,31.2,8.91,48.19,12.45,16.69,34.9,31.35,26.55,9.11,16.319,13.3,15.23,12.45,18.23,11.91,15.55,31.14,11.84,13.69,10.87,34.449,89.1,22.49,32.3,27.917,12.3,70.5,15.28,49.8,20.66,23.74,9.1,18.61,29.4,53,11.44,16.55,8.04,8.212,33.333,8.18,64.38,28.108,17.63,29.909
2015-02-06,10.95,10.5,1.96,5.6,0,5.15,2.55,10.5,3.54,7.63,6.14,7.04,18.13,12.35,4.58,10.86,4.54,25.25,8.2,43,22.1,31.4,9.4,48.92,12.89,16.93,35.3,30.47,23.32,9.77,17.075,13.98,14.99,13.3,17.6,11.47,15.2,30.28,12.16,14.71,11.39,33.949,91.1,23.29,35.43,29.333,10.25,72,15.93,51.9,21.9,24.68,9.45,20.42,29.49,56.18,11.3,17.81,9.03,8.985,34.717,9.12,64.6,29.817,17.85,31.936
2015-02-13,10.8,11.01,2.03,6.74,0,5.08,2.33,10.28,3.6,7.69,6.11,7.2,16.7,13.53,4.85,11.17,4.62,27.83,8.53,43.51,23.38,33.3,9.72,52.4,12.7,17.9,34.1,27.75,23.38,10.11,17.83,15.35,15.8,14.17,18.3,11.96,15.7,31.82,12.8,15,11.65,34.149,90.29,22.8,36.6,30.058,10.7,77.49,16.35,53,24.6,25.6,9.35,22.48,29.93,57.9,11.62,19.34,9.78,8.955,35.833,9.99,63.99,30.5,17.96,32.273
2015-02-20,10.9,11.08,2.08,6.5,0,5.26,2.45,10.64,4.07,7.79,6.61,7.3,17.6,13.72,5.27,11.45,4.85,27.8,8.59,45.1,23.87,31.73,10.45,52.14,12.71,19.2,34.35,28.3,24.09,10.21,17.559,15.6,15.8,14.01,18.19,12.16,16.33,31.6,12.38,15.21,12.25,34.419,92,23.65,37.4,30.192,11.6,80.75,16.6,53.61,23.97,26.26,9.69,22.62,31.72,57,11.98,19.45,9.54,9.091,36,9.67,65.6,30.842,18.2,32.627
2015-02-27,10.05,11.16,2.1,5.94,0,5.35,2.24,10.54,4.13,7.59,6.93,6.8,17.81,13.24,5.15,11.58,4.82,28.29,9.01,47.53,23.55,34.5,11.59,54.55,12.8,19.3,35,28.12,26,10.17,17.995,16.94,16.91,14.13,19.1,12.98,16.69,33.4,11.92,16,12.06,34.399,97.15,25.36,36.86,31.117,10.39,84.09,16.67,52.91,23.72,24.9,10.04,21.25,32.4,59.58,12.52,18.51,9.48,9.173,37.258,9.57,64.43,31.333,18.34,33.182
2015-03-06,9.12,11.71,1.97,6.28,0,5.04,2.15,9.7,4.42,7.87,6.3,6.89,16.53,12.3,4.95,11.64,4.3,26.68,8.55,47.85,23.43,32.89,11.2,51.86,13.19,16.7,33.87,25.4,25,10.59,17.404,16.28,15.6,13.97,19.2,12.36,16.35,32.57,11.67,17.67,13.2,33.279,96.65,25.48,39.87,29.617,9.99,82.75,15.05,50.1,22,25.23,9.71,19.59,30.55,58.4,13.13,17.1,9.09,8.8,36.633,9.24,63.31,29.9,18.22,31.818
2015-03-13,8.34,11.73,1.9,6.23,0,5,2.33,9,4.86,7.96,6.54,6.93,16.7,11.42,5.5,11.55,4.17,25.59,8.7,48.38,23.05,32.15,11.45,50.44,10.95,15.47,33.18,24.64,23.33,10.87,17.356,17.17,15.35,13.45,18.9,11.75,15.7,33.03,11.81,18.39,14.28,29.549,95,25.52,41.61,28.217,10.11,82.4,14.05,50.6,21.37,24.83,9.65,18.88,29.64,58.11,12.9,16.48,8.15,8.618,36.658,8.3,62.36,28.05,18.09,30.755
2015-03-20,8.8,12.31,1.95,6.46,0,5.55,2.23,9.55,5.08,8.41,7.47,7.89,16.7,12.04,5.88,13.2,4.38,27.92,10.22,48.8,24.5,34.77,12.11,55.91,12.11,17.77,35.15,26.77,25.1,11.16,18.799,19.1,17.15,14.46,19.7,12.51,16.5,35.5,11.3,17.63,14.1,31.399,98.9,25.12,41.46,30.967,10.5,86.5,16.22,49.47,23.94,25.63,11.43,20.25,33,62.3,14.1,17.38,9.16,9.173,38.783,9.35,63.75,30.7,18.64,32.664
2015-03-27,8.11,10.59,2.09,5.89,0,5.47,2.32,9.01,5.14,8.36,7.12,7.84,16.62,10.75,5.62,13.59,3.98,27.3,9.91,48.88,22.54,33.28,13.25,53.94,11.29,18.06,34.67,26.23,23.5,9.94,18.596,16.85,15.98,13.74,19.32,12.77,15.83,34.21,10.63,18,14.79,31.509,94.9,24.79,44.17,28.94,9.88,87.38,16.2,47.92,22.16,24.35,11.13,18.35,32,62.26,13.97,15.97,9.22,8.773,37.767,9.38,63.28,28.6,18.24,30.773
2015-04-03,7.62,10.8,2.28,6.02,17.2,5.99,2.23,9.1,5,8.83,7.34,8.33,16.7,10.69,5.62,13.81,4.15,29,10.74,52.89,24.26,35.9,13.13,56.8,11.77,19.11,37.32,28.7,23.5,10.03,20.098,18.2,18.42,14.82,20.8,13.84,17,36.2,10.45,18.2,14.26,33.149,97.8,25.6,43.81,31.8,10.94,93.05,16.4,48.9,24.6,24.36,11.99,18,34.65,65.76,15.3,15.46,10.6,9.555,39.35,10.72,63.45,30.96,18.86,33.5
2015-04-10,7.9,10.37,2.4,6.29,16.7,5.99,2.43,9.08,4.85,8.65,7.68,8.57,16.79,10.71,5.68,13.7,4.5,29.4,10.85,53.8,25.05,35.7,12.29,58.1,11.67,20.31,38.8,28.14,22.85,9.59,20.117,17.55,18.37,15.35,21.44,13.88,17.37,35.8,10.41,18.23,14.7,34.149,101.2,26,45,31.45,12,93.5,16.76,46.86,24.3,24.17,12.08,18.42,35.3,65.86,16.41,15.36,11.83,9.573,40.883,11.82,63.95,31.08,19.5,33.655
2015-04-17,8.02,9.83,2.62,6.35,16.8,6.22,2.65,9.04,5.25,8.37,7.64,8.71,16.85,10.68,6.1,12.97,4.1,28.9,10.91,53.9,24.79,35.15,12.02,55.63,11.76,19.5,36.91,27.1,23.65,9.26,19.681,18.1,17.64,14.83,20.18,14.35,16.93,35.5,10.01,18.35,15,34.269,98.01,25.4,44.73,30.28,10.25,91.23,16,47,24.55,23.22,12.15,17.8,35.3,65.7,15.5,14.95,13.27,9.509,40.67,13.01,62,30.8,18.95,33.191
2015-04-24,8.23,10.47,2.77,6.09,15.1,7.44,2.91,9.03,5.98,8.88,8.86,8.74,17.67,12.65,7.23,12.93,4.19,29.46,11.59,54,24.87,34.34,12,56.06,12.4,19,36.88,27.03,24.45,10.55,20.108,18.15,18.52,15.32,20.08,14.71,17.35,36.3,10.24,18.3,14.82,34.549,98.8,25.5,43.27,30.85,11.76,95.11,16.13,47.7,27.19,22.65,12.73,23.2,36.1,68.35,15.44,18.71,14.7,9.909,40.5,13.26,61.01,32.44,18.9,35.573
2015-05-01,7.6,9.84,2.8,5.65,13,7.3,2.78,8.87,5.97,8.49,8.85,8.25,17.51,12.05,8.07,11.73,4.24,29.5,11.45,50.9,19,33.91,10.51,53,12.6,18.2,35.12,28.8,24.8,10.05,19.87,17.8,16.4,16.27,19.88,14.55,16.77,35.7,9.65,18.48,15.1,34.549,102,27.5,42.25,30.04,11,105.05,16.6,50,26.62,23.5,12.41,22.65,35.25,69.34,15.54,18.15,14.25,9.645,41.94,13.05,64.4,32.16,18.94,35.027
2015-05-08,7.74,10.05,2.83,5.74,12.5,8.11,2.95,9.02,5.94,9.05,9.86,7.78,14.51,12.35,8.09,11.25,4.4,27.74,11.7,52,21.81,34.64,10.97,54.21,14.84,18.01,34.91,31.05,24.73,10.34,20.23,19.29,16.44,17.27,21.8,15.62,17.46,36.8,9.03,18.86,15.13,34.529,97.87,26.36,41.4,29.62,11.09,114,15.97,47.28,28,23.41,12.51,22.75,37.29,71.62,16.52,18.51,14.5,9.71,42.14,13.52,64.6,31.75,19.85,34.773
2015-05-15,8.35,9.08,2.74,6.14,13.4,7.22,3.19,8.6,5.45,8.43,9.66,8.14,13.15,11.51,7.83,11.39,4.08,27.71,11.24,51.85,20.89,34.77,11.05,53.64,14.6,17.86,34.16,30.3,24.97,9.98,20.71,19.62,16.43,17.71,21.6,15.65,18.11,36.39,9,19.95,15.49,35,92.08,24.84,42.74,29.82,12.38,114.33,15.51,48.07,26.22,23.28,12.31,21.28,36.85,73.85,16.49,17.79,15.05,9.65,42.9,14.06,65.5,32.28,19.58,35.2
2015-05-22,7.8,8.18,2.56,6.4,12.9,6.7,2.93,7.98,5.3,7.87,9.22,7.82,13.78,10.95,7.2,10.78,4.24,27.85,10.75,50.99,19.45,33.63,10.91,51.64,13.25,18.9,32.34,29.24,23.69,9.21,19.69,18.31,16.1,16.56,21.75,14.41,17.31,35.17,9.22,19.4,15.49,34.88,88.68,24.3,42.4,27.28,12.56,109,15.31,45.26,23.35,25.15,11.82,20.26,33.83,72.31,16.45,17.05,14.1,9,41.27,13.08,64.09,29.1,18.78,32.091
2015-05-29,7.79,7.8,2.38,7.07,12.6,6.45,2.82,7.25,5.1,8,9.32,7.6,12.9,11.14,6.16,10.87,4.07,25.16,10.51,50.87,19.79,32.77,10.55,49.83,12.97,18.3,31.95,28.67,19,8.67,19.34,18.55,15.2,15.86,21.76,14.18,16.18,33.85,9.42,19,16.68,33.27,85.65,24.3,43.74,26.2,11.43,107.05,15.44,44.85,22.74,23.86,11.23,20.05,33.35,68.64,15.6,16.76,13.25,8.82,40,12.33,64.45,28.21,18.4,31.209
2015-06-05,7.85,7.9,2.44,6.59,13.3,6.68,2.79,8.08,4.91,7.98,9.5,7.9,13.17,11.81,6.16,10.75,4.01,25.75,10.68,51.3,20.14,32.94,10.49,48.23,13.19,18.21,32.4,30,21.67,8.68,19.52,17.9,14.9,16.01,21.28,14.23,16.37,34.5,9.77,19.18,16.42,33.35,82.89,24.5,44.31,25.92,11.5,107.1,15.56,43.43,22.33,23.56,11.76,20.6,34,69.46,15.86,17.61,13.52,8.6,40.46,12.56,66.4,27.54,18.65,30.136
2015-06-12,7.78,7.55,2.29,6.21,13,6.46,2.65,8.14,4.7,8,9.37,7.72,12.59,11.86,6.13,9.77,4.09,26.4,10.5,51.66,19.75,33.07,10.46,47.02,14.09,20.6,33.03,28.86,21.05,8.6,19.3,17.42,14.6,16.36,21.9,13.33,16.75,34,9.59,18.9,16.13,33.58,81.29,24.7,41.65,26.57,12.5,110,15.4,42.24,22.5,24.14,11.75,21.16,33.05,68.3,15.9,17.88,14.18,8.56,41.41,13.02,67.83,27.77,18.68,30.182
2015-06-19,7.74,7.04,2.29,6.48,12.7,6.46,2.58,7.92,4.65,7.59,9.33,7.67,12.33,11.62,5.72,10,4.83,25.38,11.36,51.78,20.54,33.47,10.65,47.69,12.4,19.95,32.35,28.25,19.75,8.1,19.45,16.06,14.77,16.33,22.92,13.08,17.19,34.23,10.42,18.75,16.28,33.37,79.5,24.44,42.83,27.3,12.18,111,14.9,42.73,23.12,24.39,11.57,20.32,33.82,68.34,16.46,17.41,14.51,8.92,41.62,13.17,67.86,28.2,18.9,31.264
2015-06-26,7.75,6.7,2.32,6.23,12.7,5.96,2.41,7.81,4.35,7.48,8.65,8,12.5,11.4,5.56,9.99,5.6,26,11.49,51.86,19.55,35,10.7,48.35,13.74,17.92,31.1,27.02,19.44,7.7,19.38,16.37,14.72,17.01,22.8,11.85,17.1,34.25,10.7,18.95,16.89,33.76,77.14,24.4,44.15,28.2,12.16,114.89,15.4,44.45,24.5,23.95,11.67,19.62,34.97,66.39,16.1,16.7,14.65,8.99,42.39,13.21,67.5,29.09,19.18,31.5
2015-07-03,6.69,5.56,2.32,5.51,13.3,5.88,2.27,7.59,4.03,7.37,8.5,7.76,12.06,10.03,4.77,9.81,5.32,23.79,11.65,52.25,20.14,35.37,10.25,47.9,12.43,17.75,30.33,27.88,21.5,6.66,19.03,16.2,14.25,16.64,21.8,11.61,17.85,34.6,10.3,19.08,16.82,35.02,71.66,24.25,42.8,27.88,11.85,118,15.28,44.19,23.67,23.25,11.45,17.68,34.04,65.8,16.02,15.23,12.95,8.89,44.82,11.73,65.5,28.52,19.18,31.373
2015-07-10,6.05,5.03,2.44,5.31,12.4,5.93,2.38,7.27,4.1,7.48,8.6,7.88,12.63,9.71,4.54,9.53,5.59,23.42,11.65,54.75,19.9,35.35,10.62,47.9,13.3,18,29.81,28.18,22,6.74,19.3,16.8,14.41,16.85,21.15,11.19,18.15,36.11,9.58,19.43,15.83,35.15,69.48,24.3,41.23,27.66,11.65,115.67,15.53,43,23.76,23.64,11.79,17.11,33.51,66.77,15.9,14.41,13.27,8.98,44.23,11.79,69.26,28.46,19.5,31.527
2015-07-17,6.63,4.4,2.65,5.12,12.2,5.81,2.39,7.16,4,7.48,8.6,7.97,12.12,9.76,4.5,9.41,5.55,22.25,12.45,56.42,19.67,35.52,11.3,47.13,12.93,18.12,30,27.1,21.33,6.24,19.44,18.53,14.08,17.09,21.35,10.45,17.85,36.5,9.41,20.11,14,35.52,74.88,24.5,40.05,27.9,11.28,113.61,15.5,43.35,22.6,24.24,11.82,17.45,33.16,67.27,15.76,14.6,12.62,8.8,45.39,11.4,69,28.72,19.72,31.19
2015-07-24,5.62,3.64,2.41,4.6,9.2,5.26,2.31,6.46,3.84,7,8.05,7.44,11.21,9.31,3.98,8.92,5.02,20.65,12.67,53.45,18.62,33.53,10.98,44.73,12.05,17.1,28.39,25.8,19.95,5.84,18.66,18.3,12.8,15.89,20.11,9.07,17.4,34.98,8.99,21.11,15.69,35.25,69.49,23.96,44.08,26.32,10.09,107,14.46,41.49,20.41,23.8,10.48,16.79,30.45,67.5,14.8,14.03,11.09,8,44,10.04,67.35,26.71,19.04,28.87
2015-07-31,5.68,3.5,2.55,4.84,9.1,5.79,2.3,6.94,3.93,6.96,8.54,7.7,11.83,9.84,4.33,9.3,5.31,20.8,13.05,55.31,19.13,35.28,11.35,46.65,12.54,14.2,28.1,25.46,20.35,5.9,19.28,17.47,12.85,16,20.26,9.44,17.24,36.25,9.39,21.23,16.79,35.46,75,24.29,45.54,27.66,9.6,108.89,15.22,45.13,22.05,23.9,10.44,17.87,32.25,70.27,15.41,14.65,11.58,8.4,43.73,10.5,71.87,27.28,19.46,30.08
2015-08-07,5.35,3.76,2.56,3.9,9.06,5.5,2.1,6.36,3.95,6.43,8.28,7.13,11.47,9.9,4,8.4,5.27,20,12.73,54.59,17.41,33,10.39,43.35,13.08,12.82,26.5,23.45,18.76,6.01,17.86,16.65,11.19,15.4,18.6,8.85,15.7,34.8,9.07,20.7,17.41,35,68,23.81,48.91,26.45,8.82,101.29,13.65,42.22,20.48,24.5,10.16,18.42,30.31,66.5,14.73,14.91,10.61,7.75,41.5,9.69,70.75,25.28,19.52,28.19
2015-08-14,5.01,3.37,2.31,3.33,8.84,5.25,2,6.3,3.47,6.4,7.8,6.85,12.42,9.3,3.44,8.1,6.26,20.2,12.15,54.88,17.2,32.01,10.53,44.15,13.56,13.16,24.9,22.22,19.5,5.61,16.99,15.75,11.82,14.47,17.87,9,15.65,34.79,8.51,20.63,16.86,33.93,64.16,23.67,48.17,25.4,9.78,98.71,14.03,40.66,19.3,23.65,10.65,18.2,30.45,65.7,15.07,14.34,10.35,7.56,40.42,9.3,71,24.21,18.61,26.67
2015-08-21,4.33,2.97,2.26,3,7.65,4.93,1.99,6.55,3.07,6.1,7.37,6.57,13.7,8.77,3.05,8.04,6.26,18.21,11.74,50.78,16.76,30.87,10.4,43.16,12.71,12.5,23.71,22.47,18.76,5.15,16.4,14.75,11.61,14.14,16.97,8.72,15.46,33.47,8.85,20,16.86,33.15,62.02,26.43,47.93,24.6,9.34,98.51,14.61,39.64,18.56,22.46,10.55,16.7,29.85,61.5,14.19,13.45,9.2,7.26,39.4,8.3,67.27,23.28,18.13,26.4
