Date,A2A.MI,ANIM.MI,ATL.MI,AZM.MI,BMED.MI,BMPS.MI,BP.MI,BPE.MI,BZU.MI,CNHI.MI,CPR.MI,ENEL.MI,ENI.MI,EXO.MI,FBK.MI,FCA.MI,FNC.MI,G.MI,ISP.MI,IT.MI,LUX.MI,MB.MI,MONC.MI,MS.MI,PMI.MI,PRY.MI,PST.MI,RACE.SW,SFER.MI,SPM.MI,SRG.MI,STM.MI,TEN.MI,TIT.MI,TRN.MI,UBI.MI,UCG.MI,UNI.MI,US.MI,YNAP.MI
07.01.2000,3,86,0,0,0,0,0,0,11,10,0,4,6,56,12,11,10,88,0,0,0,0,0,0,0,0,9,41,0,0,8,87,0,0,30,2,3,61,0,0
14.01.2000,3,95,0,0,0,0,0,0,11,9,0,4,6,37,11,73,10,20,0,0,0,0,0,0,0,0,9,33,0,0,8,45,0,0,30,85,3,51,0,0
21.01.2000,3,78,0,0,0,0,0,0,11,68,0,4,6,53,13,62,10,9,0,0,0,0,0,0,0,0,8,68,0,0,7,97,0,0,30,25,3,41,0,0
28.01.2000,4,37,0,0,0,0,0,0,11,43,0,4,6,57,14,22,9,98,0,0,0,0,0,0,0,0,8,19,0,0,8,6,0,0,29,10,3,15,0,0
04.02.2000,4,71,0,0,0,0,0,0,12,4,0,4,6,56,14,54,9,84,0,0,0,0,0,0,0,0,7,80,0,0,8,51,0,0,28,99,3,25,0,0
11.02.2000,5,73,0,0,0,0,0,0,12,18,0,4,6,61,16,66,8,81,0,0,0,0,0,0,0,0,8,33,0,0,8,48,0,0,29,80,3,44,0,0
18.02.2000,5,95,0,0,0,0,0,0,13,66,0,4,6,54,15,14,8,70,0,0,0,0,0,0,0,0,9,0,0,0,9,22,0,0,30,10,3,36,0,0
25.02.2000,5,92,0,0,0,0,0,0,15,89,0,4,6,43,14,96,8,62,0,0,0,0,0,0,0,0,11,19,0,0,8,67,0,0,29,10,3,35,0,0
03.03.2000,6,35,0,0,0,0,0,0,17,31,0,4,6,41,13,62,8,58,0,0,0,0,0,0,0,0,11,0,0,0,8,92,0,0,28,8,3,83,0,0
10.03.2000,7,8,0,0,0,0,0,0,19,18,0,4,6,43,14,22,8,36,0,0,0,0,0,0,0,0,13,0,0,0,9,84,0,0,28,84,3,93,0,0
17.03.2000,6,90,0,0,0,0,0,0,18,25,0,4,6,39,14,54,9,17,0,0,0,0,0,0,0,0,11,80,0,0,8,35,0,0,29,50,3,55,0,0
24.03.2000,6,18,0,0,0,0,0,0,18,98,0,4,6,38,16,66,8,16,0,0,0,0,0,0,0,0,10,72,0,0,8,6,0,0,30,40,3,72,0,0
31.03.2000,5,37,0,0,0,0,0,0,16,92,0,4,6,44,15,14,7,99,0,0,0,0,0,0,0,0,9,65,0,0,7,66,0,0,29,30,3,37,0,0
07.04.2000,5,23,0,0,0,0,0,0,18,67,0,4,6,8,14,96,8,23,0,0,0,0,0,0,0,0,8,3,0,0,7,67,0,0,28,98,3,63,0,0
14.04.2000,4,80,0,0,0,0,0,0,17,25,0,4,6,16,13,69,9,36,0,0,0,0,0,0,0,0,8,17,0,0,7,60,0,0,30,0,3,77,0,0
21.04.2000,4,75,0,0,0,0,0,0,17,8,0,4,6,49,14,66,9,0,0,0,0,0,0,0,0,0,7,31,0,0,7,59,0,0,30,60,4,20,0,0
28.04.2000,4,76,0,0,0,0,0,0,16,56,0,4,6,41,14,38,9,30,0,0,0,0,0,0,0,0,7,23,0,0,7,50,0,0,34,54,3,79,0,0
05.05.2000,4,85,0,0,0,0,0,0,17,64,0,4,8,74,13,93,9,69,0,0,0,0,0,0,0,0,7,14,0,0,7,90,0,0,31,30,3,64,0,0
12.05.2000,4,66,0,0,0,0,0,0,18,2,0,4,7,98,13,32,9,83,0,0,0,0,0,0,0,0,8,50,0,0,7,60,0,0,30,35,3,77,0,0
19.05.2000,4,35,0,0,0,0,0,0,17,79,0,4,7,54,13,60,9,60,0,0,0,0,0,0,0,0,8,70,0,0,7,48,0,0,30,95,3,78,0,0
26.05.2000,4,7,0,0,0,0,0,0,17,26,0,4,6,78,12,99,9,75,0,0,0,0,0,0,0,0,7,65,0,0,7,60,0,0,31,80,4,2,0,0
02.06.2000,4,50,0,0,0,0,0,0,15,52,0,4,7,11,12,5,9,50,0,0,0,0,0,0,0,0,8,0,0,0,7,75,0,0,32,80,3,92,0,0
09.06.2000,4,60,0,0,0,0,0,0,16,30,0,4,6,96,12,64,9,55,0,0,0,0,0,0,0,0,9,40,0,0,7,83,0,0,32,35,3,91,0,0
16.06.2000,4,78,0,0,0,0,0,0,17,81,0,4,7,18,12,11,9,40,0,0,0,0,0,0,0,0,9,14,0,0,7,74,0,0,32,60,4,8,0,0
23.06.2000,4,59,0,0,0,0,0,0,18,13,0,4,6,77,12,22,9,50,0,0,0,0,0,0,0,0,9,9,0,0,7,63,0,0,33,35,4,10,0,0
30.06.2000,4,15,0,0,0,0,0,0,17,19,0,4,7,14,12,11,9,49,0,0,0,0,0,0,0,0,8,84,0,0,7,56,0,0,34,70,4,38,0,0
07.07.2000,4,56,0,0,0,0,0,0,17,29,0,4,7,10,11,73,9,22,0,0,0,0,0,0,0,0,8,83,0,0,7,69,0,0,35,90,4,51,0,0
14.07.2000,4,68,0,0,0,0,0,0,17,84,0,5,6,88,11,36,9,13,0,0,0,0,0,0,0,0,8,95,0,0,7,79,0,0,36,80,4,44,0,0
21.07.2000,4,55,0,0,0,0,0,0,17,74,0,5,6,69,11,60,9,55,0,0,0,0,0,0,0,0,9,13,0,0,7,87,0,0,34,85,4,44,0,0
28.07.2000,4,32,0,0,0,0,0,0,18,36,0,5,6,61,11,66,9,36,0,0,0,0,0,0,0,0,9,14,0,0,7,66,0,0,35,35,4,32,0,0
04.08.2000,4,15,0,0,0,0,0,0,18,37,0,5,6,58,12,11,9,25,0,0,0,0,0,0,0,0,8,75,0,0,7,48,0,0,35,5,4,46,0,0
11.08.2000,4,29,0,0,0,0,0,0,17,76,0,5,6,46,11,51,9,66,0,0,0,0,0,0,0,0,8,59,0,0,7,60,0,0,35,10,4,63,8,74
18.08.2000,4,27,0,0,0,0,0,0,18,26,0,5,6,38,11,39,9,80,0,0,0,0,0,0,0,0,8,90,0,0,7,58,0,0,36,15,4,67,8,47
25.08.2000,4,73,0,0,0,0,0,0,17,65,0,5,6,75,11,51,9,58,0,0,0,0,0,0,0,0,9,19,0,0,7,90,0,0,36,5,4,60,8,36
01.09.2000,4,81,0,0,0,0,0,0,18,58,0,5,6,64,11,51,9,43,0,0,0,0,0,0,0,0,9,2,0,0,7,70,0,0,35,40,4,34,8,25
08.09.2000,4,56,0,0,0,0,0,0,18,77,0,5,6,67,11,51,9,40,0,0,0,0,0,0,0,0,9,25,0,0,7,62,0,0,34,70,4,29,8,16
15.09.2000,4,51,0,0,0,0,0,0,18,90,0,5,6,84,11,51,9,69,0,0,0,0,0,0,0,0,8,97,0,0,7,73,0,0,34,50,4,2,8,23
22.09.2000,4,25,0,0,0,0,0,0,18,43,0,6,6,92,11,51,9,24,0,0,0,0,0,0,0,0,9,22,0,0,7,40,0,0,36,30,4,1,8,60
29.09.2000,4,17,0,0,0,0,0,0,17,84,0,5,6,74,11,48,8,99,0,0,0,0,0,0,0,0,8,89,0,0,7,35,0,0,35,65,4,8,8,65
06.10.2000,4,0,0,0,0,0,0,0,18,73,0,5,6,85,11,73,8,89,0,0,0,0,0,0,0,0,9,10,0,0,7,42,0,0,36,45,4,10,8,71
13.10.2000,3,69,0,0,0,0,0,0,19,21,0,5,7,11,11,78,8,75,0,0,0,0,0,0,0,0,8,90,0,0,7,31,0,0,35,85,4,29,8,63
20.10.2000,4,5,0,0,0,0,0,0,17,34,0,5,7,21,11,64,8,88,0,0,0,0,0,0,0,0,8,91,0,0,7,27,0,0,35,95,4,38,8,66
27.10.2000,3,86,0,0,0,0,0,0,16,33,0,5,7,13,11,90,9,10,0,0,0,0,0,0,0,0,8,87,0,0,7,26,0,0,35,90,4,36,8,75
03.11.2000,3,80,0,0,0,0,0,0,16,69,0,5,7,19,12,11,9,21,0,0,0,0,0,0,0,0,9,5,0,0,7,72,0,0,37,50,4,62,9,11
10.11.2000,3,60,0,0,0,0,0,0,17,34,0,5,7,50,12,13,8,87,0,0,0,0,0,0,0,0,9,5,0,0,7,63,0,0,38,85,4,59,9,63
17.11.2000,3,59,0,0,0,0,0,0,18,51,0,5,7,57,11,75,8,99,0,0,0,0,0,0,0,0,9,2,0,0,7,78,0,0,41,20,4,66,9,49
24.11.2000,3,61,0,0,0,0,0,0,18,26,0,5,7,7,11,81,9,5,0,0,0,0,0,0,0,0,9,80,0,0,7,78,0,0,41,55,4,68,9,18
01.12.2000,3,51,0,0,0,0,0,0,15,61,0,5,6,99,11,81,8,88,0,0,0,0,0,0,0,0,9,65,0,0,7,75,0,0,41,95,4,74,8,81
08.12.2000,3,51,0,0,0,0,0,0,13,94,0,5,6,74,11,63,8,84,0,0,0,0,0,0,0,0,9,10,0,0,7,72,0,0,41,80,4,77,8,39
15.12.2000,3,15,0,0,0,0,0,0,13,89,0,5,6,76,11,63,8,89,0,0,0,0,0,0,0,0,9,17,0,0,7,42,0,0,40,65,4,52,8,18
22.12.2000,3,14,0,0,0,0,0,0,14,90,0,5,6,86,11,60,8,88,0,0,0,0,0,0,0,0,8,53,0,0,7,25,0,0,39,15,4,85,8,14
29.12.2000,3,13,0,0,0,0,0,0,13,64,0,5,6,76,11,61,9,15,0,0,0,0,0,0,0,0,8,22,0,0,7,30,0,0,40,90,4,79,8,7
05.01.2001,2,89,0,0,0,0,0,0,13,99,0,5,6,78,11,63,9,95,0,0,0,0,0,0,0,0,8,76,0,0,7,22,0,0,42,30,4,93,7,76
19.01.2001,2,80,0,0,0,0,0,0,11,53,0,5,7,4,11,51,9,65,0,0,0,0,0,0,0,0,8,60,0,0,7,16,0,0,39,50,4,87,7,47
26.01.2001,3,5,0,0,0,0,0,0,13,61,0,5,7,54,11,51,9,86,0,0,0,0,0,0,0,0,8,48,0,0,7,40,0,0,38,40,4,93,7,63
02.02.2001,2,90,0,0,0,0,0,0,15,14,0,5,7,15,11,57,10,18,0,0,0,0,0,0,0,0,8,65,0,0,7,54,0,0,37,95,4,96,7,98
09.02.2001,2,77,0,0,0,0,0,0,14,88,0,5,7,21,11,36,10,77,0,0,0,0,0,0,0,0,8,86,0,0,7,44,0,0,39,10,4,79,7,57
16.02.2001,2,61,0,0,0,0,0,0,15,4,0,5,7,21,11,33,10,48,0,0,0,0,0,0,0,0,8,50,0,0,7,60,0,0,39,15,4,66,7,84
23.02.2001,2,59,0,0,0,0,0,0,13,76,0,5,7,15,10,90,10,45,0,0,0,0,0,0,0,0,8,44,0,0,7,42,0,0,39,25,4,65,7,81
02.03.2001,2,58,0,0,0,0,0,0,12,99,0,5,7,0,11,5,10,31,0,0,0,0,0,0,0,0,8,21,0,0,7,44,0,0,39,95,4,32,7,90
09.03.2001,2,57,0,0,0,0,0,0,12,88,0,5,7,7,11,25,10,44,0,0,0,0,0,0,0,0,7,95,0,0,7,43,0,0,38,10,4,19,8,14
16.03.2001,2,64,0,0,0,0,0,0,12,22,0,5,6,99,11,27,10,29,0,0,0,0,0,0,0,0,7,21,0,0,7,56,0,0,37,80,4,14,7,82
23.03.2001,2,54,0,0,0,0,0,0,11,36,0,5,7,13,11,28,9,48,0,0,0,0,0,0,0,0,7,55,0,0,6,75,0,0,38,0,3,97,7,78
30.03.2001,2,45,0,0,0,0,0,0,9,93,0,5,7,20,11,27,9,2,0,0,0,0,0,0,0,0,6,92,0,0,6,55,0,0,35,70,3,85,7,84
06.04.2001,2,61,0,0,0,0,0,0,9,99,0,4,7,37,11,25,9,36,0,0,0,0,0,0,0,0,6,60,0,0,6,69,0,0,34,50,4,6,8,42
13.04.2001,2,71,0,0,0,0,0,0,11,33,0,4,7,18,11,24,10,15,0,0,0,0,0,0,0,0,6,90,0,0,6,22,0,0,35,80,3,98,8,63
20.04.2001,2,81,0,0,0,0,0,0,11,5,0,4,7,15,11,24,10,17,0,0,0,0,0,0,0,0,6,62,0,0,6,51,0,0,35,70,4,34,8,84
27.04.2001,2,81,0,0,0,0,0,0,12,47,0,4,7,1,11,25,9,85,0,0,0,0,0,0,0,0,6,91,0,0,6,80,0,0,39,27,4,5,8,86
04.05.2001,2,78,0,0,0,0,0,0,13,7,0,4,6,93,11,25,10,3,0,0,0,0,0,0,0,0,7,5,0,0,7,9,0,0,35,85,4,2,8,63
11.05.2001,2,64,0,0,0,0,0,0,13,29,0,4,6,72,11,13,10,38,0,0,0,0,0,0,0,0,7,34,0,0,7,31,0,0,35,90,4,10,8,45
18.05.2001,2,65,0,0,0,0,0,0,14,18,0,4,6,41,10,90,10,94,0,0,0,0,0,0,0,0,7,40,0,0,7,33,0,0,35,20,4,18,8,27
25.05.2001,2,73,0,0,0,0,0,0,13,7,0,5,6,37,10,89,11,60,0,0,0,0,0,0,0,0,7,17,0,0,7,48,0,0,35,5,4,5,8,49
01.06.2001,2,78,0,0,0,0,0,0,13,12,0,5,6,53,11,7,11,46,0,0,0,0,0,0,0,0,7,80,0,0,7,66,0,0,33,45,4,15,8,4
08.06.2001,2,72,0,0,0,0,0,0,13,42,0,4,6,57,11,16,11,37,0,0,0,0,0,0,0,0,7,90,0,0,7,47,0,0,33,85,4,6,7,94
15.06.2001,2,71,0,0,0,0,0,0,12,90,0,4,6,56,11,25,12,5,0,0,0,0,0,0,0,0,7,65,0,0,7,48,0,0,33,55,3,94,7,85
22.06.2001,2,61,0,0,0,0,0,0,12,56,0,4,6,61,11,28,11,80,0,0,0,0,0,0,0,0,7,47,0,0,7,12,0,0,35,35,3,83,7,88
29.06.2001,2,45,0,0,0,0,0,0,12,72,0,4,6,54,11,20,11,65,0,0,0,0,0,0,0,0,7,35,0,0,6,81,0,0,34,55,3,84,7,75
06.07.2001,2,36,0,0,0,0,0,0,11,98,0,4,6,43,11,33,9,26,0,0,0,0,0,0,0,0,6,93,0,0,6,42,0,0,34,35,3,90,8,22
13.07.2001,2,31,0,0,0,0,0,0,11,86,0,4,6,41,11,33,8,88,0,0,0,0,6,25,0,0,6,94,0,0,7,12,0,0,35,50,3,78,8,16
20.07.2001,2,18,0,0,0,0,0,0,12,50,0,4,6,62,11,17,9,24,0,0,0,0,6,34,0,0,7,59,0,0,6,88,0,0,37,65,3,66,8,3
27.07.2001,2,18,0,0,0,0,0,0,12,18,0,4,6,88,11,20,8,98,0,0,0,0,6,37,0,0,7,10,0,0,6,83,0,0,36,90,3,42,8,8
03.08.2001,2,10,0,0,0,0,0,0,11,52,0,4,6,59,11,5,8,99,0,0,0,0,6,52,14,69,6,75,0,0,7,18,0,0,35,5,3,40,8,86
10.08.2001,2,24,0,0,0,0,0,0,11,28,0,4,6,60,11,2,9,0,0,0,0,0,6,59,14,49,6,96,0,0,7,25,0,0,35,40,3,36,8,67
17.08.2001,2,24,0,0,0,0,0,0,12,33,0,4,6,50,10,84,8,52,0,0,0,0,6,57,14,39,7,9,0,0,7,29,0,0,36,50,3,19,9,26
24.08.2001,2,18,0,0,0,0,0,0,12,67,0,4,6,20,10,60,8,49,0,0,0,0,6,45,13,86,6,99,0,0,7,10,0,0,36,5,3,12,8,68
31.08.2001,2,18,0,0,0,0,0,0,12,68,0,4,6,33,10,60,8,0,0,0,0,0,6,40,13,38,7,4,0,0,7,17,0,0,35,50,3,40,8,92
07.09.2001,2,15,0,0,0,0,0,0,11,97,0,4,6,14,10,57,7,99,0,0,0,0,6,40,13,65,7,10,0,0,7,10,0,0,35,50,3,43,8,58
14.09.2001,2,10,0,0,0,0,0,0,12,72,0,4,6,2,9,99,7,80,0,0,0,0,6,12,13,57,6,83,0,0,6,86,0,0,34,60,3,18,8,16
21.09.2001,1,92,0,0,0,0,0,0,11,41,0,3,5,64,9,84,7,54,0,0,0,0,5,60,14,28,6,54,0,0,5,67,0,0,32,25,2,74,8,21
28.09.2001,1,73,0,0,0,0,0,0,8,55,0,3,5,86,10,5,6,45,0,0,0,0,5,0,14,10,5,85,0,0,4,32,0,0,29,12,2,9,7,96
05.10.2001,1,90,0,0,0,0,0,0,5,94,0,3,5,89,10,24,7,14,0,0,0,0,5,48,14,70,4,81,0,0,5,25,0,0,25,45,2,54,7,89
12.10.2001,1,97,0,0,0,0,0,0,6,47,0,3,5,75,10,27,7,24,0,0,0,0,5,85,14,60,4,91,0,0,4,66,0,0,29,21,2,26,8,7
19.10.2001,2,9,0,0,0,0,0,0,6,70,0,3,5,75,10,27,7,79,0,0,0,0,5,84,14,48,5,38,0,0,4,95,0,0,29,99,2,47,8,12
26.10.2001,2,1,0,0,0,0,0,0,7,92,0,3,5,69,10,36,7,62,0,0,0,0,5,71,13,9,5,28,0,0,5,4,0,0,29,65,2,48,8,27
02.11.2001,2,15,0,0,0,0,0,0,8,96,0,3,5,42,10,8,7,75,0,0,0,0,5,53,11,45,5,40,0,0,5,25,0,0,30,90,2,64,8,25
09.11.2001,2,3,0,0,0,0,0,0,8,56,0,3,4,79,8,93,7,37,0,0,0,0,5,39,13,63,5,55,0,0,4,78,0,0,31,5,2,45,7,85
16.11.2001,2,15,0,0,0,0,0,0,8,56,0,3,3,85,8,78,6,89,0,0,0,0,5,29,13,37,5,28,0,0,4,98,0,0,30,90,2,42,7,95
23.11.2001,2,27,0,0,0,0,0,0,9,61,0,3,4,39,9,8,7,32,0,0,0,0,5,85,14,80,5,43,0,0,5,44,0,0,30,30,2,31,7,97
30.11.2001,2,29,0,0,0,0,0,0,9,64,0,3,4,51,9,10,7,28,0,0,0,0,5,54,13,36,5,82,0,0,5,32,0,0,30,90,2,68,7,35
07.12.2001,2,24,0,0,0,0,0,0,10,18,0,3,4,25,9,16,7,73,0,0,0,0,5,42,14,28,5,86,0,0,5,16,0,0,31,5,2,54,6,34
14.12.2001,2,38,0,0,0,0,0,0,10,23,0,3,4,40,9,24,7,70,0,0,0,0,5,35,13,77,5,65,0,0,5,31,0,0,30,65,2,56,6,38
21.12.2001,2,25,0,0,0,0,0,0,10,48,0,3,4,52,9,33,7,19,0,0,0,0,5,51,13,96,5,73,0,0,4,84,0,0,31,10,2,48,6,91
28.12.2001,2,24,0,0,0,0,0,0,10,19,0,3,4,51,9,33,7,10,0,0,0,0,5,28,13,11,5,15,0,0,4,82,0,0,30,50,2,52,6,73
04.01.2002,2,27,0,0,0,0,0,0,9,88,0,3,4,68,9,33,7,43,0,0,0,0,5,45,13,48,5,4,0,0,5,1,0,0,33,88,2,63,6,83
11.01.2002,2,21,0,0,0,0,0,0,10,9,0,3,4,96,9,24,7,35,0,0,0,0,5,29,13,13,5,15,0,0,5,8,0,0,34,32,2,53,6,86
18.01.2002,2,14,0,0,0,0,0,0,10,6,0,3,4,95,9,27,7,53,0,0,0,0,5,47,13,47,5,22,0,0,4,92,0,0,30,60,2,56,6,69
25.01.2002,2,14,0,0,0,0,0,0,10,65,0,3,5,5,9,18,7,49,0,0,0,0,5,58,12,85,5,5,0,0,4,66,0,0,30,35,2,68,6,76
01.02.2002,2,10,0,0,0,0,0,0,9,51,0,3,4,94,9,27,7,39,0,0,0,0,5,57,13,78,5,3,0,0,4,73,0,0,30,20,2,73,6,63
08.02.2002,2,13,0,0,0,0,0,0,9,16,0,3,4,79,9,12,7,91,0,0,0,0,5,60,13,93,5,3,0,0,4,80,0,0,30,9,2,79,7,35
15.02.2002,2,10,0,0,0,0,0,0,9,28,0,3,4,74,9,37,7,67,0,0,0,0,5,60,13,98,5,25,0,0,4,37,0,0,29,1,2,48,7,23
22.02.2002,1,95,0,0,0,0,0,0,8,14,0,3,4,70,9,54,8,27,0,0,0,0,5,50,14,58,5,1,0,0,4,31,0,0,28,59,2,47,7,79
01.03.2002,1,83,0,0,0,0,0,0,8,52,0,3,4,49,9,63,8,57,0,0,0,0,5,53,15,10,4,95,0,0,3,91,0,0,28,50,2,31,7,64
08.03.2002,1,90,0,0,0,0,0,0,7,80,0,3,4,51,9,69,8,65,0,0,0,0,5,55,15,27,4,67,0,0,4,10,0,0,27,45,2,55,7,67
15.03.2002,1,91,0,0,0,0,0,0,8,50,0,3,4,74,9,77,9,10,0,0,0,0,5,51,14,87,4,80,0,0,4,42,0,0,29,45,2,70,7,70
22.03.2002,1,93,0,0,0,0,0,0,9,79,0,4,4,62,9,95,9,68,0,0,0,0,5,61,15,47,4,95,0,0,4,44,0,0,28,77,2,84,7,67
29.03.2002,1,93,0,0,0,0,0,0,9,86,0,3,4,68,10,5,9,45,0,0,0,0,5,44,15,30,5,8,0,0,4,48,0,0,28,99,2,89,7,60
05.04.2002,1,93,0,0,0,0,0,0,10,33,0,4,4,73,10,11,9,70,0,0,0,0,5,46,15,71,5,21,0,0,4,42,0,0,28,42,3,16,7,41
12.04.2002,1,94,0,0,0,0,0,0,9,99,0,4,4,81,10,13,9,34,0,0,0,0,5,58,16,19,5,22,0,0,4,11,0,0,28,37,3,22,7,49
19.04.2002,1,87,0,0,0,0,0,0,9,75,0,4,5,16,10,14,9,37,0,0,0,0,5,71,16,95,5,8,0,0,3,94,0,0,28,76,3,38,7,80
26.04.2002,1,92,0,0,0,0,0,0,9,79,0,4,5,72,10,22,9,40,0,0,0,0,5,76,16,53,4,98,0,0,4,6,0,0,28,43,3,46,7,79
03.05.2002,1,86,0,0,0,0,0,0,9,81,0,4,5,95,10,30,9,50,0,0,0,0,5,71,17,2,5,15,0,0,3,60,0,0,27,44,3,40,7,89
10.05.2002,1,80,0,0,0,0,0,0,9,61,0,4,6,19,10,31,9,49,0,0,0,0,5,56,16,64,4,90,0,0,3,61,0,0,26,46,3,32,7,77
17.05.2002,1,75,0,0,0,0,0,0,9,35,0,4,5,72,10,39,8,95,0,0,0,0,5,60,16,77,4,96,0,0,3,66,0,0,26,20,3,6,8,21
24.05.2002,1,80,0,0,0,0,0,0,8,50,0,4,5,91,10,45,9,51,0,0,0,0,5,65,17,6,4,85,0,0,3,85,0,0,26,45,3,13,8,67
31.05.2002,1,74,0,0,0,0,0,0,8,19,0,4,5,78,10,51,9,14,0,0,0,0,5,62,17,5,5,8,0,0,3,81,0,0,25,9,2,92,8,75
07.06.2002,1,66,0,0,0,0,0,0,7,83,0,4,5,96,10,58,9,50,0,0,0,0,5,48,16,75,4,95,0,0,3,56,0,0,25,9,2,96,9,0
14.06.2002,1,53,0,0,0,0,0,0,7,55,0,4,5,95,10,60,9,32,0,0,0,0,5,32,16,59,4,93,0,0,3,57,0,0,24,21,3,0,8,44
21.06.2002,1,52,0,0,0,0,0,0,7,11,0,3,6,24,10,60,9,15,0,0,0,0,5,38,16,58,5,0,0,0,3,73,0,0,23,82,2,92,8,97
28.06.2002,1,46,0,0,0,0,0,0,6,61,0,3,6,88,10,54,9,14,0,0,0,0,4,81,16,55,5,15,0,0,3,43,0,0,23,95,2,89,8,93
05.07.2002,1,42,0,0,0,0,0,0,5,83,0,4,6,32,10,57,8,50,0,0,0,0,5,2,15,71,5,13,0,0,3,53,0,0,23,40,2,89,9,21
12.07.2002,1,44,0,0,0,0,0,0,6,6,0,4,5,82,10,24,8,42,0,0,0,0,4,94,16,0,4,76,0,0,3,60,0,0,23,24,2,58,9,14
19.07.2002,1,40,0,0,0,0,0,0,6,9,0,3,5,94,10,19,8,85,0,0,0,0,4,40,16,53,4,91,0,0,3,41,0,0,22,0,2,16,8,87
26.07.2002,1,31,0,0,0,0,0,0,5,38,0,3,5,53,10,5,8,70,0,0,0,0,4,9,15,92,4,67,0,0,3,30,0,0,20,50,2,19,8,97
02.08.2002,1,21,0,0,0,0,0,0,5,18,0,3,5,56,10,8,7,75,0,0,0,0,4,29,15,85,4,42,0,0,2,92,0,0,17,89,2,5,8,67
09.08.2002,1,22,0,0,0,0,0,0,5,56,0,3,5,42,9,99,7,60,0,0,0,0,4,15,16,25,4,2,0,0,2,71,0,0,19,16,2,1,8,53
16.08.2002,1,28,0,0,0,0,0,0,4,97,0,3,5,40,9,99,6,90,0,0,0,0,4,61,14,36,4,33,0,0,2,92,0,0,19,95,2,14,8,88
23.08.2002,1,29,0,0,0,0,0,0,5,26,0,3,5,5,9,96,7,21,0,0,0,0,4,85,13,51,4,8,0,0,2,92,0,0,20,2,2,6,8,83
30.08.2002,1,37,0,0,0,0,0,0,5,78,0,3,4,75,9,81,7,84,0,0,0,0,4,55,15,41,4,13,0,0,3,25,0,0,20,95,2,23,8,75
06.09.2002,1,29,0,0,0,0,0,0,6,15,0,3,4,92,9,19,7,20,0,0,0,0,4,36,15,37,4,47,0,0,3,24,0,0,19,38,2,33,8,78
13.09.2002,1,27,0,0,0,0,0,0,5,17,0,3,5,34,9,30,6,67,0,0,0,0,4,63,15,50,4,36,0,0,3,19,0,0,18,48,2,20,8,80
20.09.2002,1,21,0,0,0,0,0,0,5,15,0,3,5,17,9,34,6,80,0,0,0,0,4,61,15,70,4,13,0,0,3,6,0,0,16,81,2,22,8,76
27.09.2002,1,22,0,0,0,0,0,0,4,53,0,3,5,49,9,40,6,53,0,0,0,0,4,15,15,2,4,12,0,0,2,85,0,0,15,17,1,94,8,40
04.10.2002,1,15,0,0,0,0,0,0,3,88,0,2,5,37,9,49,6,11,0,0,0,0,4,21,15,20,3,91,0,0,2,79,0,0,15,58,1,72,8,5
11.10.2002,1,4,0,0,0,0,0,0,3,91,0,2,5,13,9,55,5,52,0,0,0,0,4,36,15,51,3,69,0,0,2,64,0,0,14,81,1,43,7,95
18.10.2002,1,4,0,0,0,0,0,0,3,98,0,2,5,15,9,55,5,97,0,0,0,0,4,23,14,43,3,40,0,0,2,50,0,0,16,22,1,50,8,5
25.10.2002,1,21,0,0,0,0,0,0,5,5,0,2,4,89,9,52,6,50,0,0,0,0,4,32,14,35,3,7,0,0,2,45,0,0,17,31,1,55,8,49
01.11.2002,1,19,0,0,0,0,0,0,5,51,0,2,4,38,9,39,6,46,0,0,0,0,4,25,14,54,3,16,0,0,2,24,0,0,17,37,1,36,8,37
08.11.2002,1,24,0,0,0,0,0,0,5,11,0,2,4,41,8,99,6,77,0,0,0,0,4,34,14,22,2,98,0,0,2,30,0,0,19,49,1,67,8,56
15.11.2002,1,20,0,0,0,0,0,0,5,93,0,2,4,9,8,78,6,41,0,0,0,0,4,30,15,8,3,29,0,0,2,32,0,0,17,61,1,44,8,45
22.11.2002,1,15,0,0,0,0,0,0,4,97,0,2,4,53,8,83,6,49,0,0,0,0,4,36,14,6,3,22,0,0,2,33,0,0,17,72,1,61,8,42
29.11.2002,1,22,0,0,0,0,0,0,5,41,0,2,4,40,8,90,6,51,0,0,0,0,4,26,14,2,3,35,0,0,2,63,0,0,18,93,1,86,8,9
06.12.2002,1,36,0,0,0,0,0,0,5,56,0,3,4,42,8,93,6,90,0,0,0,0,4,37,13,41,3,64,0,0,2,70,0,0,20,9,2,5,8,40
13.12.2002,1,28,0,0,0,0,0,0,5,66,0,2,4,30,9,1,6,45,0,0,0,0,4,18,14,10,3,93,0,0,2,53,0,0,19,4,1,89,7,92
20.12.2002,1,36,0,0,0,0,0,0,5,59,0,3,4,21,9,3,6,67,0,0,0,0,4,27,14,40,3,72,0,0,2,33,0,0,19,1,1,79,7,62
27.12.2002,1,32,0,0,0,0,0,0,5,50,0,3,4,24,8,99,6,70,0,0,0,0,4,33,14,50,3,33,0,0,2,26,0,0,19,81,1,87,7,57
03.01.2003,1,27,0,0,0,0,0,0,5,16,0,2,4,97,8,89,6,84,0,0,0,0,4,27,14,10,3,39,0,0,2,14,0,0,19,30,1,84,7,76
10.01.2003,1,31,0,0,0,0,0,0,4,88,0,3,4,89,8,78,6,79,0,0,0,0,4,46,14,17,3,40,0,0,2,40,0,0,20,12,2,8,7,79
17.01.2003,1,38,0,0,0,0,0,0,5,19,0,3,4,91,8,63,6,90,0,0,0,0,4,61,14,50,3,52,0,0,2,52,0,0,20,3,2,4,7,90
24.01.2003,1,31,0,0,0,0,0,0,5,36,0,2,5,3,8,60,6,60,0,0,0,0,4,61,15,78,3,72,0,0,2,51,0,0,19,3,1,96,8,31
31.01.2003,1,32,0,0,0,0,0,0,4,49,0,2,4,91,8,69,6,48,0,0,0,0,4,41,14,98,3,59,0,0,2,25,0,0,18,4,1,85,8,23
07.02.2003,1,29,0,0,0,0,0,0,4,28,0,2,4,68,8,84,6,37,0,0,0,0,4,50,14,76,3,25,0,0,2,20,0,0,19,68,1,80,8,75
14.02.2003,1,28,0,0,0,0,0,0,4,24,0,2,4,68,8,99,5,96,0,0,0,0,4,48,13,73,3,23,0,0,2,17,0,0,20,2,1,92,8,30
21.02.2003,1,27,0,0,0,0,0,0,4,30,0,2,4,57,9,8,5,64,0,0,0,0,4,53,13,96,3,28,0,0,2,13,0,0,21,43,2,6,8,15
28.02.2003,1,29,0,0,0,0,0,0,4,41,0,2,4,43,9,15,5,88,0,0,0,0,4,58,13,37,3,5,0,0,1,92,0,0,22,93,2,1,8,31
07.03.2003,1,28,0,0,0,0,0,0,3,97,0,2,4,66,9,5,5,65,0,0,0,0,4,54,13,33,2,83,0,0,2,0,0,0,23,45,2,1,8,47
14.03.2003,1,21,0,0,0,0,0,0,3,93,0,2,4,79,9,10,5,11,0,0,0,0,4,41,13,57,2,75,0,0,1,71,0,0,20,13,1,87,8,15
21.03.2003,1,18,0,0,0,0,0,0,3,54,0,2,4,75,9,4,4,90,0,0,0,0,4,56,14,20,2,24,0,0,1,68,0,0,20,56,1,92,7,59
28.03.2003,1,23,0,0,0,0,0,0,4,6,0,2,4,73,9,10,5,46,0,0,0,0,4,36,13,14,2,12,0,0,1,69,0,0,20,20,2,8,7,63
04.04.2003,1,29,0,0,0,0,0,0,4,15,0,2,4,72,9,10,5,35,0,0,0,0,4,50,12,40,2,13,0,0,1,62,0,0,19,66,2,1,7,62
11.04.2003,1,27,0,0,0,0,0,0,3,87,0,2,4,68,9,8,5,56,0,0,0,0,4,68,12,84,2,21,0,0,1,64,0,0,18,75,2,4,7,57
18.04.2003,1,30,0,0,0,0,0,0,4,49,0,3,4,75,9,9,5,87,0,0,0,0,4,63,12,46,2,14,0,0,1,64,0,0,18,93,2,4,7,52
25.04.2003,1,27,0,0,0,0,0,0,4,62,0,3,4,73,9,12,5,91,0,0,0,0,4,63,13,20,2,26,0,0,1,70,0,0,21,79,2,29,7,53
02.05.2003,1,27,0,0,0,0,0,0,4,59,0,3,4,67,9,8,6,50,0,0,0,0,4,66,13,29,2,50,0,0,1,74,0,0,21,85,2,22,7,55
09.05.2003,1,30,0,0,0,0,0,0,4,61,0,3,4,69,9,8,6,29,0,0,0,0,4,67,13,25,2,38,0,0,1,87,0,0,20,55,2,18,7,46
16.05.2003,1,32,0,0,0,0,0,0,4,74,0,3,4,68,9,14,6,39,0,0,0,0,4,92,13,4,2,55,0,0,1,90,0,0,20,31,2,15,7,31
23.05.2003,1,37,0,0,0,0,0,0,4,78,0,3,4,65,9,19,6,58,0,0,0,0,4,87,13,27,2,61,0,0,1,89,0,0,20,69,2,34,7,59
30.05.2003,1,35,0,0,0,0,0,0,4,37,0,3,4,82,9,24,6,2,0,0,0,0,5,2,13,5,2,55,0,0,1,83,0,0,19,85,2,36,7,53
06.06.2003,1,40,0,0,0,0,0,0,4,74,0,3,4,72,9,31,6,30,0,0,0,0,5,17,13,10,2,40,0,0,1,92,0,0,20,24,2,54,7,77
13.06.2003,1,37,0,0,0,0,0,0,5,8,0,3,4,57,9,39,5,98,0,0,0,0,5,13,13,66,2,38,0,0,1,93,0,0,20,75,2,47,7,91
20.06.2003,1,31,0,0,0,0,0,0,4,99,0,3,4,54,9,42,5,85,0,0,0,0,5,16,13,82,2,37,0,0,1,95,0,0,20,51,2,51,8,2
27.06.2003,1,34,0,0,0,0,0,0,5,20,0,3,4,56,9,22,5,85,0,0,0,0,4,78,13,78,2,40,0,0,2,0,0,0,21,57,2,65,8,19
04.07.2003,1,29,0,0,0,0,0,0,5,0,0,3,4,51,9,46,5,85,0,0,0,0,4,67,14,20,2,49,0,0,1,81,0,0,20,76,2,70,8,0
11.07.2003,1,24,0,0,0,0,0,0,4,92,0,3,4,42,10,22,6,32,0,0,0,0,4,82,13,52,2,32,0,0,1,69,0,0,19,55,2,62,8,2
18.07.2003,1,28,0,0,0,0,0,0,5,5,0,3,4,48,9,98,6,97,0,0,0,0,4,80,12,81,1,93,0,0,1,54,0,0,20,2,2,69,7,74
25.07.2003,1,26,0,0,0,0,0,0,5,9,0,3,4,45,10,5,7,20,0,0,0,0,4,74,13,28,1,74,0,0,1,53,0,0,20,22,2,71,7,79
01.08.2003,1,26,0,0,0,0,0,0,4,98,0,3,4,41,10,8,7,19,0,0,0,0,4,93,13,32,1,75,0,0,1,50,0,0,19,97,2,72,7,91
08.08.2003,1,28,0,0,0,0,0,0,5,1,0,3,4,40,10,9,7,13,0,0,0,0,4,80,13,27,1,96,0,0,1,60,0,0,20,27,2,77,8,14
15.08.2003,1,27,0,0,0,0,0,0,4,78,0,2,4,37,10,9,7,25,0,0,0,0,4,85,13,17,2,10,0,0,1,62,0,0,19,81,2,71,8,33
22.08.2003,1,30,0,0,0,0,0,0,4,96,0,3,4,40,10,11,7,27,0,0,0,0,4,94,12,99,2,5,0,0,1,72,0,0,22,36,2,82,8,51
29.08.2003,1,30,0,0,0,0,0,0,5,54,0,3,4,50,10,14,8,51,0,0,0,0,4,84,13,77,2,11,0,0,1,76,0,0,20,25,2,63,8,93
05.09.2003,1,30,0,0,0,0,0,0,5,49,0,3,4,51,9,99,8,84,0,0,0,0,4,79,13,85,2,21,0,0,1,71,0,0,19,57,2,56,8,79
12.09.2003,1,39,0,0,0,0,0,0,6,8,0,3,4,63,9,98,9,4,0,0,0,0,4,82,13,82,2,30,0,0,1,75,0,0,20,31,2,71,8,93
19.09.2003,1,35,0,0,0,0,0,0,5,83,0,3,4,77,9,98,8,90,0,0,0,0,4,67,13,88,2,38,0,0,1,81,0,0,20,32,2,58,9,14
26.09.2003,1,33,0,0,0,0,0,0,6,8,0,3,4,70,9,98,8,66,0,0,0,0,4,68,13,77,2,41,0,0,2,1,0,0,20,76,2,70,8,93
03.10.2003,1,34,0,0,0,0,0,0,5,63,0,3,4,65,9,96,8,55,0,0,0,0,4,67,13,61,2,59,0,0,1,91,0,0,19,64,2,52,8,83
10.10.2003,1,33,0,0,13,36,0,0,5,83,0,3,4,96,9,95,9,20,0,0,0,0,4,64,13,51,2,49,0,0,1,89,0,0,19,74,2,58,8,87
17.10.2003,1,34,0,0,13,36,0,0,5,83,0,3,4,96,9,95,9,44,0,0,0,0,4,67,13,54,2,45,0,0,1,94,0,0,19,49,2,58,9,35
24.10.2003,1,34,0,0,13,79,0,0,5,88,0,3,4,87,9,91,9,40,0,0,0,0,4,70,13,46,2,56,0,0,1,95,0,0,19,65,2,55,9,23
31.10.2003,1,38,0,0,13,84,0,0,5,71,0,3,4,90,9,87,9,32,0,0,0,0,4,70,13,90,2,48,0,0,1,86,0,0,19,38,2,53,9,25
07.11.2003,1,45,0,0,13,92,0,0,5,97,0,3,4,89,9,83,9,57,0,0,0,0,4,64,13,61,2,44,0,0,1,87,0,0,19,80,2,71,9,1
14.11.2003,1,46,0,0,13,96,0,0,6,19,0,3,4,85,9,80,9,62,0,0,0,0,4,66,13,65,2,49,0,0,1,84,0,0,20,16,2,87,8,89
21.11.2003,1,46,0,0,13,95,0,0,6,29,0,3,4,81,9,69,10,4,0,0,0,0,4,66,13,78,2,43,0,0,1,77,0,0,20,89,2,92,8,77
28.11.2003,1,42,0,0,14,1,0,0,6,6,0,3,4,80,9,61,9,89,0,0,0,0,4,55,13,78,2,45,0,0,1,74,0,0,20,58,2,79,8,75
05.12.2003,1,46,0,0,14,19,0,0,6,21,0,3,4,70,9,64,10,10,0,0,0,0,4,62,13,83,2,47,0,0,1,82,0,0,20,84,2,94,8,64
12.12.2003,1,51,0,0,14,71,0,0,6,56,0,3,4,59,9,66,9,90,0,0,0,0,4,52,14,10,2,64,0,0,1,83,0,0,21,30,3,4,8,71
19.12.2003,1,48,0,0,15,16,0,0,6,39,0,3,4,76,9,67,9,55,0,0,0,0,4,61,14,36,2,70,0,0,1,77,0,0,21,42,2,91,8,58
26.12.2003,1,49,0,0,15,4,0,0,6,43,0,3,5,30,9,72,9,21,0,0,0,0,4,65,14,51,2,58,0,0,1,74,0,0,21,29,2,97,9,6
02.01.2004,1,46,0,0,14,81,0,0,6,18,0,3,5,28,9,78,9,5,0,0,0,0,4,66,14,88,2,56,0,0,1,72,0,0,23,3,3,11,9,17
09.01.2004,1,52,0,0,15,21,0,0,6,34,0,3,5,13,9,79,9,38,0,0,0,0,4,78,15,8,2,53,0,0,1,71,0,0,21,30,2,93,9,7
16.01.2004,1,51,0,0,15,85,0,0,6,40,0,3,4,61,9,74,8,96,0,0,0,0,4,80,14,93,2,63,0,0,1,60,0,0,21,29,2,94,8,88
23.01.2004,1,52,0,0,15,59,0,0,6,42,0,3,4,75,9,74,9,60,0,0,0,0,4,90,14,73,2,56,0,0,1,74,0,0,22,23,2,92,9,0
30.01.2004,1,52,0,0,15,84,0,0,6,24,0,3,4,54,9,71,9,66,0,0,0,0,4,98,15,29,2,55,0,0,1,69,0,0,22,21,2,94,8,98
06.02.2004,1,50,0,0,15,63,0,0,5,92,0,3,4,58,9,63,9,89,0,0,0,0,5,5,15,3,2,55,0,0,1,64,0,0,21,82,2,93,8,70
13.02.2004,1,50,0,0,14,97,0,0,5,77,0,3,4,61,9,54,9,85,0,0,0,0,5,8,14,98,2,47,0,0,1,63,0,0,21,64,2,79,8,59
20.02.2004,1,52,0,0,15,3,0,0,5,69,0,3,4,63,9,54,9,69,0,0,0,0,5,19,15,17,2,43,0,0,1,65,0,0,21,67,2,86,8,68
27.02.2004,1,52,0,0,15,29,0,0,5,77,0,3,4,45,9,51,9,95,0,0,0,0,5,28,15,12,2,52,0,0,1,70,0,0,22,1,2,79,8,53
05.03.2004,1,54,0,0,15,14,0,0,5,80,0,3,4,43,9,49,9,76,0,0,0,0,5,46,15,61,2,59,0,0,1,73,0,0,21,75,2,79,8,51
12.03.2004,1,59,0,0,16,35,0,0,5,85,0,3,4,32,9,52,9,74,0,0,0,0,5,47,16,18,2,68,0,0,1,72,0,0,22,19,2,77,8,38
19.03.2004,1,52,0,0,16,60,0,0,5,52,0,3,4,39,9,54,9,33,0,0,0,0,5,23,16,64,2,89,0,0,1,66,0,0,21,20,2,70,8,57
26.03.2004,1,48,0,0,16,34,0,0,5,28,0,3,4,35,9,57,9,68,0,0,0,0,5,23,16,4,2,85,0,0,1,56,0,0,21,13,2,54,8,32
02.04.2004,1,47,0,0,16,11,0,0,5,0,0,3,4,21,9,51,9,39,0,0,0,0,5,54,15,93,2,78,0,0,1,52,0,0,20,83,2,58,8,40
09.04.2004,1,55,0,0,16,3,0,0,5,16,0,3,4,12,9,47,9,47,0,0,0,0,5,77,16,36,2,72,0,0,1,60,0,0,21,26,2,63,8,46
16.04.2004,1,58,0,0,16,54,0,0,5,21,0,3,4,9,9,48,9,86,0,0,0,0,5,77,16,46,2,78,0,0,1,60,0,0,23,77,2,81,8,59
23.04.2004,1,54,0,0,16,85,0,0,5,27,0,3,4,20,9,52,10,6,0,0,0,0,5,89,17,40,2,79,0,0,1,57,0,0,22,14,2,64,8,92
30.04.2004,1,52,0,0,17,15,0,0,5,53,0,3,4,26,9,56,10,74,0,0,0,0,5,82,17,33,2,76,0,0,1,71,0,0,22,31,2,58,8,61
07.05.2004,1,52,0,0,16,98,0,0,5,39,0,3,4,32,9,58,11,7,0,0,0,0,5,79,16,96,2,97,0,0,1,63,0,0,22,0,2,58,8,61
14.05.2004,1,50,0,0,16,84,0,0,5,27,0,3,4,26,9,59,10,74,0,0,0,0,5,66,17,1,2,94,0,0,1,57,0,0,21,51,2,54,8,78
21.05.2004,1,47,0,0,16,65,0,0,5,41,0,3,4,6,9,61,10,43,0,0,0,0,5,70,16,65,2,82,0,0,1,48,0,0,21,4,2,72,8,84
28.05.2004,1,48,0,0,16,97,0,0,5,45,0,3,4,14,9,62,10,36,0,0,0,0,5,70,16,37,2,76,0,0,1,48,0,0,21,13,2,78,8,83
04.06.2004,1,54,0,0,17,36,0,0,5,48,0,3,4,29,9,62,10,77,0,0,0,0,5,77,16,69,2,75,0,0,1,61,0,0,21,24,2,75,9,1
11.06.2004,1,53,0,0,17,29,0,0,5,38,0,3,4,17,9,40,10,78,0,0,0,0,5,77,16,90,2,86,0,0,1,75,0,0,21,16,2,81,9,21
18.06.2004,1,52,0,0,17,10,0,0,5,22,0,3,3,97,9,43,10,80,0,0,0,0,5,90,17,27,2,89,0,0,1,73,0,0,21,70,2,84,9,35
25.06.2004,1,53,0,0,17,36,0,0,5,13,0,3,4,15,9,43,10,92,0,0,0,0,5,62,17,98,2,95,0,0,1,72,0,0,22,2,2,86,9,6
02.07.2004,1,49,0,0,17,90,0,0,5,15,0,3,4,24,9,43,11,42,0,0,0,0,5,68,16,92,2,95,0,0,1,88,0,0,22,24,2,94,8,90
09.07.2004,1,48,0,0,18,18,0,0,5,19,0,3,4,35,9,45,10,54,0,0,0,0,5,66,16,30,3,6,0,0,1,86,0,0,21,93,2,93,8,96
16.07.2004,1,47,0,0,18,13,0,0,5,11,0,3,4,41,9,48,10,40,0,0,0,0,5,71,16,95,2,91,0,0,1,80,0,0,21,89,2,95,8,95
23.07.2004,1,45,0,0,17,86,3,65,4,95,0,3,4,24,9,52,10,46,0,0,0,0,5,66,16,76,2,83,0,0,1,85,0,0,21,80,2,83,9,9
30.07.2004,1,41,0,0,17,75,3,43,4,80,0,3,4,26,9,55,10,36,0,0,0,0,5,48,16,51,2,80,0,0,1,75,0,0,21,71,2,84,9,17
06.08.2004,1,44,0,0,17,88,3,58,5,6,0,3,4,21,9,58,10,28,0,0,0,0,5,64,17,10,2,70,0,0,1,82,0,0,21,97,2,88,9,16
13.08.2004,1,40,0,0,17,72,3,62,4,77,0,3,4,41,9,61,10,42,0,0,0,0,5,29,16,56,2,73,0,0,1,68,0,0,21,18,2,86,9,56
20.08.2004,1,35,0,0,17,47,3,49,4,68,0,3,4,38,9,66,10,0,0,0,0,0,5,34,16,67,2,66,0,0,1,63,0,0,21,0,2,67,9,49
27.08.2004,1,43,0,0,17,68,3,32,4,72,0,3,4,18,9,68,10,5,0,0,0,0,5,36,16,61,2,60,0,0,1,64,0,0,21,12,2,71,9,40
03.09.2004,1,57,0,0,18,4,3,32,4,93,0,3,4,18,9,70,9,85,0,0,0,0,5,45,16,90,2,63,0,0,1,65,0,0,21,49,2,84,9,56
10.09.2004,1,52,0,0,18,47,3,43,4,98,0,3,4,21,9,71,10,10,0,0,0,0,5,63,17,59,2,62,0,0,1,70,0,0,21,94,2,94,9,49
17.09.2004,1,55,0,0,18,63,3,40,4,92,0,3,4,34,9,80,10,10,0,0,0,0,5,55,17,56,2,66,0,0,1,71,0,0,22,24,2,86,9,72
24.09.2004,1,54,0,0,19,5,3,52,4,95,0,3,4,38,10,7,10,30,0,0,0,0,5,59,17,59,2,68,0,0,1,71,0,0,22,44,2,86,9,73
01.10.2004,1,55,0,0,19,29,3,56,4,86,0,3,4,44,10,21,10,30,0,0,0,0,5,56,18,15,2,83,0,0,1,67,0,0,22,44,2,83,9,63
08.10.2004,1,65,0,0,19,1,3,50,4,95,0,3,4,43,10,43,10,71,0,0,0,0,5,69,18,50,2,87,0,0,1,65,0,0,22,43,2,87,9,71
15.10.2004,1,68,0,0,19,19,3,39,4,99,0,3,4,41,10,52,10,78,0,0,0,0,5,75,18,53,2,86,0,0,1,62,0,0,23,0,2,94,9,78
22.10.2004,1,61,0,0,19,5,3,60,4,84,0,3,4,61,10,57,10,86,0,0,0,0,5,66,18,4,2,87,0,0,1,54,0,0,23,0,2,95,9,87
29.10.2004,1,65,0,0,18,95,3,50,4,81,0,3,4,68,10,60,10,90,0,0,0,0,5,88,18,7,2,75,0,0,1,53,0,0,23,15,3,3,10,14
05.11.2004,1,69,0,0,18,91,3,47,4,89,0,3,4,54,10,57,10,75,0,0,0,0,6,20,17,80,2,73,0,0,1,58,0,0,23,27,3,0,10,16
12.11.2004,1,68,0,0,19,54,3,47,5,2,0,3,4,68,10,54,11,0,0,0,0,0,6,17,18,47,2,80,0,0,1,57,0,0,23,43,3,6,10,26
19.11.2004,1,68,0,0,19,64,3,54,5,24,0,3,4,67,10,54,10,89,0,0,0,0,6,10,18,52,2,78,0,0,1,62,0,0,23,50,3,21,10,64
26.11.2004,1,67,0,0,19,81,3,66,5,20,0,3,4,67,10,54,10,75,0,0,0,0,5,85,18,36,2,89,0,0,1,60,0,0,23,34,3,24,10,41
03.12.2004,1,67,0,0,20,29,3,65,5,13,0,3,4,69,10,52,10,55,0,0,0,0,5,79,18,66,2,89,0,0,1,57,0,0,23,35,3,15,10,40
10.12.2004,1,59,0,0,20,87,3,75,5,37,0,3,4,62,10,57,10,58,0,0,0,0,5,91,18,10,2,92,0,0,1,63,0,0,23,84,3,19,10,31
17.12.2004,1,63,0,0,20,99,3,84,5,25,0,3,4,55,10,59,10,74,0,0,0,0,6,6,18,20,2,99,0,0,1,63,0,0,24,42,3,20,10,55
24.12.2004,1,64,0,0,21,36,3,83,5,24,0,3,4,50,10,60,10,98,0,0,0,0,6,18,18,7,3,2,0,0,1,56,0,0,24,35,3,28,10,28
31.12.2004,1,70,0,0,22,74,3,90,5,27,0,3,4,52,10,62,10,78,0,0,0,0,6,19,18,63,3,2,0,0,1,63,0,0,27,42,3,31,10,26
07.01.2005,1,69,0,0,22,81,3,85,5,24,0,3,4,51,10,63,10,74,0,0,0,0,6,23,18,42,3,9,0,0,1,64,0,0,27,47,3,31,9,88
14.01.2005,1,77,0,0,21,88,3,95,5,36,0,3,4,49,10,65,11,5,0,0,0,0,6,10,18,23,3,32,0,0,1,70,0,0,24,95,3,40,9,96
21.01.2005,1,77,0,0,23,5,4,5,5,38,0,3,4,50,10,69,11,72,0,0,0,0,6,22,18,41,3,39,0,0,1,68,0,0,24,59,3,35,10,11
28.01.2005,1,79,0,0,23,62,4,14,5,73,0,3,4,62,10,75,12,0,0,0,0,0,6,16,18,53,3,41,0,0,1,63,0,0,24,62,3,37,10,24
04.02.2005,1,73,0,0,24,42,4,10,5,55,0,3,4,89,10,86,12,31,0,0,0,0,6,21,18,54,3,39,0,0,1,70,0,0,25,19,3,33,10,35
11.02.2005,1,76,0,0,25,29,4,30,5,64,0,3,4,80,11,63,12,41,0,0,0,0,6,48,19,15,3,33,0,0,1,65,0,0,25,86,3,38,10,38
18.02.2005,1,92,0,0,25,36,4,43,5,69,0,3,4,82,11,40,12,86,0,0,0,0,6,58,19,18,3,40,0,0,1,65,0,0,26,5,3,52,10,76
25.02.2005,1,84,0,0,24,20,4,30,5,76,0,3,4,87,11,49,12,86,0,0,0,0,6,23,19,52,3,39,0,0,1,65,0,0,25,30,3,47,10,88
04.03.2005,1,76,0,0,23,5,4,27,5,54,0,3,4,73,11,49,12,65,0,0,0,0,6,25,19,34,3,43,0,0,1,62,0,0,25,33,3,47,11,31
11.03.2005,1,74,0,0,22,44,4,33,5,40,0,3,4,56,11,46,12,50,0,0,0,0,6,26,20,48,3,26,0,0,1,61,0,0,25,22,3,49,11,10
18.03.2005,1,68,0,0,21,31,4,45,5,39,0,3,4,76,11,46,12,65,0,0,0,0,6,22,19,79,3,40,0,0,1,59,0,0,25,43,3,41,11,76
25.03.2005,1,63,0,0,22,52,4,51,5,25,0,3,4,80,11,47,12,30,0,0,0,0,6,30,20,18,3,35,0,0,1,59,0,0,25,19,3,48,11,95
01.04.2005,1,67,0,0,23,15,4,60,5,28,0,3,4,72,11,49,11,90,0,0,0,0,6,42,19,81,3,39,0,0,1,56,0,0,27,61,3,65,11,67
08.04.2005,1,66,0,0,22,39,4,50,5,26,0,3,4,64,11,52,11,95,0,0,0,0,6,30,20,31,3,38,0,0,1,56,0,0,24,94,3,66,11,46
15.04.2005,1,71,0,0,23,24,4,75,5,46,0,3,4,76,11,52,12,0,0,0,0,0,6,45,20,51,3,41,0,0,1,47,0,0,25,10,3,68,11,71
22.04.2005,1,66,0,0,23,32,4,85,5,16,0,3,4,83,11,57,11,79,0,0,0,0,6,28,19,73,3,43,0,0,1,39,0,0,24,60,3,53,11,82
29.04.2005,1,61,0,0,23,53,4,65,5,4,0,3,4,59,11,56,11,35,0,0,0,0,6,36,19,53,3,45,0,0,1,34,0,0,24,5,3,39,11,59
06.05.2005,1,56,0,0,22,47,4,73,4,96,0,3,4,39,11,56,11,20,0,0,0,0,6,37,19,51,3,22,0,0,1,43,0,0,23,79,3,45,11,30
13.05.2005,1,64,0,0,22,60,4,79,5,3,0,3,4,37,12,11,11,30,0,0,0,0,6,29,19,86,3,19,0,0,1,57,0,0,23,90,3,48,11,47
20.05.2005,1,76,0,0,22,66,4,78,5,13,0,3,4,60,12,69,11,46,0,0,0,0,6,16,19,55,3,23,0,0,1,56,0,0,23,67,3,46,11,80
27.05.2005,1,73,0,0,23,0,5,0,5,13,0,3,4,47,12,40,11,42,0,0,0,0,6,25,20,21,3,33,0,0,1,55,0,0,23,73,3,40,11,11
03.06.2005,1,73,0,0,23,42,5,11,5,20,0,3,4,53,12,51,11,44,0,0,0,0,6,36,20,85,3,30,0,0,1,53,0,0,24,69,3,43,11,9
10.06.2005,1,70,0,0,23,87,5,19,5,15,0,3,4,36,12,35,11,60,0,0,0,0,6,31,21,18,3,38,0,0,1,67,0,0,24,97,3,55,10,97
17.06.2005,1,69,0,0,23,68,5,12,5,38,0,3,4,33,12,87,11,85,0,0,5,61,6,48,21,56,3,50,0,0,1,66,0,0,26,10,3,60,10,71
24.06.2005,1,68,0,0,23,27,5,16,5,27,0,3,4,39,12,81,12,30,0,0,5,47,6,3,22,7,3,39,0,0,1,67,0,0,25,93,3,53,10,79
01.07.2005,1,67,0,0,24,11,5,14,5,14,0,3,4,35,12,70,12,15,0,0,5,75,6,1,21,35,3,44,0,0,1,68,0,0,25,69,3,50,10,55
08.07.2005,1,69,0,0,24,24,5,6,5,18,0,3,4,40,12,72,12,0,0,0,5,78,6,22,21,43,3,46,0,0,1,67,0,0,25,86,3,55,10,93
15.07.2005,1,69,0,0,23,76,5,16,5,6,0,3,4,32,12,73,12,15,0,0,5,83,6,16,23,3,3,47,0,0,1,74,0,0,25,43,3,63,11,10
22.07.2005,1,70,0,0,23,55,5,55,5,27,0,3,4,39,12,74,12,0,0,0,6,15,6,5,22,81,3,38,0,0,1,78,0,0,25,80,3,78,11,63
29.07.2005,1,74,0,0,23,30,5,36,5,46,0,4,4,64,12,76,12,25,0,0,6,3,6,3,22,88,3,56,0,0,1,89,0,0,27,25,3,79,11,58
05.08.2005,1,76,0,0,22,93,5,73,5,40,0,3,4,77,12,77,12,23,0,0,5,86,6,3,23,43,3,60,0,0,1,94,0,0,26,98,3,75,11,11
12.08.2005,1,72,0,0,22,80,6,25,5,37,0,4,4,52,12,81,12,7,0,0,6,6,5,98,23,24,3,68,0,0,1,93,0,0,26,19,3,73,11,44
19.08.2005,1,71,0,0,23,0,6,35,5,39,0,3,4,46,12,82,12,91,0,0,6,10,5,97,24,18,3,63,0,0,1,89,0,0,26,40,3,72,11,43
26.08.2005,1,72,0,0,22,94,6,44,5,33,0,3,4,45,12,83,12,88,0,0,6,7,6,2,23,91,3,62,0,0,1,96,15,34,26,37,3,72,11,38
02.09.2005,1,72,0,0,23,75,6,29,5,15,0,3,4,26,12,85,12,62,0,0,6,30,6,6,23,20,3,56,0,0,1,97,15,0,25,40,3,60,11,71
09.09.2005,1,75,0,0,23,70,6,40,5,20,0,3,4,30,12,86,13,1,0,0,6,38,6,28,24,9,3,66,0,0,2,3,15,10,25,41,3,71,11,76
16.09.2005,1,77,0,0,23,51,7,26,5,49,0,4,4,34,12,86,13,48,0,0,6,53,6,22,24,20,3,71,0,0,2,10,15,5,26,45,3,64,11,75
23.09.2005,1,83,0,0,23,52,6,81,5,61,0,3,4,67,12,87,13,21,0,0,6,73,6,23,24,68,3,80,0,0,2,8,14,77,26,19,3,69,11,73
30.09.2005,1,83,0,0,23,67,6,86,5,55,0,4,4,71,12,93,13,2,0,0,6,59,6,26,24,47,3,70,0,0,2,1,14,94,25,80,3,65,11,59
07.10.2005,1,80,0,0,23,58,6,78,5,67,0,4,4,60,13,1,13,8,0,0,6,47,6,16,24,71,3,68,0,0,2,7,15,10,26,24,3,62,11,45
14.10.2005,1,74,0,0,22,25,6,68,5,44,0,4,4,45,13,30,12,59,0,0,6,75,5,96,22,83,3,70,0,0,2,2,15,47,25,47,3,58,11,85
21.10.2005,1,67,0,0,22,12,6,19,5,39,0,4,4,67,13,37,12,36,0,0,6,48,5,79,22,37,3,64,0,0,1,93,15,43,25,61,3,62,11,67
28.10.2005,1,64,0,0,21,6,5,93,5,13,0,4,4,48,13,39,11,94,0,0,6,68,5,81,21,72,3,55,0,0,1,89,15,64,25,11,3,54,11,17
04.11.2005,1,61,0,0,20,74,6,1,5,17,0,4,3,39,13,35,11,43,0,0,6,48,5,79,21,91,3,44,0,0,1,84,15,74,24,50,3,58,11,26
11.11.2005,1,61,0,0,20,98,6,7,5,30,0,4,3,38,13,33,12,0,0,0,6,18,5,86,22,62,3,32,0,0,1,94,16,86,25,35,3,65,11,73
18.11.2005,1,66,0,0,21,21,6,55,5,43,0,4,3,69,13,34,12,26,0,0,6,13,5,88,22,33,3,39,0,0,1,98,16,26,26,12,3,77,12,16
25.11.2005,1,63,0,0,21,22,6,15,5,39,0,4,3,66,13,35,12,67,0,0,5,96,5,69,23,13,3,51,0,0,1,98,15,95,26,25,3,80,11,88
02.12.2005,1,62,0,0,20,77,6,28,5,37,0,4,3,96,13,32,12,77,0,0,5,93,5,72,23,62,3,50,0,0,1,96,15,55,26,8,3,90,11,71
09.12.2005,1,59,0,0,21,32,6,30,5,45,0,4,4,5,13,31,13,4,0,0,11,20,5,76,23,55,3,53,0,0,2,2,15,20,27,53,3,87,11,94
16.12.2005,1,64,0,0,21,70,6,67,5,46,0,4,4,12,12,99,13,16,0,0,5,80,5,82,23,51,3,54,0,0,2,12,15,94,27,13,3,88,12,15
23.12.2005,1,62,0,0,22,72,6,73,5,53,0,4,3,98,12,62,13,14,0,0,5,68,5,77,23,80,3,59,0,0,2,9,16,9,28,45,3,99,12,49
30.12.2005,1,64,0,0,22,60,6,55,5,52,0,4,3,52,12,89,13,33,0,0,5,73,5,81,23,60,3,62,0,0,2,5,16,14,29,20,4,13,12,45
06.01.2006,1,61,0,0,22,34,6,66,5,53,0,4,4,0,13,4,13,22,0,0,5,68,5,75,23,43,3,66,0,0,2,5,15,83,29,52,4,18,12,59
13.01.2006,1,69,0,0,23,50,6,96,5,90,0,4,4,10,13,11,13,66,0,0,6,0,5,77,23,98,3,62,0,0,2,9,16,20,32,18,4,20,13,12
20.01.2006,1,73,0,0,22,39,7,55,6,2,0,4,4,26,13,27,14,60,0,0,5,85,5,94,24,44,3,67,0,0,2,22,16,11,28,30,4,22,12,93
27.01.2006,1,76,0,0,23,37,7,79,6,20,0,4,4,48,13,2,14,75,0,0,5,80,5,96,24,29,3,74,0,0,2,18,15,79,27,43,4,14,13,46
03.02.2006,1,78,0,0,23,24,7,85,6,41,0,4,4,47,13,39,15,24,0,0,6,21,5,98,24,49,3,92,0,0,2,27,16,52,28,65,4,30,13,71
10.02.2006,1,76,0,0,23,48,7,96,6,28,0,4,4,64,13,63,15,89,0,0,6,45,5,94,24,40,3,95,0,0,2,26,16,75,27,96,4,43,13,84
17.02.2006,1,76,0,0,24,10,8,29,6,26,0,5,4,49,13,87,16,13,0,0,6,46,5,94,23,92,3,95,0,0,2,29,16,64,29,16,4,40,13,90
24.02.2006,1,76,0,0,24,34,8,44,6,69,0,5,4,98,13,82,16,17,0,0,6,32,5,93,23,84,3,97,0,0,2,39,17,15,30,38,4,48,13,52
03.03.2006,1,81,0,0,23,81,8,89,7,18,0,5,4,84,13,79,16,90,0,0,6,45,6,8,24,6,4,9,0,0,2,50,17,52,30,71,4,64,14,4
10.03.2006,1,76,0,0,23,37,8,65,6,86,0,5,5,6,13,92,17,42,0,0,6,52,5,93,23,27,4,23,0,0,2,52,18,17,29,50,4,57,14,4
17.03.2006,1,75,0,0,22,85,8,90,6,79,0,5,5,1,13,81,16,88,0,0,6,42,5,99,23,21,4,24,0,0,2,51,17,74,31,45,4,74,14,24
24.03.2006,1,76,0,0,23,12,9,85,6,94,0,5,4,96,13,87,17,59,0,0,6,65,6,3,23,45,4,19,0,0,2,59,18,8,32,12,4,74,14,75
31.03.2006,1,81,0,0,22,93,9,64,6,88,0,5,5,10,14,17,19,39,0,0,6,88,5,98,23,45,4,36,0,0,2,78,18,65,31,39,4,61,14,93
07.04.2006,1,76,0,0,22,50,10,20,6,50,0,5,4,79,13,96,19,67,0,0,6,76,6,2,23,48,4,67,0,0,2,89,18,60,31,8,4,61,15,26
14.04.2006,1,72,0,0,23,91,10,24,6,41,0,5,4,87,13,79,19,83,0,0,7,53,5,95,23,68,4,75,0,0,2,92,18,48,30,34,4,63,14,89
21.04.2006,1,71,0,0,25,17,9,75,6,24,0,5,4,85,13,66,19,76,0,0,7,17,5,80,23,97,4,77,0,0,2,87,19,0,32,99,4,53,16,41
28.04.2006,1,76,0,0,25,34,9,90,6,37,0,5,4,78,14,51,20,48,0,0,7,37,5,94,24,66,4,65,0,0,3,9,19,17,30,70,4,68,17,34
05.05.2006,1,73,0,0,26,81,9,86,6,23,0,5,4,65,14,51,20,28,0,0,7,42,5,90,24,20,4,71,0,0,3,10,18,90,29,71,4,39,17,12
12.05.2006,1,75,0,0,26,18,9,97,6,44,0,5,4,59,14,54,21,33,0,0,7,35,6,0,24,55,5,3,0,0,3,19,18,77,30,17,4,48,17,70
19.05.2006,1,72,0,0,25,79,10,35,6,10,0,5,4,78,14,75,19,89,0,0,7,22,5,89,23,82,4,91,0,0,3,11,18,65,29,26,4,47,17,47
26.05.2006,1,71,0,0,25,14,8,55,5,86,0,5,4,66,14,54,18,64,0,0,7,42,5,79,23,5,4,94,0,0,2,76,19,50,28,25,4,23,17,89
02.06.2006,1,75,0,0,25,5,8,5,5,60,0,5,4,16,14,57,18,19,0,0,7,85,5,99,23,53,4,41,0,0,2,85,19,38,28,59,4,24,18,3
09.06.2006,1,80,0,0,26,24,8,57,5,40,0,5,4,32,14,31,18,38,0,0,7,75,6,3,23,33,4,29,0,0,2,90,19,4,30,72,4,25,19,50
16.06.2006,1,80,0,0,24,24,7,71,5,26,0,5,4,23,13,84,16,53,0,0,7,53,6,13,22,75,4,32,0,0,2,84,18,32,27,92,4,22,18,87
23.06.2006,1,79,0,0,23,76,8,14,5,32,0,5,4,1,13,93,16,56,0,0,7,45,6,1,22,70,4,30,0,0,2,79,17,30,27,86,4,9,17,2
30.06.2006,1,77,0,0,24,9,7,92,5,36,0,5,3,88,14,8,17,22,0,0,7,49,5,71,22,37,4,18,0,0,2,89,18,5,27,73,4,19,16,92
07.07.2006,1,82,0,0,24,22,7,97,5,46,0,5,3,95,15,17,17,94,0,0,7,55,5,80,23,3,4,30,0,0,2,89,18,27,28,48,4,28,17,2
14.07.2006,1,88,0,0,24,49,8,21,5,45,0,5,4,26,14,78,17,79,0,0,7,55,5,89,23,43,4,32,0,0,2,90,17,12,28,30,4,19,15,84
21.07.2006,1,89,0,0,23,76,7,66,5,12,0,5,4,57,15,6,17,26,0,0,7,74,5,72,23,6,4,36,0,0,2,96,16,62,27,40,4,4,16,19
28.07.2006,1,89,0,0,23,55,7,69,5,22,0,5,5,3,15,30,17,39,0,0,7,72,5,86,23,0,4,46,0,0,2,94,17,15,27,65,4,5,16,39
04.08.2006,1,99,0,0,24,24,7,70,5,45,0,5,4,99,15,80,17,89,0,0,8,11,5,97,24,3,4,34,0,0,3,9,17,36,28,24,4,26,17,31
11.08.2006,1,99,0,0,24,57,7,98,5,41,0,5,5,7,16,53,17,72,0,0,7,81,6,2,24,0,4,52,0,0,3,7,16,80,28,12,4,23,17,28
18.08.2006,2,0,0,0,24,9,8,2,5,27,0,5,5,11,16,0,17,38,0,0,7,39,5,94,24,30,4,53,0,0,3,7,16,7,28,0,4,24,16,63
25.08.2006,2,0,0,0,24,24,8,60,5,49,0,5,5,30,16,35,18,12,0,0,7,48,6,2,24,31,4,49,0,0,3,15,16,28,29,18,4,45,16,46
01.09.2006,2,2,0,0,24,3,8,72,5,55,0,5,5,28,16,3,17,59,0,0,7,59,6,0,24,29,4,55,0,0,3,10,16,93,29,78,4,72,16,98
08.09.2006,2,9,0,0,25,20,8,69,5,62,0,5,5,43,16,26,18,30,0,0,7,83,6,2,23,87,4,58,0,0,3,15,17,4,29,49,4,95,16,96
15.09.2006,2,10,0,0,25,36,8,98,5,68,0,5,5,34,16,17,18,12,0,0,7,80,6,10,23,31,4,78,0,0,3,20,16,47,28,75,4,87,16,22
22.09.2006,2,12,0,0,25,66,8,70,5,69,0,5,5,32,16,26,18,24,0,0,7,82,6,14,22,61,5,9,0,0,3,39,16,97,29,44,4,80,16,89
29.09.2006,2,2,0,0,25,80,8,75,5,50,0,5,5,14,16,26,18,49,0,0,7,71,6,10,22,73,5,22,0,0,3,29,16,93,29,16,4,76,16,88
06.10.2006,2,13,0,0,25,79,8,92,5,82,0,5,5,27,16,20,18,65,0,0,7,66,6,19,23,37,5,17,0,0,3,49,17,56,29,50,4,85,17,78
13.10.2006,2,13,0,0,24,62,8,99,5,75,0,5,5,69,16,26,19,25,0,0,7,50,6,20,23,43,5,25,0,0,3,56,17,41,30,1,4,93,17,31
20.10.2006,2,17,0,0,24,84,9,12,6,15,0,5,5,61,16,44,20,41,0,0,7,29,6,16,23,81,5,47,0,0,3,57,17,74,31,3,5,9,17,55
27.10.2006,2,15,0,0,24,93,9,8,6,26,0,5,5,64,16,53,20,34,0,0,7,11,6,23,24,30,5,58,0,0,3,84,17,41,31,4,4,99,17,24
03.11.2006,2,11,0,0,25,19,8,78,6,3,0,5,5,60,16,72,20,5,0,0,7,34,6,46,23,74,5,82,0,0,3,86,17,57,30,72,4,92,17,67
10.11.2006,2,13,0,0,25,20,9,0,6,14,0,5,5,77,17,8,20,58,0,0,7,34,6,51,23,65,6,9,0,0,4,1,17,65,31,54,5,0,17,61
17.11.2006,2,14,0,0,26,40,9,65,6,9,0,5,5,81,16,33,20,92,0,0,7,37,6,71,24,80,6,2,0,0,4,12,18,11,31,63,5,3,18,7
24.11.2006,2,20,0,0,26,48,9,85,6,12,0,5,5,83,16,8,21,20,0,0,7,35,6,80,24,69,6,37,0,0,4,4,18,11,31,59,5,13,18,57
01.12.2006,2,40,0,0,26,26,9,94,6,6,0,5,5,88,15,81,20,72,0,0,7,18,6,61,24,65,6,22,0,0,3,99,19,2,31,48,5,16,18,24
08.12.2006,2,42,0,0,26,23,9,67,5,92,0,5,5,82,15,77,20,40,0,0,7,18,6,55,24,54,6,16,0,0,3,89,19,3,32,34,4,94,18,43
15.12.2006,2,48,0,0,26,96,9,75,6,9,0,5,5,82,16,22,20,90,0,0,7,59,6,69,24,71,6,14,0,0,3,91,18,80,37,79,4,96,18,40
22.12.2006,2,48,0,0,23,86,9,90,6,16,0,5,5,76,16,81,21,20,0,0,7,62,6,80,25,74,6,14,0,0,4,8,18,52,34,40,5,1,18,17
29.12.2006,2,46,0,0,23,84,9,76,6,12,0,5,5,99,16,81,20,73,0,0,7,44,6,64,25,20,6,14,0,0,3,95,18,53,33,13,5,3,17,73
05.01.2007,2,53,0,0,24,2,10,0,6,14,0,5,5,92,16,90,21,53,0,0,7,52,6,73,25,48,6,30,0,0,4,3,18,83,33,27,5,47,18,3
12.01.2007,2,50,0,0,24,23,10,29,6,27,0,5,6,8,17,27,21,27,0,0,7,32,6,70,24,93,6,24,0,0,4,2,20,14,33,56,5,34,18,45
19.01.2007,2,48,0,0,25,23,10,62,6,26,0,5,6,23,17,90,22,5,0,0,7,54,6,74,24,60,6,41,0,0,4,13,20,19,34,0,5,40,18,94
26.01.2007,2,55,0,0,25,9,10,58,6,20,0,5,6,26,17,94,22,26,0,0,7,53,6,78,24,70,6,20,0,0,4,35,20,70,33,25,5,39,18,86
02.02.2007,2,53,0,0,24,96,10,60,6,11,0,5,6,47,18,81,21,55,0,0,7,70,6,91,24,82,6,28,0,0,4,51,20,59,32,59,5,45,18,87
09.02.2007,2,51,0,0,25,6,10,83,6,37,0,6,6,58,18,71,21,94,0,0,7,71,7,7,24,64,6,71,0,0,4,77,21,7,33,46,5,41,19,28
16.02.2007,2,54,0,0,24,53,10,86,6,22,0,5,6,55,18,67,21,30,0,0,7,59,7,15,24,65,6,65,0,0,4,78,21,44,33,84,5,39,19,90
23.02.2007,2,63,0,0,24,38,11,19,6,63,0,5,6,53,18,89,21,77,0,0,8,0,7,18,24,37,6,82,0,0,5,6,21,63,34,20,5,32,19,74
02.03.2007,2,62,0,0,24,80,11,12,6,48,0,5,6,48,18,99,23,2,0,0,7,88,7,11,23,75,6,93,0,0,5,7,21,97,33,75,5,32,19,77
09.03.2007,2,51,0,0,24,85,10,2,5,97,0,5,6,20,18,22,21,61,0,0,7,86,6,78,23,14,7,9,0,0,4,81,22,66,31,42,5,16,19,58
16.03.2007,2,56,0,0,24,73,10,28,6,3,0,5,6,38,18,8,22,31,0,0,8,13,6,97,23,65,6,84,0,0,5,6,23,61,31,79,5,9,20,19
23.03.2007,2,61,0,0,25,5,10,5,5,76,0,5,6,28,17,44,21,75,0,0,7,94,6,81,23,6,6,72,0,0,4,95,23,0,30,22,4,97,21,7
30.03.2007,2,68,0,0,26,28,11,12,6,8,0,5,6,42,17,81,22,29,0,0,7,60,6,79,24,5,6,62,0,0,5,30,21,77,32,42,5,40,19,71
06.04.2007,2,70,0,0,26,46,11,1,6,3,0,5,6,41,17,44,22,76,0,0,7,94,6,90,24,36,6,97,0,0,5,25,22,12,31,84,5,31,19,66
13.04.2007,2,86,0,0,27,61,11,12,6,15,0,5,6,45,17,53,23,8,0,0,7,79,7,13,24,27,7,18,0,0,5,32,21,73,35,62,5,38,19,35
20.04.2007,2,85,0,0,26,31,11,34,6,34,0,5,6,52,17,44,23,72,0,0,7,55,7,6,24,69,7,36,0,0,5,42,22,78,33,15,5,50,19,78
27.04.2007,2,89,0,0,26,48,11,70,6,47,0,5,6,61,18,14,23,13,0,0,7,49,7,24,24,45,7,40,0,0,5,69,22,66,33,39,5,59,19,59
04.05.2007,2,85,0,0,26,26,12,19,6,33,0,5,6,72,18,71,23,41,0,0,7,54,7,14,24,35,7,54,0,0,6,7,22,89,33,71,5,76,20,37
11.05.2007,2,85,0,0,27,34,11,74,6,24,0,5,6,66,18,81,24,34,0,0,7,49,7,21,25,13,8,14,0,0,6,8,23,42,34,27,5,80,20,36
18.05.2007,2,78,0,0,27,78,12,20,6,20,0,5,6,71,18,35,24,88,0,0,7,44,7,20,24,89,8,25,0,0,5,76,22,98,34,25,5,72,20,55
25.05.2007,2,83,0,0,28,44,12,17,6,30,0,6,6,64,18,99,24,94,0,0,7,63,7,23,26,8,7,77,0,0,5,94,22,70,35,34,5,69,20,64
01.06.2007,2,81,0,0,27,83,12,21,6,58,0,5,6,63,18,58,25,4,0,0,7,70,7,25,26,30,8,14,0,0,5,67,22,34,33,90,5,29,21,4
08.06.2007,2,88,0,0,27,42,12,58,6,37,0,5,6,51,17,94,26,32,0,0,7,74,7,37,26,33,8,23,0,0,5,97,21,93,31,0,5,27,21,5
15.06.2007,2,87,0,0,26,87,12,1,6,22,0,5,6,3,16,80,24,63,0,0,7,73,7,9,26,21,8,9,0,0,5,56,22,81,29,46,5,16,21,9
22.06.2007,2,90,0,0,27,94,12,44,6,29,0,5,6,29,17,26,25,54,0,0,7,75,7,21,27,13,7,80,0,0,5,92,23,18,30,78,5,35,20,92
29.06.2007,2,81,0,0,27,1,12,2,6,12,0,5,6,18,17,8,25,15,0,0,7,82,6,81,26,58,7,80,0,0,5,98,23,36,30,35,5,23,21,28
06.07.2007,2,73,0,0,27,14,12,70,6,14,0,5,6,28,16,99,25,59,0,0,7,61,6,87,26,90,8,6,0,0,6,14,22,94,29,76,5,17,20,20
13.07.2007,2,64,0,0,27,87,13,25,6,9,0,5,11,24,17,8,25,95,0,0,7,58,6,83,27,75,7,85,0,0,6,51,23,51,29,90,5,10,20,30
20.07.2007,2,66,0,0,28,37,13,15,6,0,0,5,11,12,16,94,25,66,0,0,7,66,6,79,28,21,8,16,0,0,6,52,22,67,30,29,5,10,20,8
27.07.2007,2,63,0,0,28,51,13,23,5,87,0,5,10,87,16,63,23,45,0,0,7,69,6,79,27,19,8,40,0,0,6,39,22,81,29,76,5,3,20,1
03.08.2007,2,44,0,0,27,46,11,68,5,54,0,5,9,93,16,26,22,4,0,0,8,1,6,47,25,53,8,15,0,0,5,84,22,69,28,25,5,11,19,86
10.08.2007,2,48,0,0,27,10,12,25,5,36,0,5,9,88,16,16,22,56,0,0,8,10,6,39,24,59,7,82,0,0,5,68,23,1,29,0,5,15,19,1
17.08.2007,2,35,0,0,26,43,11,76,5,24,0,5,9,96,15,80,20,19,0,0,8,40,6,24,24,1,7,63,0,0,5,25,22,92,30,6,5,17,17,96
24.08.2007,2,41,0,0,25,5,10,52,5,23,0,5,9,89,15,24,19,65,0,0,7,85,6,31,23,82,7,59,0,0,5,2,22,20,29,38,5,24,17,72
31.08.2007,2,60,0,0,26,59,11,29,5,20,0,5,10,38,16,28,20,90,0,0,7,63,6,53,24,86,7,9,0,0,5,30,21,37,29,61,5,26,16,57
07.09.2007,2,67,0,0,26,98,11,18,5,33,0,5,10,10,16,17,21,6,0,0,7,69,6,53,25,38,7,5,0,0,5,42,20,6,30,3,5,17,15,78
14.09.2007,2,52,0,0,26,4,10,76,5,9,0,5,9,26,15,58,19,75,0,0,7,53,6,40,24,81,6,99,0,0,5,31,20,72,29,29,4,87,15,76
21.09.2007,2,54,0,0,25,88,10,60,5,8,0,5,9,29,15,17,18,49,0,0,7,81,6,62,25,34,7,17,0,0,5,31,21,10,29,84,4,94,15,60
28.09.2007,2,52,0,0,25,97,11,11,5,3,0,5,9,31,13,99,18,94,0,0,7,82,6,81,26,12,6,83,0,0,5,60,21,11,30,61,5,7,15,79
05.10.2007,2,63,0,0,26,12,10,80,4,93,0,5,8,64,14,49,18,24,0,0,7,50,6,84,25,99,7,3,0,0,5,90,21,0,30,86,5,6,14,51
12.10.2007,2,76,0,0,27,73,11,84,5,24,0,5,9,61,15,18,20,26,0,0,7,22,6,93,25,96,7,47,0,0,6,15,20,77,30,98,5,27,14,25
19.10.2007,2,81,0,0,28,64,11,73,5,36,0,5,9,41,15,32,20,10,0,0,7,29,7,5,26,45,7,61,0,0,6,35,20,14,31,39,5,14,13,41
26.10.2007,2,88,0,0,29,2,11,38,5,1,0,5,9,0,15,15,18,65,0,0,7,10,6,94,25,94,7,89,0,0,6,35,20,92,30,81,5,4,14,77
02.11.2007,2,88,0,0,29,84,11,59,5,4,0,5,8,92,14,81,19,63,0,0,7,30,7,8,25,14,8,4,0,0,6,16,20,82,33,44,5,0,15,14
09.11.2007,2,93,0,0,30,1,11,42,5,2,0,5,8,72,14,81,18,73,0,0,7,49,7,10,24,71,7,93,0,0,6,23,20,77,32,40,4,95,14,48
16.11.2007,2,83,0,0,29,48,10,16,4,95,0,4,8,17,14,39,17,52,0,0,7,19,7,4,23,91,7,87,0,0,5,51,20,1,31,19,4,80,13,88
23.11.2007,2,95,0,0,29,2,10,78,4,97,0,4,7,89,14,40,19,4,0,0,7,42,7,8,24,20,7,82,0,0,5,41,20,49,31,64,4,84,13,88
30.11.2007,2,87,0,0,28,6,9,68,4,84,0,4,7,87,14,4,17,79,0,0,7,28,6,99,24,0,7,48,0,0,4,99,19,25,30,69,4,88,12,36
07.12.2007,2,87,0,0,28,63,9,72,4,92,0,4,8,46,14,67,18,95,0,0,7,2,7,5,24,37,6,70,0,0,5,22,20,18,31,35,5,9,12,26
14.12.2007,2,92,0,0,28,58,9,71,5,1,0,4,8,34,14,54,19,9,0,0,6,70,7,19,25,6,7,10,0,0,4,93,19,4,31,81,5,13,11,5
21.12.2007,3,9,0,0,28,78,9,20,5,14,0,4,8,64,14,26,19,0,0,0,6,92,7,9,24,60,6,94,0,0,4,87,20,27,31,68,5,8,12,8
28.12.2007,3,6,0,0,28,44,8,85,5,6,0,4,8,22,14,29,18,51,0,0,6,74,6,94,24,69,6,79,0,0,4,83,20,9,30,74,5,0,12,52
04.01.2008,3,14,0,0,28,59,8,87,5,46,0,4,8,34,14,54,18,93,0,0,6,91,7,0,25,5,6,36,0,0,4,92,21,16,31,0,5,6,13,56
11.01.2008,3,5,0,0,27,56,8,21,5,18,0,4,8,3,14,26,17,55,0,0,6,65,6,97,25,17,6,34,0,0,4,32,21,69,30,43,4,93,12,94
18.01.2008,2,99,0,0,26,98,7,71,4,81,0,4,7,91,13,73,16,26,0,0,6,55,6,87,25,0,6,21,0,0,4,66,21,97,31,4,4,93,12,80
25.01.2008,2,81,0,0,26,86,7,80,4,58,0,3,7,15,13,63,15,60,0,0,6,37,6,88,23,20,5,48,0,0,4,49,20,73,29,49,4,63,11,93
01.02.2008,2,65,0,0,24,28,7,88,4,36,0,3,7,19,13,45,16,3,0,0,5,92,6,37,21,96,5,59,0,0,4,20,19,51,28,89,4,36,11,64
08.02.2008,2,75,0,0,24,97,8,2,4,43,0,3,7,30,13,58,16,3,0,0,5,80,6,43,21,76,5,10,0,0,4,39,18,74,28,40,4,45,12,32
15.02.2008,2,72,0,0,24,81,7,10,4,9,0,3,6,94,13,21,14,65,0,0,5,50,6,36,21,29,5,39,0,0,3,90,19,90,27,94,4,16,11,80
22.02.2008,2,72,0,0,24,98,7,25,3,87,0,3,7,2,13,72,15,96,0,0,5,56,6,34,22,38,5,33,0,0,4,3,19,52,27,81,4,17,11,14
29.02.2008,2,75,0,0,24,21,7,82,4,10,0,3,6,48,13,49,16,65,0,0,5,94,6,27,22,70,5,28,0,0,3,87,20,34,28,26,4,11,11,11
07.03.2008,2,68,0,0,23,37,7,60,4,14,0,3,6,90,13,26,16,29,0,0,5,86,6,14,22,92,5,38,0,0,3,91,20,57,28,47,4,16,11,44
14.03.2008,2,53,0,0,22,87,7,30,3,89,0,3,6,31,12,72,15,48,0,0,5,88,5,97,22,59,5,45,0,0,3,54,20,77,27,70,3,97,12,17
21.03.2008,2,41,0,0,22,1,6,79,3,79,0,3,5,90,11,99,15,16,0,0,5,82,5,76,22,11,5,3,0,0,3,51,20,17,27,32,4,13,11,48
28.03.2008,2,24,0,0,21,53,6,26,3,70,0,3,5,65,11,13,14,60,0,0,5,52,5,60,20,87,4,76,0,0,3,66,20,63,27,13,4,6,11,3
04.04.2008,2,29,0,0,20,62,6,58,3,90,0,3,6,36,12,45,15,67,0,0,5,51,5,78,21,59,4,61,0,0,3,96,20,89,28,61,4,20,10,61
11.04.2008,2,45,0,0,22,26,6,84,4,25,0,3,6,75,13,49,16,19,0,0,5,93,6,4,22,53,4,69,0,0,4,9,21,34,29,19,4,44,10,89
18.04.2008,2,36,0,0,21,94,6,82,4,0,0,3,6,53,12,72,16,13,0,0,6,14,5,96,23,9,5,39,0,0,4,9,21,96,28,97,4,39,11,59
25.04.2008,2,25,0,0,23,40,7,20,3,91,0,3,6,73,12,86,17,35,0,0,6,8,6,12,23,84,5,31,0,0,3,91,21,50,29,26,4,52,11,90
02.05.2008,2,34,0,0,24,24,7,37,3,87,0,3,6,95,12,26,17,4,0,0,6,13,6,4,24,52,5,24,0,0,4,8,20,99,28,85,4,50,12,36
09.05.2008,2,35,0,0,23,21,7,17,3,98,0,2,7,13,13,8,16,77,0,0,11,53,6,8,25,10,5,18,0,0,4,16,21,50,28,76,4,54,12,23
16.05.2008,2,35,0,0,23,52,7,1,3,86,0,2,7,16,12,72,17,35,0,0,5,92,5,88,25,40,5,38,0,0,4,10,22,19,28,20,4,27,12,26
23.05.2008,2,41,0,0,23,60,7,2,3,86,0,2,7,59,12,44,19,13,0,0,5,90,6,5,26,65,5,47,0,0,4,26,21,44,27,98,4,33,11,63
30.05.2008,2,51,0,0,24,89,6,69,3,51,0,2,7,20,11,90,18,41,0,0,6,31,6,17,26,33,5,38,0,0,4,0,19,59,26,29,3,89,11,89
06.06.2008,2,61,0,0,25,47,6,57,3,67,0,2,7,9,11,79,18,87,0,0,6,4,6,22,26,18,5,32,0,0,3,98,19,43,26,73,3,94,11,57
13.06.2008,2,51,0,0,24,72,6,34,3,29,0,2,6,57,11,37,18,50,0,0,11,90,6,9,25,21,5,34,0,0,3,60,19,48,26,10,3,66,5,13
20.06.2008,2,42,0,0,22,68,5,71,3,7,0,2,6,31,10,90,17,52,0,0,5,88,5,85,24,47,5,21,0,0,3,50,18,61,25,97,3,59,10,99
27.06.2008,2,41,0,0,22,94,5,83,2,84,0,2,6,26,10,63,16,32,0,0,5,71,5,69,23,53,4,76,0,0,3,27,18,47,24,76,3,39,10,33
04.07.2008,2,34,0,0,21,94,5,52,2,70,0,2,6,11,10,8,16,0,0,0,5,53,5,23,23,38,4,88,0,0,2,92,16,29,24,26,3,38,9,69
11.07.2008,2,32,0,0,20,58,5,23,2,47,0,2,6,9,9,99,14,49,0,0,5,31,5,10,22,96,4,45,0,0,2,80,16,48,23,63,3,42,9,53
18.07.2008,2,23,0,0,19,44,5,0,2,52,0,2,5,96,9,88,12,97,0,0,5,46,4,92,22,40,4,14,0,0,2,66,16,60,22,82,3,28,8,33
25.07.2008,2,28,0,0,19,85,5,53,2,69,0,2,6,16,9,64,14,24,0,0,5,13,4,85,21,81,4,7,0,0,2,88,16,43,22,80,3,25,7,61
01.08.2008,2,29,0,0,19,37,5,45,2,82,0,2,6,31,9,61,13,86,0,0,5,35,5,12,22,6,4,5,0,0,3,24,18,33,22,59,3,45,8,56
08.08.2008,2,31,0,0,19,2,5,16,2,69,0,2,6,38,9,90,13,12,0,0,5,43,5,24,21,28,4,59,0,0,2,94,18,35,22,31,3,40,8,44
15.08.2008,2,22,0,0,19,97,5,70,2,96,0,2,7,3,10,97,14,64,0,0,5,35,5,50,21,9,4,32,0,0,3,19,18,61,22,89,3,59,7,70
22.08.2008,2,18,0,0,21,22,5,62,2,95,0,2,6,97,11,5,13,81,0,0,6,0,5,35,21,63,4,38,0,0,3,23,19,60,22,86,3,51,8,19
29.08.2008,2,5,0,0,20,13,5,47,2,89,0,2,6,89,10,75,13,46,0,0,5,70,5,32,21,72,4,40,0,0,2,99,18,33,22,46,3,24,8,51
05.09.2008,2,14,0,0,19,93,5,99,2,95,0,2,7,18,10,77,13,54,0,0,5,76,5,40,22,23,4,5,0,0,2,94,17,83,22,77,3,43,8,4
12.09.2008,2,2,0,0,18,81,5,90,3,7,0,2,6,80,10,22,13,36,0,0,5,95,5,9,20,25,4,23,0,0,2,88,18,43,21,95,3,49,8,44
19.09.2008,1,99,0,0,19,19,5,97,3,31,0,2,7,0,10,90,12,60,0,0,6,14,5,18,20,90,4,28,0,0,3,4,17,24,22,65,3,65,8,86
26.09.2008,1,80,0,0,18,19,6,17,3,21,0,2,6,71,10,8,12,42,0,0,5,99,5,14,20,20,4,24,0,0,3,2,16,42,22,63,3,68,8,81
03.10.2008,1,80,0,0,16,57,5,27,3,24,0,2,6,36,9,81,11,36,0,0,5,70,5,20,19,29,3,86,0,0,2,81,16,5,23,63,3,74,8,84
10.10.2008,1,71,0,0,16,75,4,58,3,35,0,2,5,69,9,27,10,55,0,0,5,71,5,17,18,39,3,70,0,0,2,37,15,79,22,75,3,65,7,60
17.10.2008,1,32,0,0,14,58,4,25,2,87,0,2,4,23,8,18,8,39,0,0,4,98,3,96,13,76,3,16,0,0,1,86,14,54,20,65,2,71,6,86
24.10.2008,1,37,0,0,14,74,4,90,3,18,0,2,4,95,8,84,8,71,0,0,5,10,4,48,16,0,2,50,0,0,2,2,14,58,21,9,2,81,7,78
31.10.2008,1,41,0,0,16,15,4,90,3,1,0,1,4,41,8,99,8,79,0,0,5,32,4,37,15,41,2,32,0,0,1,63,11,51,19,67,2,46,8,13
07.11.2008,1,43,0,0,15,78,4,46,3,2,0,2,5,33,8,86,9,46,0,0,4,97,4,49,18,53,2,19,0,0,1,71,8,77,19,66,2,66,6,68
14.11.2008,1,58,0,0,16,10,4,38,3,14,0,2,5,13,9,37,9,79,0,0,5,45,4,73,17,80,2,1,0,0,1,69,10,35,19,96,2,83,7,88
21.11.2008,1,58,0,0,15,15,3,50,3,2,0,2,4,48,9,7,9,17,0,0,5,12,4,55,18,4,2,66,0,0,1,57,9,61,19,31,2,26,7,81
28.11.2008,1,39,0,0,12,66,2,96,2,95,0,1,3,75,8,63,8,98,0,0,4,85,4,32,15,87,2,26,0,0,1,35,8,80,17,17,2,0,6,83
05.12.2008,1,37,0,0,13,89,3,51,3,18,0,2,3,95,8,99,9,36,0,0,4,59,4,22,17,73,2,3,0,0,1,61,9,41,18,96,2,21,7,11
12.12.2008,1,25,0,0,13,23,3,27,3,15,0,2,2,66,8,49,9,55,0,0,4,13,3,53,15,39,2,14,0,0,1,41,9,19,17,50,2,1,6,91
19.12.2008,1,29,0,0,13,45,3,88,3,11,0,2,2,86,8,31,11,8,0,0,4,15,3,67,17,79,2,27,0,0,1,43,9,77,19,41,2,9,7,14
26.12.2008,1,30,0,0,15,18,3,71,3,9,0,2,2,80,8,18,12,6,0,0,4,54,3,85,16,60,2,37,0,0,1,35,10,20,19,94,2,40,7,38
02.01.2009,1,25,0,0,14,5,3,70,2,99,0,2,2,73,8,45,11,72,0,0,4,85,3,81,16,21,2,6,0,0,1,27,10,37,19,16,2,34,7,67
09.01.2009,1,34,0,0,15,3,3,96,3,7,0,2,2,75,9,8,11,60,0,0,4,80,4,0,17,45,1,83,0,0,1,35,10,81,19,48,2,37,7,79
16.01.2009,1,39,0,0,14,74,4,27,3,16,0,2,3,25,9,54,11,12,0,0,4,77,3,85,17,53,1,81,0,0,1,57,11,33,18,75,2,46,8,19
23.01.2009,1,29,0,0,13,35,3,81,3,0,0,1,2,66,9,8,9,90,0,0,4,60,3,71,16,79,2,12,0,0,1,31,11,18,18,7,2,31,7,86
30.01.2009,1,29,0,0,12,46,3,70,2,93,0,1,2,33,8,27,9,37,0,0,4,41,3,61,16,50,2,13,0,0,1,1,11,58,15,88,2,6,6,64
06.02.2009,1,36,0,0,12,62,4,2,3,1,0,1,2,46,8,36,9,80,0,0,4,37,3,78,16,64,2,3,0,0,1,7,12,22,16,30,2,31,6,21
13.02.2009,1,45,0,0,13,42,4,2,3,0,0,1,2,43,8,33,9,79,0,0,4,37,4,8,17,52,1,89,0,0,1,28,12,13,16,19,2,25,6,26
20.02.2009,1,41,0,0,12,87,4,20,2,96,0,1,2,19,8,18,9,58,0,0,4,34,3,76,17,23,1,94,0,0,1,22,11,96,15,14,2,20,6,86
27.02.2009,1,31,0,0,11,94,3,92,2,79,0,1,1,78,7,27,8,0,0,0,4,15,3,66,15,98,2,10,0,0,1,4,11,88,13,3,1,66,6,65
06.03.2009,1,14,0,0,11,39,3,95,2,62,0,1,1,67,6,36,7,40,0,0,4,15,3,40,15,86,1,85,0,0,0,99,10,70,11,92,1,81,5,92
13.03.2009,0,99,0,0,11,0,3,39,2,9,0,1,1,14,6,0,7,4,0,0,3,92,2,97,12,30,1,65,0,0,1,10,9,92,10,43,1,36,5,98
20.03.2009,0,99,0,0,10,30,3,80,2,8,0,1,1,35,8,7,6,79,0,0,4,29,2,90,13,80,6,60,0,0,1,19,9,65,10,71,1,60,6,19
27.03.2009,1,11,0,0,11,17,4,0,2,27,0,1,1,36,7,54,7,69,0,0,4,4,3,14,14,29,6,20,0,0,1,28,9,0,11,85,1,75,6,94
03.04.2009,1,19,0,0,12,62,4,12,2,62,0,1,1,95,7,72,8,63,0,0,4,30,3,20,14,97,6,41,0,0,1,47,8,99,13,52,2,4,6,73
10.04.2009,1,15,0,0,12,69,4,60,2,68,0,1,2,35,7,77,9,40,0,0,4,78,3,9,14,80,7,18,0,0,1,91,9,9,13,34,2,2,6,52
17.04.2009,1,18,0,0,13,69,4,94,2,69,0,1,2,36,7,83,9,78,0,0,4,75,3,32,14,76,7,84,0,0,1,89,9,54,13,34,2,8,7,14
24.04.2009,1,20,0,0,13,99,5,30,3,22,0,1,2,50,7,81,9,98,0,0,4,93,3,37,14,97,9,24,0,0,2,13,9,68,15,41,2,21,7,50
01.05.2009,1,19,0,0,14,69,5,62,3,24,0,1,2,69,7,72,10,27,0,0,5,24,3,37,15,74,10,26,0,0,2,14,9,19,15,48,2,15,7,53
08.05.2009,1,25,0,0,14,81,5,35,3,46,0,1,2,77,8,40,11,20,0,0,5,15,3,56,16,45,10,29,0,0,2,9,10,52,15,48,2,28,7,86
15.05.2009,1,21,0,0,15,73,6,20,3,66,0,1,3,79,9,36,11,67,0,0,5,40,3,70,17,26,10,66,0,0,2,13,10,95,16,76,2,39,8,39
22.05.2009,1,29,0,0,15,74,5,92,3,31,0,1,3,27,9,8,10,66,0,0,5,40,3,60,17,6,11,67,0,0,2,3,10,0,16,0,2,32,8,2
29.05.2009,1,32,0,0,16,33,6,65,3,45,0,1,3,29,9,36,10,63,0,0,5,45,3,70,16,76,12,56,0,0,2,17,10,31,15,91,2,43,7,41
05.06.2009,1,32,0,0,16,42,6,58,3,48,0,1,3,21,9,63,9,94,0,0,5,59,3,60,17,6,11,71,0,0,2,9,9,98,15,65,2,34,7,42
12.06.2009,1,35,0,0,16,37,6,94,3,89,0,1,3,1,9,18,10,70,0,0,5,78,3,60,17,70,11,99,0,0,2,14,10,15,15,82,2,31,7,23
19.06.2009,1,34,0,0,16,20,7,20,3,93,0,1,3,10,8,86,10,42,0,0,5,58,3,69,18,4,12,5,0,0,2,18,9,40,15,88,2,32,7,32
26.06.2009,1,38,0,0,15,37,6,60,3,62,0,1,2,74,8,54,9,70,0,0,5,57,3,86,17,48,11,90,0,0,1,93,9,40,14,56,2,13,6,91
03.07.2009,1,26,0,0,15,41,6,91,3,68,0,1,2,79,8,88,9,95,0,0,5,76,3,48,16,76,9,72,0,0,1,93,9,73,14,56,2,12,6,59
10.07.2009,1,27,0,0,16,2,6,84,3,70,0,1,2,99,8,27,9,95,0,0,5,71,3,47,16,87,10,15,0,0,1,96,10,5,14,57,2,13,7,21
17.07.2009,1,14,0,0,15,34,6,23,3,37,0,1,2,63,7,54,9,26,0,0,5,88,3,25,15,87,10,3,0,0,1,84,9,86,13,71,2,3,6,93
24.07.2009,1,26,0,0,15,82,6,72,3,70,0,1,2,82,7,78,9,70,0,0,5,60,3,42,16,89,9,73,0,0,2,15,9,65,14,76,2,22,6,89
31.07.2009,1,26,0,0,16,54,7,20,3,73,0,1,3,2,8,16,10,33,0,0,5,82,3,61,17,23,11,22,0,0,2,13,9,85,15,65,2,35,7,21
07.08.2009,1,28,0,0,17,7,7,50,3,98,0,1,3,12,7,86,10,51,0,0,5,83,3,81,16,33,11,41,0,0,2,16,10,29,15,99,2,44,7,39
14.08.2009,1,24,0,0,17,68,7,79,4,13,0,1,3,33,8,6,10,50,0,0,5,91,3,90,16,20,12,21,0,0,2,30,10,77,16,19,2,65,8,0
21.08.2009,1,26,0,0,16,89,7,83,4,23,0,2,3,45,8,24,10,79,0,0,5,78,3,97,16,18,12,24,0,0,2,31,10,83,16,4,2,68,8,50
28.08.2009,1,27,0,0,16,54,7,92,4,18,0,2,3,34,8,44,11,80,0,0,5,83,4,16,16,52,11,76,0,0,2,30,10,66,16,71,2,58,8,40
04.09.2009,1,34,0,0,17,30,8,11,4,42,0,2,3,46,9,8,12,25,0,0,5,94,4,13,16,48,12,2,0,0,2,32,11,41,17,62,2,86,9,32
11.09.2009,1,33,0,0,17,92,7,87,4,29,0,2,3,42,9,13,11,50,0,0,5,80,4,6,16,62,11,99,0,0,2,22,11,14,16,82,2,75,4,71
18.09.2009,1,38,0,0,18,63,8,42,4,34,0,2,3,63,9,58,12,20,0,0,5,85,4,19,17,37,11,91,0,0,2,45,11,23,17,47,2,83,9,19
25.09.2009,1,40,0,0,18,74,8,82,4,45,0,2,3,57,9,63,12,44,0,0,6,25,4,34,17,57,12,9,0,0,2,46,11,65,17,67,2,88,9,28
02.10.2009,1,34,0,0,18,21,8,57,4,59,0,2,3,50,9,29,11,84,0,0,6,39,4,26,17,2,12,14,0,0,2,44,11,52,17,95,2,76,9,17
09.10.2009,1,31,0,0,18,5,8,64,4,54,0,2,3,41,8,99,11,62,0,0,6,16,4,19,16,73,12,39,0,0,2,53,11,81,17,76,2,71,9,21
16.10.2009,1,32,0,0,18,99,9,20,4,84,0,2,3,87,9,24,12,27,0,0,6,26,4,32,17,13,12,51,0,0,2,87,11,96,18,60,2,89,8,82
23.10.2009,1,36,0,0,18,91,9,48,4,77,0,2,3,85,9,25,13,22,0,0,6,58,4,23,18,0,15,3,0,0,3,4,12,72,18,85,2,90,9,44
30.10.2009,1,32,0,0,18,70,9,6,4,59,0,2,3,65,9,3,13,4,0,0,6,80,4,19,17,73,15,1,0,0,3,7,12,45,18,53,2,85,9,70
06.11.2009,1,26,0,0,17,75,8,23,4,30,0,1,3,26,8,43,11,44,0,0,6,58,4,6,16,91,14,34,0,0,2,82,12,0,17,16,2,69,9,14
13.11.2009,1,25,0,0,18,76,8,97,4,33,0,1,3,31,9,3,11,57,0,0,6,47,4,10,17,21,13,49,0,0,2,95,11,64,17,49,2,67,8,57
20.11.2009,1,29,0,0,19,47,9,41,4,70,0,1,3,43,8,99,11,35,0,0,6,69,4,27,17,40,13,83,0,0,2,97,11,88,17,99,2,86,8,62
27.11.2009,1,29,0,0,19,79,9,0,4,48,0,1,3,13,8,91,10,54,0,0,7,23,4,19,16,85,13,95,0,0,2,78,11,80,17,41,2,73,8,88
04.12.2009,1,28,0,0,19,6,8,97,4,39,0,1,3,8,8,89,10,50,0,0,7,12,4,3,16,73,13,48,0,0,2,74,11,82,17,39,2,72,8,47
11.12.2009,1,39,0,0,19,85,9,43,4,56,0,1,3,15,9,8,10,88,0,0,7,20,4,13,17,11,12,71,0,0,2,94,11,3,18,22,2,88,4,76
18.12.2009,1,35,0,0,19,62,9,16,4,36,0,1,2,92,9,28,10,81,0,0,7,29,4,7,16,79,13,20,0,0,2,84,11,25,17,63,2,82,8,10
25.12.2009,1,42,0,0,19,39,9,32,4,20,0,1,2,83,9,28,10,85,0,0,7,42,4,0,17,0,13,34,0,0,2,82,11,20,18,0,2,81,8,37
01.01.2010,1,42,0,0,21,39,10,2,4,52,0,1,3,10,10,43,11,86,0,0,7,37,4,22,18,37,14,5,0,0,3,2,11,7,18,87,2,97,8,58
08.01.2010,1,42,0,0,20,87,9,47,4,40,0,1,3,4,10,8,11,88,0,0,7,30,4,9,18,35,13,60,0,0,2,97,11,23,18,86,2,91,8,83
15.01.2010,1,41,0,0,20,23,9,15,4,19,0,1,2,82,9,76,11,19,0,0,7,30,3,97,17,50,13,98,0,0,2,75,11,10,18,9,2,71,8,54
22.01.2010,1,38,0,0,19,99,9,10,4,3,0,1,2,54,9,76,10,80,0,0,7,26,3,90,16,93,12,21,0,0,2,54,10,54,17,27,2,60,8,16
29.01.2010,1,33,0,0,18,91,8,36,3,85,0,1,2,53,8,59,10,13,0,0,7,34,3,73,16,1,11,72,0,0,2,29,10,16,16,4,2,39,7,86
05.02.2010,1,27,0,0,18,51,8,16,3,78,0,1,2,46,8,59,9,56,0,0,7,16,3,81,16,65,10,86,0,0,2,15,9,30,16,33,2,46,7,25
12.02.2010,1,27,0,0,19,14,8,80,4,6,0,1,2,55,8,71,9,73,0,0,7,74,3,98,17,7,11,9,0,0,2,32,9,29,16,85,2,53,7,25
19.02.2010,1,27,0,0,18,68,8,61,4,13,0,1,2,57,8,52,9,13,0,0,7,64,3,98,16,57,11,18,0,0,2,15,9,49,16,66,2,41,7,18
26.02.2010,1,33,0,0,21,3,9,6,4,27,0,1,2,67,9,43,9,94,0,0,7,78,4,8,17,39,11,63,0,0,2,48,9,67,17,32,2,65,7,11
05.03.2010,1,35,0,0,19,32,9,61,4,30,0,1,2,78,9,30,9,95,0,0,7,83,4,15,17,46,12,51,0,0,2,60,9,91,17,94,2,66,7,63
12.03.2010,1,34,0,0,19,25,9,84,4,31,0,1,2,81,9,54,10,23,0,0,8,1,4,14,17,9,12,77,0,0,2,61,9,95,17,85,2,65,7,67
19.03.2010,1,38,0,0,19,24,9,99,4,37,0,1,2,89,9,34,9,46,0,0,8,16,4,12,17,41,12,68,0,0,2,71,10,4,17,72,2,63,7,64
26.03.2010,1,40,0,0,20,30,9,86,4,41,0,1,2,85,9,24,9,60,0,0,7,92,4,18,17,56,12,92,0,0,2,72,9,96,18,3,2,63,7,59
02.04.2010,1,42,0,0,19,46,9,94,4,36,0,1,2,86,9,6,10,3,0,0,7,75,4,18,17,59,13,12,0,0,2,69,10,22,17,76,2,56,7,74
09.04.2010,1,37,0,0,19,38,9,56,4,24,0,1,2,86,9,18,10,60,0,0,7,67,4,19,17,52,13,47,0,0,2,74,10,38,17,20,2,61,7,93
16.04.2010,1,32,0,0,18,64,9,17,3,97,0,1,2,81,9,18,11,37,0,0,7,82,4,13,17,67,14,42,0,0,2,94,10,2,16,72,2,52,7,77
23.04.2010,1,28,0,0,17,70,8,67,3,82,0,1,2,67,8,97,11,25,0,0,7,69,3,95,16,86,13,89,0,0,2,77,9,78,15,95,2,33,7,48
30.04.2010,1,17,0,0,16,29,7,69,3,32,0,1,2,25,7,43,9,48,0,0,7,37,3,55,15,31,12,73,0,0,2,34,8,87,13,89,1,88,6,74
07.05.2010,1,16,0,0,16,71,7,61,3,55,0,1,2,29,7,98,10,6,0,0,4,4,3,60,15,76,13,89,0,0,2,50,9,63,14,75,2,3,6,83
14.05.2010,1,14,0,0,16,55,7,16,3,45,0,1,2,40,7,88,9,32,0,0,4,5,3,57,15,55,12,53,0,0,2,40,9,20,14,82,2,4,6,3
21.05.2010,1,20,0,0,16,67,7,5,3,35,0,1,2,47,7,82,9,4,0,0,4,9,3,75,15,35,13,5,0,0,2,44,8,78,14,88,2,1,6,7
28.05.2010,1,21,0,0,16,57,6,69,3,21,0,1,2,28,7,40,8,37,0,0,4,19,3,68,14,95,13,31,0,0,2,39,8,90,14,29,1,86,5,95
04.06.2010,1,24,0,0,15,54,7,15,3,36,0,1,2,45,7,93,8,80,0,0,4,17,3,82,15,37,13,53,0,0,2,48,9,10,14,58,2,4,5,79
11.06.2010,1,32,0,0,15,90,7,34,3,45,0,1,2,65,8,30,8,94,0,0,4,15,3,97,16,2,14,17,0,0,2,63,9,21,15,33,2,24,6,1
18.06.2010,1,15,0,0,15,41,7,17,3,33,0,1,2,51,7,67,8,47,0,0,4,4,3,59,15,50,13,77,0,0,2,46,8,89,14,71,2,18,5,85
25.06.2010,1,12,0,0,15,33,6,51,3,20,0,1,2,45,7,59,8,2,0,0,4,1,3,46,14,91,13,56,0,0,2,28,8,42,14,29,2,1,5,23
02.07.2010,1,17,0,0,16,40,7,10,3,41,0,1,2,65,8,22,8,13,0,0,4,19,3,66,15,54,14,48,0,0,2,45,8,74,15,20,2,25,5,51
09.07.2010,1,17,0,0,16,40,7,10,3,41,0,1,2,65,8,22,8,13,0,0,4,19,3,66,15,54,14,48,0,0,2,45,8,74,15,20,2,25,5,51
16.07.2010,1,16,0,0,15,69,6,58,3,22,0,1,2,51,8,13,7,97,0,0,4,26,3,61,15,28,14,60,0,0,2,57,8,72,14,97,2,24,5,47
23.07.2010,1,16,0,0,15,78,7,1,3,30,0,1,2,52,8,20,8,6,0,0,4,21,3,68,15,59,14,95,0,0,2,75,8,75,15,42,2,25,5,48
30.07.2010,1,15,0,0,15,78,7,69,3,36,0,1,2,69,8,61,8,37,0,0,4,4,3,77,15,69,15,7,0,0,2,73,8,48,15,46,2,37,5,67
06.08.2010,1,16,0,0,16,7,7,73,3,31,0,1,2,71,8,32,8,43,0,0,4,10,3,84,16,34,15,54,0,0,2,84,8,60,15,55,2,35,5,52
13.08.2010,1,13,0,0,15,69,7,22,3,7,0,1,2,58,7,97,7,69,0,0,4,10,3,82,16,5,14,87,0,0,2,64,8,25,14,96,2,21,5,5
20.08.2010,1,9,0,0,15,17,6,88,2,94,0,1,2,48,7,87,7,48,0,0,4,4,3,72,15,66,14,67,0,0,2,61,8,29,14,39,2,9,5,14
27.08.2010,1,8,0,0,15,47,6,88,2,92,0,1,2,43,7,89,7,24,0,0,4,5,3,74,15,65,14,42,0,0,2,60,7,91,14,40,2,11,4,94
03.09.2010,1,13,0,0,16,0,7,26,3,7,0,1,2,58,8,10,7,52,0,0,4,16,3,89,16,39,15,6,0,0,2,78,8,11,14,84,2,24,5,27
10.09.2010,1,15,0,0,16,23,7,12,3,13,0,1,2,58,8,30,7,54,0,0,4,32,3,96,16,47,15,26,0,0,2,81,8,50,14,95,2,28,5,53
17.09.2010,1,9,0,0,15,92,7,7,3,4,0,1,2,66,8,63,7,25,0,0,4,45,3,88,16,7,15,44,0,0,2,88,8,44,14,71,2,25,5,37
24.09.2010,1,13,0,0,16,4,7,8,3,27,0,1,2,60,8,38,7,80,0,0,4,43,3,92,15,73,16,43,0,0,3,10,8,34,14,92,2,28,5,62
01.10.2010,1,12,0,0,15,91,7,12,3,18,0,1,2,41,8,12,7,85,0,0,4,37,3,87,15,97,17,0,0,0,3,13,8,72,14,60,2,22,5,1
08.10.2010,1,12,0,0,16,44,7,22,3,19,0,1,2,41,8,25,8,10,0,0,4,34,3,93,16,20,16,92,0,0,3,12,8,79,14,83,2,28,5,81
15.10.2010,1,14,0,0,16,92,7,43,3,24,0,1,2,31,8,23,8,31,0,0,4,35,3,95,16,23,17,51,0,0,3,28,9,8,15,35,2,36,5,93
22.10.2010,1,16,0,0,16,68,7,75,3,39,0,1,2,36,8,34,8,49,0,0,4,54,4,4,16,19,18,5,0,0,3,38,9,45,15,66,2,49,5,62
29.10.2010,1,17,0,0,17,24,7,33,3,36,0,1,2,13,8,7,8,25,0,0,4,56,4,10,16,19,18,44,0,0,3,38,10,1,15,75,2,36,5,33
05.11.2010,1,13,0,0,16,80,7,36,3,39,0,1,2,2,7,87,8,68,0,0,4,64,4,9,16,41,19,84,0,0,3,55,9,55,15,89,2,26,5,59
12.11.2010,1,11,0,0,16,97,7,20,3,46,0,1,2,2,7,88,7,81,0,0,4,58,4,4,16,18,20,17,0,0,3,61,9,53,15,47,2,18,5,6
19.11.2010,1,9,0,0,16,87,7,8,3,36,0,1,1,84,7,96,7,76,0,0,4,64,4,4,16,29,21,54,0,0,3,77,9,1,15,27,2,15,5,8
26.11.2010,1,2,0,0,16,43,6,58,3,3,0,1,1,85,7,99,7,35,0,0,4,62,3,75,15,64,21,86,0,0,3,67,8,80,14,24,1,99,4,95
03.12.2010,1,0,0,0,16,31,6,41,3,7,0,1,1,86,8,91,7,75,0,0,4,68,3,71,15,75,21,71,0,0,3,79,8,86,14,27,2,0,4,94
10.12.2010,1,8,0,0,16,3,6,47,3,19,0,1,1,94,8,97,8,29,0,0,4,68,3,79,16,21,22,80,0,0,4,5,8,40,14,88,2,3,5,43
17.12.2010,1,3,0,0,15,95,6,57,3,4,0,1,1,82,8,54,8,43,0,0,4,80,3,75,16,26,23,21,0,0,4,3,8,45,14,38,1,94,5,68
24.12.2010,1,5,0,0,16,24,6,79,3,15,0,1,1,94,8,67,8,59,0,0,4,94,3,85,16,67,24,86,0,0,4,32,8,62,14,74,2,0,5,78
31.12.2010,1,3,0,0,16,23,6,97,3,19,0,1,1,83,8,40,8,21,0,0,4,95,3,77,17,15,25,43,0,0,4,97,8,70,14,24,1,87,5,37
07.01.2011,1,6,0,0,17,44,7,47,3,49,0,1,1,83,8,82,8,49,0,0,4,80,3,89,17,71,24,39,0,0,5,33,8,95,14,85,2,10,5,34
14.01.2011,1,11,0,0,17,49,7,78,3,78,0,1,1,92,8,83,9,56,0,0,4,65,4,11,17,64,22,94,0,0,4,87,9,79,15,72,2,25,5,91
21.01.2011,1,8,0,0,17,61,7,77,3,70,0,1,1,94,8,54,9,34,0,0,4,66,4,10,17,37,22,79,0,0,4,66,9,75,15,85,2,25,5,36
28.01.2011,1,12,0,0,17,33,7,81,3,87,0,1,2,0,8,63,9,63,0,0,4,70,4,22,18,13,22,84,0,0,4,71,9,65,16,50,2,34,5,43
04.02.2011,1,13,0,0,17,71,7,75,3,81,0,1,1,97,8,34,10,53,0,0,4,71,4,32,18,26,23,63,0,0,4,78,9,74,16,90,2,29,6,22
11.02.2011,1,15,0,0,17,60,7,79,3,85,0,1,2,5,8,66,10,23,0,0,4,66,4,29,18,37,23,12,0,0,4,72,9,49,16,79,2,37,6,20
18.02.2011,1,14,0,0,17,22,7,42,3,69,0,1,1,95,8,30,10,29,0,0,4,62,4,29,17,56,22,4,0,0,4,52,9,7,16,29,2,28,6,17
25.02.2011,1,13,0,0,17,24,7,33,3,62,0,1,1,81,8,20,10,20,0,0,4,68,4,22,17,61,21,58,0,0,4,16,8,73,16,18,2,24,6,31
04.03.2011,1,13,0,0,17,3,7,34,3,57,0,1,1,77,8,1,10,32,0,0,4,59,4,15,17,46,20,81,0,0,4,23,8,93,15,52,2,18,6,48
11.03.2011,1,8,0,0,16,59,7,27,3,49,0,1,1,76,8,30,9,87,0,0,4,50,4,8,16,73,19,80,0,0,4,1,8,69,14,69,2,6,6,31
18.03.2011,1,12,0,0,16,80,7,60,3,63,0,1,1,80,8,22,10,65,0,0,4,69,4,28,17,33,21,1,0,0,4,35,8,91,15,23,2,13,6,48
25.03.2011,1,14,0,0,17,10,7,92,3,88,0,1,1,62,7,80,10,3,0,0,4,80,4,50,17,65,22,33,0,0,4,38,8,94,15,54,1,97,6,21
01.04.2011,1,18,0,0,16,94,8,47,4,6,0,1,1,63,8,24,9,94,0,0,4,84,4,60,17,72,22,31,0,0,4,40,8,92,16,26,2,11,6,36
08.04.2011,1,16,0,0,16,91,8,30,3,88,0,1,1,56,7,86,9,74,0,0,4,79,4,64,17,15,22,33,0,0,4,29,8,75,15,63,2,2,6,22
15.04.2011,1,22,0,0,17,44,8,63,3,94,0,1,1,52,7,50,10,45,0,0,4,86,4,81,18,5,24,35,0,0,4,81,9,12,16,18,2,10,4,96
22.04.2011,1,21,0,0,17,40,8,47,3,90,0,1,1,52,7,52,10,30,0,0,4,92,4,66,17,47,24,38,0,0,4,88,9,19,15,94,2,1,6,34
29.04.2011,1,19,0,0,17,22,8,2,3,85,0,1,1,47,7,36,10,20,0,0,5,22,4,75,17,20,24,41,0,0,4,74,9,42,15,78,1,92,6,37
06.05.2011,1,16,0,0,17,33,7,68,3,77,0,1,1,41,7,37,9,59,0,0,5,27,4,68,17,5,23,40,0,0,4,64,9,28,15,58,1,81,5,99
13.05.2011,1,17,0,0,16,92,7,56,3,58,0,1,1,35,7,30,9,51,0,0,5,20,4,72,16,34,22,97,0,0,4,80,8,52,14,96,1,78,5,85
20.05.2011,1,17,0,0,17,2,7,36,3,54,0,1,1,32,7,27,9,35,0,0,5,31,4,72,16,11,23,18,0,0,4,91,8,44,15,1,1,83,5,81
27.05.2011,1,16,0,0,15,52,6,72,3,35,0,1,1,20,6,77,8,89,0,0,5,22,4,54,16,3,22,33,0,0,4,76,7,98,14,38,1,76,5,48
03.06.2011,1,17,0,0,15,11,6,30,3,24,0,1,1,23,6,85,9,6,0,0,5,35,4,53,15,99,21,40,0,0,4,61,7,95,14,42,1,82,5,51
10.06.2011,1,3,0,0,15,7,5,78,2,98,0,1,1,15,6,47,8,73,0,0,5,40,4,28,15,58,20,23,0,0,4,64,7,99,13,64,1,71,5,33
17.06.2011,1,8,0,0,15,5,6,47,3,22,0,1,1,22,7,37,9,83,0,0,5,65,4,50,16,49,21,96,0,0,5,2,8,34,14,89,1,91,5,81
24.06.2011,1,1,0,0,13,70,5,73,3,1,0,1,1,8,6,49,9,16,0,0,5,71,4,32,15,94,22,6,0,0,4,83,7,83,13,65,1,65,5,41
01.07.2011,0,99,0,0,13,84,5,55,2,73,0,1,1,9,6,67,8,25,0,0,5,66,4,2,15,45,21,20,0,0,4,73,7,60,13,7,1,58,5,0
08.07.2011,1,5,0,0,14,27,6,1,2,88,0,1,1,17,7,5,8,58,0,0,5,81,4,21,15,95,21,90,0,0,4,94,7,45,14,22,1,75,5,25
15.07.2011,1,0,0,0,13,56,5,70,2,88,0,1,1,1,6,37,8,20,0,0,5,75,4,2,15,18,20,99,0,0,4,61,5,36,13,26,1,62,4,98
22.07.2011,0,92,0,0,12,2,5,19,2,50,0,1,0,83,5,81,7,0,0,0,5,51,3,73,13,85,18,5,0,0,3,59,4,89,12,0,1,23,4,47
29.07.2011,0,91,0,0,11,99,5,10,2,52,0,1,0,93,6,38,7,12,0,0,5,44,3,63,13,11,17,2,0,0,3,46,5,12,11,79,1,25,4,48
05.08.2011,0,89,0,0,11,8,4,71,2,41,0,1,0,89,6,42,6,40,0,0,5,18,3,27,12,48,14,75,0,0,2,76,4,64,11,72,1,13,4,9
12.08.2011,0,92,0,0,11,8,4,77,2,35,0,1,0,85,6,47,6,33,0,0,5,35,3,27,13,8,15,17,0,0,2,78,4,81,11,95,1,12,4,26
19.08.2011,0,93,0,0,11,34,4,77,2,47,0,1,0,86,6,39,6,51,0,0,5,75,3,29,13,77,15,84,0,0,2,72,5,2,11,98,1,11,4,17
26.08.2011,0,86,0,0,10,67,4,49,2,29,0,0,0,80,6,40,6,13,0,0,5,49,3,2,13,36,14,18,0,0,2,47,4,70,10,93,0,96,3,90
02.09.2011,0,88,0,0,11,9,4,72,2,62,0,1,0,90,7,65,6,17,0,0,5,69,3,14,13,57,15,43,0,0,2,75,5,68,11,22,1,2,4,9
09.09.2011,0,86,0,0,9,88,4,61,2,45,0,0,0,84,7,9,5,66,0,0,5,52,2,91,12,37,14,12,0,0,2,67,5,22,10,85,1,1,3,72
16.09.2011,0,94,0,0,11,36,5,22,2,73,0,1,0,95,6,66,6,10,0,0,5,49,3,32,13,22,14,81,0,0,2,73,5,23,11,94,1,19,5,15
23.09.2011,0,97,0,0,11,63,5,27,2,85,0,1,0,96,6,9,6,7,0,0,5,39,3,51,14,54,14,93,0,0,2,84,5,17,12,39,1,28,4,10
30.09.2011,1,2,0,0,12,32,5,30,2,96,0,1,0,94,5,71,6,68,0,0,5,54,3,56,15,65,16,11,0,0,3,27,5,32,12,74,1,30,4,24
14.10.2011,1,0,0,0,12,33,5,10,2,77,0,0,0,91,5,80,6,78,0,0,5,67,3,41,16,8,15,90,0,0,3,21,4,89,12,65,1,28,4,28
21.10.2011,0,99,0,0,12,24,5,81,2,88,0,0,0,85,5,27,7,17,0,0,5,74,3,49,16,37,16,93,0,0,3,23,5,21,13,46,1,39,4,44
28.10.2011,0,94,0,0,11,55,5,31,2,72,0,0,0,75,5,36,7,5,0,0,5,51,3,30,15,55,15,47,0,0,2,76,4,61,12,35,1,13,4,23
11.11.2011,0,92,0,0,11,35,6,21,2,89,0,0,0,79,5,51,7,10,0,0,5,75,3,28,15,70,15,62,0,0,2,80,4,47,12,42,1,28,4,5
18.11.2011,0,84,0,0,11,56,6,14,2,83,0,0,0,76,5,33,6,74,0,0,5,7,3,17,15,85,14,80,0,0,2,57,3,21,12,27,1,22,3,89
25.11.2011,0,72,0,0,10,61,5,16,2,44,0,0,0,61,4,17,5,94,0,0,5,5,2,85,14,67,13,98,0,0,2,24,3,7,11,48,1,8,3,58
02.12.2011,0,77,0,0,12,37,6,0,2,71,0,0,0,70,5,20,6,87,0,0,5,17,3,14,15,85,15,62,0,0,2,58,3,24,12,41,1,30,4,18
09.12.2011,0,76,0,0,12,38,6,39,2,84,0,0,0,74,5,33,7,0,0,0,5,18,3,16,16,10,15,36,0,0,2,63,3,8,12,44,1,28,4,44
16.12.2011,0,69,0,0,12,31,5,72,2,89,0,0,0,77,5,71,6,37,0,0,5,11,3,2,15,9,14,25,0,0,2,29,2,67,11,20,1,22,4,9
23.12.2011,0,74,0,0,12,86,6,21,3,0,0,0,0,79,5,54,6,61,0,0,5,14,3,6,15,74,15,21,0,0,2,44,2,70,11,45,1,31,4,11
30.12.2011,0,73,0,0,12,99,6,20,2,99,0,0,0,76,5,2,6,76,0,0,5,15,3,14,16,1,15,55,0,0,2,37,2,86,11,63,1,29,5,31
06.01.2012,0,72,0,0,13,26,5,67,2,75,0,0,0,66,4,55,6,96,0,0,5,22,3,9,16,34,15,76,0,0,2,65,2,76,11,65,1,14,4,6
13.01.2012,0,70,0,0,12,24,5,80,2,98,0,0,0,69,5,24,7,65,0,0,5,11,3,8,16,29,15,95,0,0,2,60,2,90,12,5,1,24,4,27
20.01.2012,0,70,0,0,12,76,6,2,3,22,0,0,0,77,5,40,8,17,0,0,5,10,3,6,17,17,17,52,0,0,2,95,3,32,12,12,1,38,4,47
27.01.2012,0,73,0,0,12,76,6,46,3,33,0,0,0,90,5,50,8,16,0,0,5,15,3,11,16,86,17,75,0,0,3,0,3,61,12,42,1,45,4,94
03.02.2012,0,76,0,0,13,56,6,80,3,44,0,0,1,7,5,61,8,86,0,0,5,22,3,8,17,24,18,75,0,0,3,11,3,56,12,36,1,56,5,6
10.02.2012,0,77,0,0,12,89,6,81,3,34,0,0,1,3,5,44,8,41,0,0,5,20,3,25,17,8,18,42,0,0,3,7,3,42,12,3,1,52,4,95
17.02.2012,0,76,0,0,13,38,7,13,3,36,0,0,1,8,5,61,8,61,0,0,5,45,3,4,17,34,19,4,0,0,3,17,4,4,11,88,1,54,4,93
24.02.2012,0,76,0,0,13,40,6,85,3,29,0,0,1,8,5,57,8,42,0,0,5,61,3,5,17,57,19,7,0,0,3,5,4,15,12,22,1,49,5,13
02.03.2012,0,75,0,0,13,51,7,66,3,56,0,1,1,21,6,5,8,76,0,0,5,65,3,12,17,50,19,44,0,0,3,10,3,85,12,99,1,51,5,5
09.03.2012,0,71,0,0,12,78,7,68,3,52,0,1,1,19,5,68,8,53,0,0,5,68,2,82,17,75,19,18,0,0,3,8,3,67,12,53,1,46,4,83
16.03.2012,0,68,0,0,13,7,8,5,3,66,0,0,1,24,5,61,9,34,0,0,5,24,2,86,18,51,20,19,0,0,3,19,3,81,13,46,1,56,5,7
23.03.2012,0,64,0,0,13,9,7,96,3,66,0,0,1,19,5,33,9,39,0,0,5,19,2,80,17,78,19,34,0,0,3,2,3,53,12,28,1,48,4,80
30.03.2012,0,60,0,0,13,7,8,15,3,54,0,0,1,8,4,91,8,80,0,0,5,11,2,71,17,59,18,93,0,0,2,94,4,6,11,64,1,34,5,35
06.04.2012,0,56,0,0,12,62,7,56,3,26,0,0,0,92,4,38,8,13,0,0,5,16,2,58,17,20,18,23,0,0,2,85,3,66,11,4,1,24,4,7
13.04.2012,0,50,0,0,11,81,7,53,3,12,0,0,0,85,4,8,7,41,0,0,5,14,2,43,16,15,17,21,0,0,2,66,3,59,10,29,1,16,3,96
20.04.2012,0,49,0,0,11,71,7,52,3,7,0,0,0,84,4,18,7,63,0,0,5,16,2,49,16,52,17,31,0,0,2,50,3,23,10,27,1,14,3,97
27.04.2012,0,48,0,0,12,15,7,50,3,13,0,0,0,85,4,26,7,80,0,0,5,31,2,53,16,92,17,61,0,0,2,51,3,30,10,53,1,17,4,16
04.05.2012,0,43,0,0,11,79,7,43,2,94,0,0,0,78,3,80,7,13,0,0,5,25,2,41,16,32,16,58,0,0,2,27,3,9,9,80,1,5,4,3
11.05.2012,0,52,0,0,11,74,7,72,3,8,0,0,0,76,3,77,7,77,0,0,5,41,2,50,16,90,16,82,0,0,2,40,2,90,9,48,1,7,4,11
18.05.2012,0,53,0,0,10,85,6,98,2,44,0,0,0,66,3,31,6,95,0,0,5,29,2,36,15,93,15,49,0,0,2,24,2,82,8,72,1,0,3,65
25.05.2012,0,57,0,0,10,71,7,23,2,53,0,0,0,72,3,33,7,9,0,0,5,20,2,41,15,75,16,73,0,0,2,72,2,70,8,74,1,3,3,39
01.06.2012,0,48,0,0,10,36,7,29,2,26,0,0,0,68,3,10,6,58,0,0,5,9,2,30,15,39,16,70,0,0,2,49,2,73,8,49,1,0,3,31
08.06.2012,0,48,0,0,9,51,7,61,2,45,0,0,0,74,3,42,6,76,0,0,5,16,2,43,15,93,17,40,0,0,2,51,2,94,9,21,1,10,3,48
15.06.2012,0,43,0,0,9,38,7,42,2,48,0,0,0,70,3,49,7,2,0,0,5,27,2,49,16,23,16,65,0,0,2,44,2,94,9,53,1,6,3,46
22.06.2012,0,44,0,0,9,73,7,56,2,65,0,0,0,77,3,66,7,38,0,0,5,37,2,42,16,13,16,60,0,0,2,60,3,17,10,22,1,4,3,42
29.06.2012,0,42,0,0,10,5,8,8,2,76,0,0,0,80,3,86,7,41,0,0,5,49,2,54,16,78,16,91,0,0,2,65,3,18,10,66,1,12,5,14
06.07.2012,0,40,0,0,10,0,7,73,2,55,0,0,0,72,3,47,7,40,0,0,5,45,2,44,16,87,16,88,0,0,2,70,3,7,9,94,1,1,3,24
13.07.2012,0,38,0,0,10,29,7,75,2,61,0,0,0,71,3,39,7,38,0,0,5,48,2,39,16,89,16,87,0,0,2,63,2,96,9,92,1,2,3,14
20.07.2012,0,33,0,0,10,20,7,43,2,42,0,0,0,65,2,87,7,47,0,0,5,37,2,22,16,29,17,23,0,0,2,68,2,84,9,10,0,94,5,16
27.07.2012,0,33,0,0,10,53,7,48,2,53,0,0,0,67,3,12,7,96,0,0,5,54,2,24,16,63,17,91,0,0,2,66,2,96,9,82,0,99,5,11
03.08.2012,0,32,0,0,10,87,7,54,2,98,0,0,0,72,3,32,8,49,0,0,5,68,2,32,17,64,18,41,0,0,2,68,3,2,10,45,1,6,5,5
10.08.2012,0,37,0,0,11,18,7,88,3,6,0,0,0,75,3,46,8,26,0,0,5,49,2,45,17,85,18,85,0,0,2,81,3,22,10,67,1,9,5,8
17.08.2012,0,41,0,0,11,53,8,13,3,12,0,0,0,81,3,84,8,50,0,0,5,43,2,57,17,92,19,17,0,0,3,0,3,75,11,8,1,17,5,5
24.08.2012,0,41,0,0,11,43,8,14,3,7,0,0,0,84,3,75,8,53,0,0,5,47,2,56,17,41,18,82,0,0,2,92,3,57,10,97,1,19,5,5
31.08.2012,0,42,0,0,11,17,8,44,3,9,0,0,0,88,3,94,8,24,0,0,5,47,2,62,17,62,18,99,0,0,2,89,3,53,11,34,1,25,4,99
07.09.2012,0,44,0,0,12,7,8,79,3,63,0,0,0,97,4,57,8,73,0,0,5,95,2,84,17,99,19,66,0,0,3,5,3,81,12,27,1,36,4,92
14.09.2012,0,47,0,0,12,39,9,39,3,81,0,0,1,1,4,72,9,6,0,0,6,10,3,3,18,70,20,18,0,0,3,23,3,83,12,75,1,35,4,90
21.09.2012,0,43,0,0,12,54,9,10,3,63,0,0,0,94,4,24,8,82,0,0,6,8,2,98,18,56,19,88,0,0,3,0,3,76,11,84,1,26,4,87
28.09.2012,0,39,0,0,12,8,8,98,3,33,0,0,0,88,3,81,8,62,0,0,6,12,2,75,17,2,19,57,0,0,2,77,3,70,11,19,1,18,4,86
05.10.2012,0,41,0,0,12,50,9,38,3,66,0,0,0,97,4,19,9,27,0,0,6,32,2,90,17,41,21,50,0,0,2,99,4,15,11,92,1,30,4,90
12.10.2012,0,40,0,0,12,22,9,37,3,56,0,0,0,93,4,10,9,2,0,0,6,34,2,84,17,29,20,30,0,0,2,86,4,18,11,74,1,27,4,89
19.10.2012,0,42,0,0,12,38,9,52,3,67,0,0,0,98,4,30,9,53,0,0,6,39,2,96,17,67,20,67,0,0,2,82,4,9,12,24,1,31,4,90
26.10.2012,0,41,0,0,12,57,9,83,3,74,0,0,0,96,4,28,9,41,0,0,6,42,2,91,17,50,20,36,0,0,2,77,3,95,12,12,1,27,4,88
02.11.2012,0,40,0,0,13,10,10,0,3,91,0,0,0,95,4,30,9,27,0,0,6,36,2,94,17,80,20,78,0,0,2,48,3,84,12,75,1,27,4,90
09.11.2012,0,39,0,0,12,18,9,89,3,50,0,0,0,87,3,86,9,2,0,0,6,23,2,78,17,45,19,59,0,0,2,33,3,88,12,25,1,21,4,88
16.11.2012,0,37,0,0,12,56,9,45,3,46,0,0,0,83,3,72,8,47,0,0,5,53,2,74,17,15,18,71,0,0,2,23,3,58,12,13,1,19,4,86
23.11.2012,0,39,0,0,12,75,10,8,3,53,0,0,0,87,3,96,9,34,0,0,5,73,2,92,18,2,18,71,0,0,2,28,3,87,12,71,1,27,4,88
30.11.2012,0,42,0,0,13,13,10,3,3,73,0,0,0,86,4,32,9,36,0,0,5,75,2,91,18,18,19,2,0,0,2,38,4,4,12,90,1,29,4,89
07.12.2012,0,40,0,0,13,3,10,51,3,62,0,0,0,86,4,26,9,53,0,0,5,65,2,95,17,81,18,79,0,0,2,41,4,9,12,99,1,28,4,91
14.12.2012,0,42,0,0,13,18,10,69,3,64,0,0,0,87,4,46,9,70,0,0,5,70,3,6,18,18,18,80,0,0,2,42,4,15,13,23,1,28,4,89
21.12.2012,0,43,0,0,13,72,10,86,3,74,0,0,0,94,4,68,10,47,0,0,5,81,3,17,18,53,19,6,0,0,2,54,4,33,13,82,1,30,4,88
28.12.2012,0,44,0,0,13,67,10,85,3,81,0,0,0,95,4,75,10,54,0,0,5,80,3,14,18,34,19,0,0,0,2,53,4,35,13,74,1,30,4,88
04.01.2013,0,46,0,0,14,1,11,16,3,95,0,0,1,1,5,7,10,80,0,0,5,91,3,24,19,1,19,72,0,0,2,68,4,64,14,37,1,38,4,91
11.01.2013,0,47,0,0,13,45,12,16,4,29,0,0,1,17,5,49,10,53,0,0,5,86,3,26,19,33,20,29,0,0,2,75,4,93,14,55,1,49,4,89
18.01.2013,0,46,0,0,13,40,12,33,4,33,0,0,1,14,5,46,11,6,0,0,5,80,3,12,19,29,20,59,0,0,3,3,4,96,14,1,1,51,4,91
25.01.2013,0,45,0,0,13,45,12,71,4,48,0,0,1,14,5,63,11,5,0,0,5,93,3,16,19,21,22,25,0,0,3,8,5,1,14,11,1,49,4,92
01.02.2013,0,48,0,0,13,71,12,83,4,59,0,0,1,16,5,85,10,74,0,0,5,82,3,14,18,49,21,89,0,0,3,2,4,89,14,0,1,46,3,75
08.02.2013,0,45,0,0,13,42,12,61,4,33,0,0,1,6,5,47,10,65,0,0,5,72,2,95,17,43,21,84,0,0,3,0,4,76,13,32,1,40,4,93
15.02.2013,0,45,0,0,13,52,12,73,4,38,0,0,1,6,5,36,11,22,0,0,5,76,2,89,17,69,22,23,0,0,2,93,3,99,12,92,1,37,4,93
22.02.2013,0,44,0,0,13,28,12,66,4,52,0,0,1,5,5,31,11,10,0,0,5,95,2,86,17,48,21,73,0,0,2,77,3,83,12,71,1,35,4,93
01.03.2013,0,39,0,0,13,10,12,20,4,11,0,0,0,94,5,0,11,82,0,0,6,2,2,72,17,23,21,11,0,0,2,68,3,59,12,19,1,24,4,96
08.03.2013,0,42,0,0,12,74,13,28,4,45,0,0,0,90,5,9,11,72,0,0,5,85,2,84,18,9,22,2,0,0,2,95,3,92,12,67,1,26,4,97
15.03.2013,0,46,0,0,12,24,13,9,4,63,0,0,0,84,5,46,12,1,0,0,5,93,2,62,18,23,22,24,0,0,2,99,3,96,12,94,1,23,4,99
22.03.2013,0,48,0,0,12,51,12,50,4,43,0,0,0,81,5,31,12,68,0,0,6,22,2,70,18,17,22,10,0,0,2,96,4,2,13,14,1,22,4,98
29.03.2013,0,46,0,0,12,32,12,62,4,26,0,0,0,74,5,1,11,99,0,0,6,7,2,55,17,53,21,79,0,0,2,77,3,75,12,14,1,14,3,97
05.04.2013,0,49,0,0,12,31,12,17,3,99,0,0,0,72,4,79,11,39,0,0,6,4,2,58,17,46,21,62,0,0,2,66,3,70,12,23,1,15,4,98
12.04.2013,0,55,0,0,12,56,13,34,4,22,0,0,0,73,5,3,11,46,0,0,6,2,2,65,17,84,21,52,0,0,2,82,3,83,12,99,1,24,4,99
19.04.2013,0,53,0,0,12,74,13,32,4,47,0,0,0,80,5,29,10,69,0,0,6,0,2,67,17,39,22,2,0,0,2,79,3,96,12,82,1,29,4,95
26.04.2013,0,56,0,0,13,25,14,28,4,91,0,0,0,82,5,69,11,32,0,0,6,3,2,89,17,86,24,2,0,0,3,13,3,75,13,57,1,36,5,0
03.05.2013,0,63,0,0,13,41,14,47,5,15,0,0,0,82,5,91,11,47,0,0,6,14,2,96,18,42,23,24,0,0,3,9,4,12,14,17,1,39,5,0
10.05.2013,0,62,0,0,14,11,15,32,5,34,0,0,0,92,5,89,11,81,0,0,6,17,2,96,18,59,24,12,0,0,3,23,4,41,14,63,1,40,5,1
17.05.2013,0,63,0,0,13,85,15,72,5,59,0,0,0,94,5,89,12,9,0,0,5,91,2,94,18,98,24,58,0,0,3,54,4,57,14,72,1,48,5,1
24.05.2013,0,62,0,0,13,19,14,70,5,21,0,0,0,87,5,70,12,23,0,0,5,72,2,86,17,75,24,1,0,0,3,62,4,34,14,21,1,38,4,97
31.05.2013,0,65,0,0,13,16,14,65,5,13,0,0,0,87,5,92,12,86,0,0,5,73,2,92,17,50,24,61,0,0,4,9,4,30,14,45,1,46,4,93
07.06.2013,0,66,0,0,13,0,14,69,5,18,0,0,0,80,5,48,13,15,0,0,5,63,2,77,17,30,24,18,0,0,4,7,4,9,14,17,1,40,4,91
14.06.2013,0,62,0,0,12,55,13,69,4,87,0,0,0,74,4,93,12,14,0,0,5,73,2,67,16,84,23,93,0,0,3,74,3,85,13,80,1,34,4,89
21.06.2013,0,61,0,0,11,92,13,50,4,71,0,0,0,71,4,45,11,27,0,0,5,55,2,56,15,48,24,78,0,0,3,43,3,88,13,29,1,22,4,86
28.06.2013,0,57,0,0,12,53,13,99,4,73,0,0,0,68,4,6,11,54,0,0,5,57,2,41,15,78,22,72,0,0,3,58,3,85,13,42,1,23,4,86
05.07.2013,0,60,0,0,12,72,14,11,4,91,0,0,0,69,4,11,11,87,0,0,5,52,2,43,15,75,23,44,0,0,3,59,3,93,13,71,1,27,4,88
12.07.2013,0,56,0,0,12,29,14,76,4,81,0,0,0,67,3,93,11,81,0,0,5,53,2,30,16,0,23,24,0,0,3,88,3,74,13,75,1,26,4,92
19.07.2013,0,61,0,0,13,20,15,69,5,17,0,0,0,75,4,33,11,3,0,0,5,69,2,39,16,64,24,4,0,0,3,96,3,71,14,43,1,35,4,92
26.07.2013,0,64,0,0,14,11,16,23,5,42,0,0,0,76,4,51,11,30,0,0,5,67,2,51,16,73,24,50,0,0,4,8,3,83,14,57,1,40,4,89
02.08.2013,0,67,0,0,14,81,17,5,5,68,0,0,0,74,4,23,11,23,0,0,5,78,2,62,17,26,24,97,0,0,3,98,3,80,14,74,1,43,4,91
09.08.2013,0,67,0,0,14,55,17,23,5,86,0,0,0,80,4,65,11,13,0,0,6,10,2,65,17,9,25,93,0,0,4,11,4,19,15,20,1,49,4,89
16.08.2013,0,71,0,0,14,51,17,9,5,93,0,0,0,89,5,18,11,74,0,0,6,24,2,69,17,36,27,25,0,0,4,30,4,29,15,66,1,60,4,87
23.08.2013,0,69,0,0,14,29,17,24,5,67,0,0,0,84,5,6,11,21,0,0,6,9,2,63,17,43,26,84,0,0,4,10,4,6,15,39,1,56,4,88
30.08.2013,0,66,0,0,13,66,16,25,5,25,0,0,0,81,4,89,10,18,0,0,6,0,2,50,17,28,25,84,0,0,3,81,3,87,14,50,1,49,4,86
06.09.2013,0,65,0,0,14,80,16,24,5,34,0,0,0,82,5,3,11,1,0,0,6,19,2,61,17,41,25,81,0,0,3,88,4,16,14,51,1,54,4,86
13.09.2013,0,70,0,0,15,0,16,27,5,42,0,0,0,85,5,8,11,29,0,0,6,47,2,77,17,52,27,12,0,0,4,10,4,35,14,93,1,61,4,87
20.09.2013,0,73,0,0,15,41,17,10,5,63,0,0,0,89,5,14,11,82,0,0,6,47,2,83,17,95,28,32,0,0,4,12,4,52,15,0,1,69,4,87
27.09.2013,0,74,0,0,15,34,16,89,5,44,0,0,0,86,4,98,11,65,0,0,6,40,2,87,17,11,27,84,0,0,3,98,4,54,14,96,1,58,4,86
04.10.2013,0,81,0,0,15,47,17,90,5,76,0,0,0,97,5,50,12,5,9,29,6,58,3,1,17,20,29,14,0,0,4,15,5,23,15,51,1,69,4,84
11.10.2013,0,85,0,0,15,62,18,23,5,99,0,0,1,6,5,84,12,86,9,48,6,40,3,20,17,47,29,46,0,0,4,26,5,60,16,39,1,78,4,85
18.10.2013,0,90,0,0,16,23,19,1,6,25,0,0,1,12,6,39,13,15,8,94,6,47,3,24,17,77,29,68,0,0,4,6,5,73,17,5,1,82,4,89
25.10.2013,0,84,0,0,16,39,18,50,6,32,0,0,1,7,6,35,12,90,8,93,6,28,3,19,17,90,29,37,0,0,3,96,5,55,16,96,1,80,4,91
01.11.2013,0,83,0,0,16,1,18,30,6,23,0,0,1,9,6,36,12,68,8,37,6,38,3,21,18,40,28,48,0,0,3,72,5,36,17,15,1,83,5,67
08.11.2013,0,85,0,0,16,6,18,92,6,26,0,0,1,7,6,23,12,95,8,40,6,35,3,24,17,97,28,51,0,0,3,79,5,11,16,81,1,76,4,94
15.11.2013,0,81,0,0,16,8,18,5,6,24,0,0,0,98,6,16,12,38,8,43,6,15,3,29,18,6,27,92,0,0,3,85,5,25,16,39,1,70,4,94
22.11.2013,0,85,0,0,15,78,18,0,6,33,0,0,1,1,6,37,12,30,8,39,6,2,3,29,17,94,28,14,0,0,3,97,5,28,16,52,1,73,4,92
29.11.2013,0,84,0,0,16,43,18,83,6,50,0,0,1,6,6,40,12,62,8,42,5,93,3,35,17,71,28,83,0,0,3,90,5,36,16,88,1,78,4,92
06.12.2013,0,78,0,0,15,88,18,70,6,31,0,0,1,3,6,4,11,99,7,73,5,84,3,11,17,2,27,44,0,0,3,63,4,99,16,31,1,69,4,87
13.12.2013,0,82,0,0,15,70,18,33,5,96,0,0,1,1,5,82,12,32,7,54,5,79,3,2,16,30,27,50,0,0,3,50,5,4,16,33,1,65,4,84
20.12.2013,0,82,0,0,16,7,19,37,6,21,0,0,1,4,6,22,12,60,8,2,5,97,3,10,17,9,27,86,0,0,3,74,5,44,16,76,1,78,4,88
27.12.2013,0,85,0,0,15,96,19,85,6,31,0,0,1,6,6,24,12,94,8,27,6,1,3,17,17,57,28,92,0,0,3,89,5,49,17,10,1,80,4,89
03.01.2014,0,84,0,0,16,61,20,17,6,25,0,0,1,6,6,33,13,9,8,24,6,10,3,18,17,48,29,81,0,0,4,51,5,55,16,88,1,81,4,90
10.01.2014,0,84,0,0,16,83,20,79,6,62,0,0,1,22,7,5,13,47,8,35,6,17,3,27,17,40,29,52,0,0,4,48,5,72,17,36,1,91,4,91
17.01.2014,0,83,0,0,17,32,21,62,6,63,0,0,1,26,7,21,14,39,8,72,6,22,3,37,17,23,30,88,0,0,4,96,6,37,16,99,1,96,4,93
24.01.2014,0,79,0,0,17,1,20,67,6,19,0,0,1,15,6,79,13,60,8,18,6,7,3,38,16,91,29,54,0,0,4,91,6,37,16,34,1,93,4,89
31.01.2014,0,80,0,0,16,90,21,48,6,35,0,0,0,96,6,37,13,55,7,80,5,92,3,39,16,85,29,9,0,0,4,93,6,52,16,5,2,1,4,89
07.02.2014,0,83,0,0,17,59,22,90,6,75,0,0,0,96,6,38,14,9,7,77,6,1,3,56,16,52,28,79,0,0,4,87,6,65,16,13,2,10,4,90
14.02.2014,0,84,0,0,18,22,23,66,6,63,0,0,1,12,7,27,14,63,8,18,6,23,3,70,17,26,29,92,0,0,5,2,7,26,16,75,2,16,4,92
21.02.2014,0,91,0,0,18,19,23,99,6,70,0,0,1,8,7,38,14,58,8,14,6,15,3,76,17,36,29,89,0,0,5,9,7,13,16,62,2,19,4,92
28.02.2014,0,94,0,0,18,36,24,19,6,65,0,0,1,21,7,67,15,10,7,97,6,19,3,72,17,48,29,47,0,0,5,6,7,13,16,29,2,25,4,93
07.03.2014,0,97,0,0,18,43,24,92,6,50,0,0,1,30,7,35,14,0,8,15,6,8,3,81,17,34,30,50,0,0,5,32,6,96,16,16,2,28,4,94
14.03.2014,0,96,0,0,17,91,23,75,6,22,0,0,13,9,7,37,13,28,7,71,5,76,3,89,17,13,30,30,0,0,5,20,6,55,15,93,2,15,4,91
21.03.2014,0,96,0,0,18,25,24,97,6,46,0,0,13,12,7,69,13,18,7,90,5,75,4,3,18,0,30,38,0,0,5,33,7,2,15,86,2,30,4,92
28.03.2014,0,94,0,0,18,78,25,68,6,79,0,0,13,63,8,0,13,53,8,23,5,92,4,11,18,18,32,69,0,0,5,50,7,12,16,22,2,40,4,95
04.04.2014,0,93,0,0,19,16,26,67,7,10,0,0,15,20,8,70,14,3,8,34,6,15,4,12,18,30,32,66,0,0,5,81,7,27,16,97,2,59,4,95
11.04.2014,0,89,0,0,18,24,23,4,6,36,0,0,14,45,7,69,13,32,7,98,6,8,3,96,18,14,32,9,0,0,5,84,6,85,16,8,2,39,7,88
18.04.2014,0,87,4,28,18,50,22,90,6,34,0,0,15,40,7,55,12,98,8,11,6,13,4,8,18,81,32,5,0,0,5,84,6,51,16,36,2,43,7,84
25.04.2014,0,86,4,35,18,23,22,39,6,45,0,0,14,70,7,50,12,71,8,48,6,15,4,0,18,42,32,34,0,0,5,66,6,48,16,50,2,40,7,84
02.05.2014,0,88,4,29,18,56,22,94,6,55,0,0,14,80,7,62,12,90,8,40,6,29,4,6,18,71,33,1,0,0,5,81,6,70,16,79,2,46,4,94
09.05.2014,0,86,4,22,18,54,21,1,6,40,0,29,13,9,6,94,12,83,7,91,6,26,4,19,18,92,31,47,0,0,5,2,6,5,16,57,2,40,4,94
16.05.2014,0,81,3,89,18,90,19,57,5,82,0,28,12,3,6,43,11,76,7,86,6,11,4,1,18,62,31,14,0,0,4,77,5,80,16,48,2,27,4,92
23.05.2014,0,83,4,13,18,53,19,45,5,85,0,28,12,50,6,65,12,47,7,86,6,9,4,6,18,69,31,5,0,0,4,92,5,72,15,96,2,32,4,93
30.05.2014,0,88,4,12,20,38,20,8,6,26,0,32,14,15,7,45,12,76,8,3,6,28,4,15,18,69,31,50,0,0,5,11,6,2,16,61,2,46,4,95
06.06.2014,0,90,4,32,20,88,21,38,6,37,0,31,14,80,8,1,13,25,8,0,6,20,4,27,19,2,31,75,0,0,5,15,6,54,16,77,2,61,4,97
13.06.2014,0,88,4,46,20,80,20,69,6,10,0,37,14,10,7,63,13,34,7,75,6,21,4,35,19,54,31,27,0,0,5,14,6,54,16,51,2,50,4,97
20.06.2014,0,90,4,45,20,37,19,76,5,95,0,44,13,58,6,68,13,29,7,85,6,41,4,44,19,95,30,83,0,0,5,6,6,74,16,50,2,37,4,97
27.06.2014,0,84,4,40,20,72,19,3,5,70,0,30,12,42,6,60,12,65,7,50,6,32,4,19,19,86,29,71,0,0,4,91,6,90,16,4,2,28,4,95
04.07.2014,0,85,4,60,20,85,19,31,5,74,0,31,11,96,6,72,12,83,7,50,6,28,4,31,20,24,29,94,4,17,5,8,7,27,16,17,2,27,4,97
11.07.2014,0,80,4,34,19,93,19,26,5,70,0,27,11,15,6,31,12,28,6,86,6,3,4,20,19,38,28,91,4,4,4,93,7,21,15,39,2,20,4,96
18.07.2014,0,84,4,30,19,69,19,10,5,69,0,27,11,76,6,58,12,39,7,5,5,99,4,16,19,57,29,66,4,9,5,21,7,18,15,19,2,24,4,96
25.07.2014,0,89,4,49,19,99,20,23,5,94,0,28,12,24,6,56,12,65,6,83,5,87,4,26,19,71,29,79,4,8,5,20,7,21,15,36,2,30,4,95
01.08.2014,0,83,4,40,19,21,18,69,5,69,0,27,11,53,6,26,11,78,6,70,5,80,4,16,18,78,28,60,3,92,4,74,6,74,15,60,2,26,4,94
08.08.2014,0,76,4,14,17,38,17,13,5,18,0,21,10,7,5,63,10,65,6,28,5,62,3,76,18,20,27,43,3,83,4,52,6,54,15,10,2,13,4,92
15.08.2014,0,76,3,98,18,0,17,42,5,20,0,21,11,17,5,83,11,8,6,39,5,69,3,90,18,38,27,96,3,81,4,89,6,66,15,18,2,12,5,26
22.08.2014,0,81,4,3,18,37,18,86,5,53,0,22,11,80,5,95,11,39,6,66,5,77,3,92,18,42,29,0,3,93,4,88,6,91,15,37,2,23,4,96
29.08.2014,0,83,4,12,19,32,19,81,5,62,0,23,11,87,6,39,11,53,6,61,5,87,4,3,18,98,30,28,3,94,4,96,7,12,15,56,2,26,4,98
05.09.2014,0,87,4,50,19,92,21,10,5,95,0,24,13,5,6,85,12,5,6,57,5,96,4,23,19,45,30,91,4,12,5,11,7,29,16,43,2,46,5,89
12.09.2014,0,83,4,46,19,49,21,37,5,88,0,23,12,98,6,53,11,79,6,23,5,76,4,22,18,78,31,0,4,17,5,25,7,63,16,23,2,42,5,58
19.09.2014,0,79,4,50,19,44,20,89,5,66,0,22,12,46,6,27,11,15,6,23,5,80,4,17,19,0,30,99,4,20,5,19,7,62,16,50,2,42,5,18
26.09.2014,0,79,4,40,19,9,20,34,5,63,0,21,11,47,6,17,10,41,6,27,5,64,4,19,18,55,30,87,4,22,5,37,7,59,16,56,2,43,5,11
03.10.2014,0,76,4,33,18,86,19,3,5,39,0,20,11,25,6,14,10,55,6,19,5,57,4,7,17,88,29,61,4,14,4,97,7,32,16,19,2,33,5,7
10.10.2014,0,74,4,10,17,94,18,46,4,97,0,20,11,46,6,13,10,14,5,92,5,61,3,85,16,61,28,12,4,7,4,63,6,92,15,76,2,21,4,51
17.10.2014,0,74,3,95,17,69,17,35,5,15,0,17,11,28,5,90,10,26,6,25,5,32,3,65,16,36,28,32,3,87,4,81,6,84,15,20,2,19,4,52
24.10.2014,0,76,4,15,18,1,18,13,5,27,0,20,12,32,6,39,10,87,6,25,5,49,3,85,16,40,28,88,4,18,4,99,7,21,16,0,2,36,4,95
31.10.2014,0,80,3,73,18,80,18,64,5,33,0,12,11,54,6,7,10,77,6,50,5,74,4,7,17,0,34,75,4,5,5,94,7,19,16,34,2,34,4,56
07.11.2014,0,78,3,98,18,42,18,27,5,34,0,14,10,74,5,55,10,80,6,50,5,57,3,82,16,41,32,91,4,6,5,85,7,48,16,30,2,21,4,38
14.11.2014,0,79,4,0,18,41,17,4,5,32,0,14,9,65,5,3,10,78,6,40,5,26,3,69,16,23,34,0,4,19,6,59,7,55,16,25,2,21,4,23
21.11.2014,0,84,4,3,19,69,17,45,5,48,0,14,10,42,5,37,12,0,6,75,5,51,3,77,17,19,35,7,4,39,6,62,7,56,17,20,2,36,5,2
28.11.2014,0,84,4,13,20,28,18,50,5,54,0,13,11,9,5,70,12,3,6,30,5,62,3,88,16,7,35,80,4,57,6,69,7,80,17,39,2,48,4,95
05.12.2014,0,87,4,10,19,89,18,22,5,45,0,12,11,21,5,87,11,85,6,43,5,65,3,96,15,50,36,28,4,59,7,45,8,10,17,38,2,52,5,17
12.12.2014,0,81,4,4,18,65,17,23,4,97,0,12,9,98,5,10,10,53,6,19,5,19,3,62,13,77,32,62,4,57,6,5,7,46,16,59,2,45,4,63
19.12.2014,0,82,3,99,19,37,17,53,5,9,0,10,9,83,5,17,10,26,6,61,5,8,3,68,14,85,34,48,4,68,6,23,7,92,16,93,2,44,4,81
26.12.2014,0,86,4,2,19,63,17,96,5,28,0,10,10,14,5,51,10,62,6,77,5,17,3,79,14,94,34,50,4,60,6,45,7,85,17,24,2,50,4,87
02.01.2015,0,84,4,17,19,94,18,38,5,33,0,10,10,30,5,58,10,50,6,59,5,5,3,68,14,59,34,43,4,74,6,45,7,73,17,4,2,45,4,99
09.01.2015,0,81,4,0,20,4,17,82,5,6,0,10,9,10,4,89,10,1,6,28,5,29,3,46,13,62,33,40,4,44,6,62,7,65,16,72,2,28,4,71
16.01.2015,0,84,3,81,21,40,18,32,5,30,0,9,9,60,5,11,9,80,6,56,5,51,3,72,14,47,34,84,4,60,7,0,8,50,17,38,2,50,5,3
23.01.2015,0,82,4,17,22,17,20,37,5,85,0,10,11,45,6,25,10,60,6,71,5,74,3,98,15,5,35,56,4,78,7,68,9,7,18,33,2,61,5,79
30.01.2015,0,84,4,43,22,83,20,69,6,26,0,8,11,22,6,0,10,88,6,74,6,0,4,1,14,90,36,22,4,77,7,81,9,69,18,70,2,60,6,10
06.02.2015,0,85,4,59,22,98,21,89,6,36,0,9,12,53,6,64,11,53,6,83,6,3,3,90,15,56,36,42,5,6,8,7,10,22,18,27,2,57,6,33
13.02.2015,0,86,4,81,22,51,21,69,6,48,0,10,12,75,6,76,11,65,7,8,5,96,3,90,15,84,37,52,5,34,8,48,10,21,18,34,2,82,6,78
20.02.2015,0,84,4,80,23,0,22,45,6,59,0,12,13,85,7,50,12,72,7,63,5,85,3,95,16,37,38,95,5,40,8,97,10,33,18,8,2,90,7,10
27.02.2015,0,91,5,8,23,54,23,41,6,75,0,13,13,78,7,37,12,62,7,40,6,5,4,12,16,68,39,79,5,56,9,20,10,82,18,40,2,98,6,85
06.03.2015,0,90,5,69,23,20,23,20,6,83,0,12,13,79,7,40,12,88,7,38,6,10,4,9,16,26,38,95,5,94,9,38,10,87,18,73,2,96,7,5
13.03.2015,0,95,6,10,23,88,25,34,7,9,0,12,14,14,7,96,13,7,7,26,6,47,4,11,15,58,39,73,6,5,10,41,11,82,18,15,3,5,7,8
20.03.2015,0,96,6,10,24,60,26,50,7,27,0,12,14,15,7,81,13,45,7,52,6,54,4,35,16,25,41,45,6,29,10,14,11,43,18,39,3,13,7,25
27.03.2015,0,97,6,58,24,24,26,40,7,44,0,12,14,39,8,2,13,23,7,48,6,49,4,24,16,4,41,41,6,36,10,7,11,8,18,38,3,14,7,32
03.04.2015,0,99,6,90,24,61,26,36,7,49,0,13,14,62,8,5,13,76,7,66,6,85,4,31,16,8,42,15,6,50,10,19,11,37,18,48,3,18,7,46
10.04.2015,1,6,7,80,25,13,28,42,7,83,0,13,14,32,8,0,14,45,7,78,7,14,4,40,17,2,43,27,6,90,10,35,11,81,18,56,3,18,7,19
17.04.2015,1,3,7,71,24,72,26,5,7,56,0,12,13,56,7,44,13,62,8,5,7,16,4,26,16,86,42,35,6,64,9,97,11,36,17,77,2,98,6,62
24.04.2015,1,7,7,63,25,23,26,47,7,52,0,12,14,30,7,25,14,42,8,22,7,28,4,35,17,3,43,11,6,65,9,97,11,77,17,19,3,8,6,60
01.05.2015,1,3,7,97,25,14,26,30,7,48,0,11,14,21,7,40,14,43,7,87,6,91,4,24,17,18,41,31,6,74,8,91,11,45,17,48,3,2,6,39
08.05.2015,1,6,8,20,23,62,28,17,7,84,0,12,14,44,7,89,14,49,7,75,7,17,4,23,17,23,42,36,6,60,9,1,11,38,17,61,3,15,6,45
15.05.2015,1,8,7,97,24,4,29,47,8,4,0,11,15,17,7,79,14,72,7,79,7,0,4,20,16,95,42,2,6,84,9,1,11,13,17,94,3,32,6,5
22.05.2015,1,13,8,19,23,42,26,90,7,97,1,92,15,43,7,94,14,56,8,22,7,11,4,41,16,85,44,81,7,3,9,60,11,67,18,3,3,35,6,20
29.05.2015,1,13,7,86,23,42,25,84,7,70,1,85,15,35,7,88,13,93,8,11,6,95,4,42,16,39,45,32,6,84,9,71,12,8,17,61,3,28,6,20
05.06.2015,1,12,7,94,22,45,24,86,7,50,1,78,14,83,7,72,13,30,7,94,6,71,4,21,15,83,43,50,6,80,9,29,11,83,16,94,3,21,6,34
12.06.2015,1,10,8,1,22,8,25,46,7,41,1,79,15,5,7,72,12,95,7,85,6,62,4,21,16,4,42,58,6,76,9,39,11,87,16,65,3,25,6,5
19.06.2015,1,13,7,56,22,10,24,71,7,18,1,85,14,71,7,49,12,77,8,5,6,91,4,27,16,4,42,69,6,55,9,1,11,27,16,37,3,22,5,96
26.06.2015,1,14,8,27,23,9,27,13,7,86,1,97,15,76,8,46,13,4,8,40,7,5,4,36,16,83,44,85,6,88,9,36,11,84,17,13,3,48,6,33
03.07.2015,1,7,7,94,22,14,26,32,7,51,1,74,14,86,8,1,12,97,8,45,6,84,4,12,15,73,43,51,6,64,8,55,11,21,16,23,3,24,5,96
10.07.2015,1,13,7,86,22,84,26,45,7,76,1,72,14,94,7,98,13,37,8,64,7,2,4,23,15,85,44,38,6,77,8,61,11,85,16,66,3,35,6,20
17.07.2015,1,17,8,62,23,92,24,13,7,39,1,83,16,17,8,40,13,99,8,74,7,22,4,35,15,95,46,21,7,0,9,36,12,82,17,43,3,56,6,22
24.07.2015,1,15,9,1,23,79,23,48,7,51,1,85,15,67,8,35,14,56,8,40,7,19,4,28,15,82,45,58,7,7,9,32,12,71,17,33,3,53,6,44
31.07.2015,1,16,9,35,24,32,22,76,7,24,1,81,15,79,8,3,15,55,8,15,7,29,4,29,15,96,45,86,7,26,9,54,13,12,17,93,3,50,10,6
07.08.2015,1,18,9,5,24,33,22,25,7,61,1,97,15,45,8,2,15,90,8,35,7,38,4,38,16,13,45,76,7,46,9,88,13,18,17,80,3,44,9,98
14.08.2015,1,18,9,10,24,68,21,93,7,65,1,94,15,75,8,3,16,18,8,0,7,20,4,23,15,55,45,4,7,67,9,33,12,52,17,67,3,39,9,98
21.08.2015,1,12,8,75,23,50,20,12,7,0,1,81,15,16,7,65,15,6,6,96,6,69,3,97,14,28,41,3,7,3,8,69,11,60,16,66,3,16,9,94
28.08.2015,1,11,8,46,23,98,19,57,7,1,1,88,15,49,7,77,15,12,7,12,6,66,4,5,14,41,41,38,6,93,8,47,12,0,16,36,3,24,9,93
04.09.2015,1,10,8,29,24,2,19,47,6,71,1,80,14,93,7,58,14,99,6,64,6,64,3,91,14,45,40,34,6,40,8,14,11,78,16,4,3,14,9,94
11.09.2015,1,16,8,62,23,77,20,29,6,74,1,81,14,97,7,86,15,33,6,57,6,94,3,99,14,55,41,0,6,50,8,55,12,47,16,33,3,16,10,1
18.09.2015,1,13,8,43,24,58,19,82,6,69,1,67,14,22,7,62,15,57,6,42,7,5,3,88,14,51,40,83,6,30,8,51,12,11,16,6,3,8,10,2
25.09.2015,1,13,8,26,24,81,19,77,6,57,1,60,13,86,7,46,15,25,5,97,7,10,3,94,13,99,38,69,6,0,7,82,11,60,16,22,3,13,9,97
02.10.2015,1,17,7,79,24,85,19,3,6,73,1,64,13,3,7,52,14,90,5,96,7,11,3,97,14,33,39,45,6,11,8,11,11,30,16,26,3,15,10,0
09.10.2015,1,20,7,85,24,40,20,70,7,7,1,72,13,78,7,74,14,83,6,48,7,34,4,5,15,51,41,65,6,35,9,21,12,17,16,69,3,19,10,0
16.10.2015,1,23,8,40,24,94,19,81,7,5,1,64,14,1,7,90,14,84,5,92,7,56,4,12,15,73,43,95,6,41,9,52,11,90,16,55,3,26,10,10
23.10.2015,1,26,8,71,25,49,21,93,7,34,1,67,14,3,7,65,16,1,6,25,7,77,4,23,15,53,45,58,6,93,9,27,12,20,17,25,3,22,10,15
30.10.2015,1,25,8,93,25,20,21,89,7,42,1,67,13,61,7,35,15,39,6,15,7,79,4,20,14,86,45,15,6,89,8,95,11,90,17,24,3,17,10,10
06.11.2015,1,22,8,77,25,15,22,71,7,80,1,63,13,12,7,13,16,8,6,46,7,85,4,19,14,90,45,73,7,15,8,93,12,27,17,59,3,18,10,21
13.11.2015,1,24,8,35,24,14,22,20,7,56,1,49,13,9,7,35,16,15,6,29,7,98,4,8,14,37,41,49,7,24,8,47,12,20,17,23,3,12,10,16
20.11.2015,1,29,8,62,24,84,23,34,7,68,1,45,13,50,7,10,17,9,6,28,8,27,4,11,14,82,40,80,7,26,8,74,13,56,17,75,3,11,10,20
27.11.2015,1,31,8,65,24,77,23,90,7,73,1,49,13,61,7,26,17,14,6,84,8,24,4,15,15,31,41,59,7,24,9,1,13,71,17,81,3,21,10,26
04.12.2015,1,34,8,50,23,84,23,36,7,77,1,38,13,4,7,21,16,53,6,69,7,97,4,7,14,61,41,54,7,26,8,54,13,41,17,34,3,17,10,23
11.12.2015,1,29,7,92,23,78,22,38,7,37,1,20,11,96,6,62,16,26,6,50,7,86,3,88,13,64,40,34,7,9,8,33,12,90,16,89,3,2,10,22
18.12.2015,1,27,8,56,24,35,23,10,7,50,1,21,12,70,7,7,16,41,6,28,8,1,3,92,13,50,41,5,7,49,8,51,12,78,16,88,3,9,10,18
25.12.2015,1,23,8,6,24,54,22,74,7,47,1,25,12,90,7,13,16,72,6,48,7,91,3,90,13,96,41,37,7,34,8,69,12,86,16,92,3,9,10,18
01.01.2016,1,25,8,2,24,50,23,6,7,31,1,23,12,81,7,4,16,60,6,34,8,0,3,89,13,80,42,9,7,63,8,62,12,90,16,92,3,9,10,25
