"";"SIBN RX Equity";"NVTK RX Equity";"PHST RX Equity";"AFLT RX Equity";"PIKK RX Equity";"FEES RX Equity";"HYDR RX Equity";"NLMK RX Equity";"URKA RX Equity";"MTSS RX Equity";"CHMF RX Equity";"TATN RX Equity";"VTBR RX Equity";"MGNT RX Equity";"SNGS RX Equity";"SBER RX Equity";"GMKN RX Equity";"LKOH RX Equity";"ROSN RX Equity";"GAZP RX Equity"
"2006-01-31";NA;NA;NA;NA;NA;NA;NA;NA;NA;NA;NA;NA;NA;NA;NA;NA;NA;NA;NA;NA
"2006-02-28";0,0372935964559;0,161654707145048;NA;0,225273498548783;NA;NA;NA;NA;NA;0,0229473684210526;0,0748979728373587;0,316082828884258;NA;NA;0,0644207577997356;0,0286029394135559;NA;0,045357053323553;NA;0,000550105436875503
"2006-03-31";0,0180928715639075;0,195962362690449;NA;0,0854591836734693;NA;NA;NA;NA;NA;-0,0393084996912946;0,0673450969408398;-0,0721287371344551;NA;NA;0,0238286674950663;-0,0403943872080557;NA;0,0231956015845665;NA;0,0552093833043159
"2006-04-28";0,0500343223247652;0,0241801552679048;NA;-0,00268591572939403;NA;NA;NA;NA;NA;-0,0440766923736075;-0,0182231682071318;0,0750540066500978;NA;NA;0,124794745484401;0,188879982511113;NA;0,074532867466742;NA;0,345925057531154
"2006-05-31";-0,11207961066318;-0,071990758700356;NA;-0,205689277899344;NA;NA;NA;-0,0719874804381847;NA;-0,0973163762675781;-0,045497742931813;-0,255496062992126;NA;NA;-0,221855495609859;-0,118398202063541;NA;-0,150258313910982;NA;-0,0772953093747984
"2006-06-30";-0,0879417539267016;0,114300046446818;NA;0,00784064420428066;NA;NA;NA;0,00337268128161883;NA;-0,0889399205561073;-0,177535780958307;-0,119130214062103;NA;NA;0,0758041273552841;0,0648899188876015;NA;0,0595908122908428;NA;-0,0204531151667714
"2006-07-31";0,0382097049062697;0,0130933087906737;NA;0,058242220353238;NA;NA;NA;-0,00336134453781523;NA;0,153825192451802;0,144208216690626;0,286043607722601;NA;NA;-0,00763262314555058;0,00979325353645266;NA;0,0415425474643794;NA;-0,00835207195631238
"2006-08-31";-0,0345572354211663;NA;NA;0,206437512418041;NA;NA;NA;-0,106239460370995;NA;0,117671370372557;-0,000826555577597032;0,0503398312047203;NA;0,398034363684659;-0,00692728893416528;0,232625;NA;-0,0329336158922141;-0,0245310957551826;0,126480221718317
"2006-09-29";-0,0593288590604026;NA;NA;0,00543478260869557;NA;NA;NA;-0,0241509433962265;NA;-0,0224511357633386;-0,0716389265742364;-0,19533527696793;NA;-0,121;-0,105095786423204;0,0140959334753068;NA;-0,0973953090620796;0,0703840510044023;-0,0824679681758635
"2006-10-31";0,0535578386605784;0,159850187265918;NA;-0,00180180180180178;NA;NA;NA;0,0991879350348028;NA;0,0888948932720885;0,0979826062161391;0,0935843054082715;NA;0,00284414106939712;-0,0248746238716149;0,0371551724137931;NA;0,0651070066271568;0,0843812045003309;-0,0182824905975763
"2006-11-30";-0,0244695259593679;0,0979075174373547;NA;-0,0295372497538562;NA;NA;NA;0,0765171503957784;NA;0,0801985111662531;-0,0877454958610616;0,0415353535353533;NA;0,0308564946114578;0,0644488200546625;0,0876901338209626;NA;0,0843012346822951;0,0473865469288113;0,086091305735873
"2006-12-29";0,109774157719363;-0,0210588235294118;NA;-0,0312817044301658;NA;NA;NA;0,045424836601307;NA;0,0460810438298263;-0,0233079496121271;-0,0533012646442702;NA;0,0419280290524924;0,109939260077305;0,409139538438025;NA;-0,0245597993513957;0,0150670107383668;-0,0118231105885427
"2007-01-31";-0,0161801501251043;-0,122821776228819;NA;0,303019724210159;NA;NA;NA;0,00969052829009054;NA;0,0961834072642629;0,0743250628483987;-0,0603999344369774;NA;0,0511723700887199;-0,204193821202925;-0,0522776572668113;0,0745332355816226;-0,0779086524772987;-0,0400606855830735;-0,0595584346906398
"2007-02-28";-0,0668023058663954;-0,0293875873407315;NA;-0,0454119223040858;NA;NA;NA;0,0829721362229101;NA;-0,0542890340157859;0,0664360565673008;0,00357610117749663;NA;0,0421301180607887;-0,0307254711968242;0,106717784390021;0,053461572575785;-0,0154341660847384;-0,0586476442697877;-0,0630842763759051
"2007-03-30";-0,0148982558139535;0,0620368409908956;NA;0,037047431939377;NA;NA;NA;0,0723270440251573;NA;0,0757922386036265;0,0298607136042741;0,0578828437337042;NA;0,0861663356408722;0,0538535956143178;-0,0434827568378057;0,0398893796712476;0,0792394020978684;-0,0202377711226065;0,0160546157020145
"2007-04-28";-0,106694946514201;-0,0756246677299308;NA;0,00460081190798367;NA;NA;NA;-0,0513196480938416;NA;-0,0161461820186666;-0,0479234213370389;0,000657246138678902;NA;0,0859615640672853;0,0379436964504285;0,10054054054054;0,0249583232125694;-0,0840885010349561;0,0333919970359393;-0,0503562594602577
"2007-05-31";-0,0155879013110355;-0,099784327821711;NA;-0,13739224137931;NA;NA;NA;-0,0165800196712099;NA;-0,0289797062002162;-0,0250056757370349;-0,0627257799671593;NA;-0,111934869501958;-0,170813679245283;-0,0982318271119843;-0,0335666035385505;-0,0467657854660469;-0,0775332765652309;-0,0842047972631498
"2007-06-29";0,0955327181208054;0,0596550071873503;NA;0,153497813866333;NA;NA;NA;0,0914416345192171;NA;0,0466218722948184;0,0794025680260795;0,0323230553608969;-0,027241927677522;0,038768466105205;-0,00878190997653416;0,0895413943355121;0,122336958458124;0,00855646189532533;-0,00548996744886565;0,135246423568366
"2007-07-31";0,0200057432755816;0,0471022684452482;NA;-0,0541491809936374;0,169710806697108;NA;NA;0,0759261683466421;NA;0,0448995667585663;0,234799223396715;0,0808655070004243;-0,0284313028644538;0,0412380268835784;0,0461279098963376;0,0508908727163293;0,0642329469060923;0,0431047613245195;0,0423058133854421;0,0287925812362113
"2007-08-31";-0,0900900900900902;-0,0640564272347777;NA;0,00143122942607699;-0,091515940143136;NA;NA;0,00133836233118378;NA;0,0511496419148134;-0,0114305680343416;0,0157010519704821;-0,122101104689443;-0,103922186008118;0,102108691925253;-0,073066311483208;0,00293559758624728;-0,0709070731849776;-0,00632733408323971;-0,0328935412350526
"2007-09-28";0,0793110561056107;0,00822823746539547;0,0571428571428572;0,102758324996427;0,0103126745635018;NA;NA;0,039003645200486;NA;0,0309821780758059;0,186644786670033;0,0748956562065235;-0,0405833333333333;-0,0101330496965784;0,0601375104999533;0,0620958636970133;0,115409378313219;0,0893841285807089;0,00683930003301736;0,0315318701142515
"2007-10-31";0,145532728141424;0,0745938524902752;0,101351351351351;0,106402280974598;-0,0135248167628337;NA;NA;0,184890656063618;NA;0,174359152725123;0,118205220943344;0,0963543539224851;0,0347433336228611;0,108440785939059;-0,054525179011621;0,026961731735601;0,1419630799057;0,074211574158676;0,0150847934039164;0,116369730753817
"2007-11-30";0,0891725058391726;0,111150542976791;-0,0993865030674846;0,019210495490219;0,0402397137231796;NA;NA;-0,0380971180418476;NA;0,0724736405639144;-0,039517494625088;-0,0438774840952318;-0,0582556870645513;-0,00940840437962509;-0,11819479793904;-0,022395784322951;-0,0461715331174128;-0,0532594973542606;0,0212294628022891;0,0530335171828595
"2007-12-29";0,162135253120931;0,178026189715746;0,205722070844687;0,0678082978967933;0,0179323874390394;NA;NA;0,0257541555509953;0,49468954248366;0,0397393057358262;-0,00829998811457544;0,0185896556454932;0,114181299581068;0,110111142178107;0,0407602956705386;-0,0153046491481375;-0,0687872517211934;-0,0200396253091295;0,0443781634128706;0,0623256678857
"2008-01-31";-0,136285751944115;-0,137241080143151;-0,110169491525424;-0,0279840706059628;-0,101002972272363;NA;NA;-0,118635590677203;-0,142388630773435;-0,178857901726428;-0,0839941673491401;-0,204794935685905;-0,208;-0,101235733963007;-0,228625541125541;-0,139980449657869;-0,117416645145926;-0,198443373238179;-0,258546083946344;-0,1512967879336
"2008-02-29";0,124904623836411;0,143297090063478;0,073015873015873;0,171188129775219;0,0422711695526805;NA;NA;0,28668709567586;0,225302740599108;0,000388148531504484;0,222447555497405;0,274728997289973;-0,0808080808080809;0,0680894664938523;-0,0282795510347247;-0,0872925664923847;0,220584370302102;0,078149737835381;0,142340239276335;0,0496029699907186
"2008-03-31";-0,10309977616496;0,0321587598262878;-0,0976331360946746;-0,0593741136428099;-0,175234287866278;NA;NA;-0,119872982270442;-0,0030689206762029;-0,029875840662183;-0,15726288374748;0,011892107361148;-0,0645054945054945;-0,0807130031238983;-0,00383522086360155;-0,0872976338729762;-0,0508563381656519;0,112652778630813;0,0781138244610198;-0,0285255780441475
"2008-04-30";0,0896165771761326;-0,0381870472944184;0,0375606557377048;0,0234194391396121;0,182610070072531;NA;NA;0,118961715774704;0,311645622456433;-0,0607585655245968;0,11025972101687;-0,00164138927187973;0,039586514742159;-0,073582532844567;0,0442521967569527;0,0521217082821666;-0,0313565768956792;0,0710224564044664;0,0947732549874425;0,0536695546640598
"2008-05-30";0,226957245974458;0,169721468519852;0,0933589503754078;-0,0599096444706344;0,00981600558368845;NA;NA;0,0389610389610389;0,130832570905764;0,0783506617934069;0,0567757187523832;0,242798895172958;0,101694915254237;0,169405693710347;0,257688137063544;0,105433795876021;0,0900185489360905;0,242381505706843;0,23979569752846;0,15223164293713
"2008-06-30";0,0639778255458763;-0,0510793410338952;0;-0,185541161721688;-0,0867794117647058;NA;-0,136299100804543;0,14;0,185732376530181;-0,0949685741551219;-0,0174634674364061;-0,0637633612022436;-0,164102564102564;-0,0887745441073562;-0,107325148296317;-0,12799155326138;-0,152185434637499;-0,125803763025204;-0,0480047481059945;-0,0528420292672089
"2008-07-31";-0,211175501089904;-0,106161137440758;-0,0173410404624278;-0,0767060030785016;-0,136411214351278;NA;-0,168767123287671;-0,211282516636419;-0,216654800047466;-0,0411955059448059;-0,274393154860269;-0,208161419770531;-0,00993865030674856;-0,0451473591008476;-0,195680729408129;-0,0688820126463071;-0,165128624480045;-0,173847394963784;-0,0982103564617867;-0,187628261506889
"2008-08-29";-0,220260160409786;-0,0143997320980074;-0,0588176470588235;-0,0440400111141984;-0,162750801819945;0,0860927152317881;0,10547132498352;-0,0904122722914669;-0,219428138610112;-0,0262419416003035;-0,0583531555240649;-0,0880085653104925;-0,163465113396951;-0,0681742915267067;-0,159709880397714;-0,17208495882098;-0,0265166692974893;-0,0445006083455611;-0,147295648637658;-0,12544207867196
"2008-09-30";-0,050047540841905;-0,337504954980463;-0,193755039031006;-0,0822554861212034;-0,689309576837416;-0,524390243902439;-0,475253428741801;-0,462316854643196;-0,243607782252195;-0,129215671002414;-0,344888745565947;-0,292087344447053;-0,251851851851852;-0,128757108042242;-0,231736595404139;-0,237521815008726;-0,276773816675987;-0,169312660877359;-0,1829454406715;-0,182966080713048
"2008-10-31";-0,438125568698817;-0,150611163347295;-0,467441860465116;-0,0555819477434679;-0,297849462365591;-0,461538461538461;-0,427272727272727;-0,517545579298177;-0,283964079538165;-0,402415026833631;-0,669702190499631;-0,545163073521282;-0,174455445544554;-0,52460372960373;0,297098214285714;-0,355916685740444;-0,237901695889623;-0,323138157894737;-0,273056268970348;-0,327272727272727
"2008-11-28";-0,085506072874494;-0,419543121666499;-0,126637554585153;-0,163983903420523;-0,527718223583461;0,952380952380952;0,380952380952381;0,159284843559529;-0,603153274209442;-0,192860350246969;-0,0465722801788375;0,119591638308216;-0,244423123051091;-0,0943391600676652;0,00189296162450536;-0,173773987206823;-0,236838730604147;-0,144999659807743;-0,126063915207965;-0,114864864864865
"2008-12-31";0,109792810341774;-0,159327323162275;-0,0818166666666668;-0,450661853188929;-0,394509295287505;-0,25;-0,136494252873563;0,0553803014370837;0,198194130925508;0,0333796940194715;-0,0113325517780382;0,199739470256187;0,0596825396825398;0,286213150699764;-0,0600595442574143;-0,0197849462365591;-0,0278392804190967;0,0931620530892969;0,0133223079750091;-0,0871077184054284
"2009-01-30";0,161959470240945;0,350587750051557;-0,146866094280372;-0,151150054764513;-0,20528382720457;-0,317073170731707;-0,00998336106489184;0,104616406509465;-0,15241145440844;-0,000717810677433817;0,0703557312252963;0,069851610568223;-0,335230677052127;0,0630130066927643;-0,0580495827495889;-0,279508556384379;-0,24036256971028;0,228067803660566;0,0230301931272101;0,0724705007897428
"2009-02-27";0,0760780005492998;0,249961826233013;0,382978723404255;0,141935483870968;0,0305480682839174;0,619047619047619;-0,0100840336134453;0,0805772699939868;0,0213380751278063;0,105055221334291;0,440792712949286;0,128044654939107;-0,115367282559712;0,186564504632929;0,308717020175892;-0,129719853836785;0,133430594407934;-0,0250654156540296;0,106620579633076;0,00372520142077448
"2009-03-31";0,0654670750382849;-0,039701930124603;0,130769230769231;0,461016949152542;0,970357454228422;0,0955882352941175;0,276740237691002;0,157762938230384;0,733405875952122;0,166734378808808;-0,109440410081162;0,198080671764882;0,420275089149261;0,304299944936677;0,0474355173436112;0,456962911126662;0,218789116931579;0,101189080265089;0,171311869293609;0,0926117728292768
"2009-04-30";0,0624026829560427;0,38150362549294;0,283605442176871;-0,125032224800206;0,334070796460177;0,483221476510067;0,204787234042553;0,219418409036289;-0,0020087884494665;0,148687234487081;0,168745203376823;0,259198998748436;0,129842180774749;0,40079060485109;0,112935182564393;0,337175792507205;0,349691646602299;0,16681521679116;0,210598290598291;0,169681649419385
"2009-05-29";0,190191657271702;0,312983425414365;0,150278234140654;0,0353565114908663;-0,0150912106135986;0,271493212669683;0,385209713024282;0,173433188805676;0,458422443074601;0,0687522735540196;0,278913239760322;0,42769108438525;0,416825396825397;0,0281468898691288;0,0816378433367244;0,588002873563218;0,249495696369732;0,109369296288785;0,166732561423327;0,204632943877896
"2009-06-30";-0,0700009472387988;-0,102251209762256;-0,0140338914331525;-0,0389869095048377;-0,294662401077623;-0,0462633451957296;-0,0693227091633466;0,0525697010413169;-0,139739497972915;-0,0828227819378261;-0,0508953212245684;-0,122389306599833;-0,226977369482411;0,043711527016584;-0,163335684614782;-0,13865641257634;-0,189005262674082;-0,15941234179722;-0,184828387471559;-0,125133150193418
"2009-07-31";0,104298227744958;-0,0492930239825012;0,0186915887850467;-0,0695883920639622;0,28169014084507;-0,156716417910448;-0,0582191780821917;0,278442636029999;0,154617467161336;0,0940128649183571;0,296118474438734;0,0120577502776456;0,237391304347826;0,115514893617021;0,140374707259953;0,115021008403361;0,12208616555149;0,139190129614057;0,13349961399133;0,0399871835950014
"2009-08-31";0,0569083194982476;-0,0240755957271981;0,104082568807339;0,0286441756842775;0,0631402495809275;0,194690265486726;0;-0,0717673489765351;0,0443768996960485;0,0285504296698327;0,0523816977096052;-0,0128546794168365;0,0117123448114314;0,209249807359258;0,0699059432373597;0,117051342439944;0,0698488560028283;0,00558705432424;0,0385078849478702;0,00486782919465178
"2009-09-30";0,0993978532158128;0,072914035530858;0,204869333998089;0,405321782178218;1,01892081289418;0,303703703703704;-0,051818181818182;0,0255479359956972;-0,0539664061200732;0,114659484417083;0,0451142729661396;-0,00190566936636494;0,282241259550822;0,135646687697161;-0,0147030596184115;0,262492093611638;0,101501574159588;0,032317262239997;0,143779638785188;0,0738901152808435
"2009-10-30";0,183203683124305;0,0576787255748255;-0,0206896551724138;-0,120651695288419;-0,00668170774036791;-0,113636363636364;-0,0134228187919463;-0,00301560246492705;0,161202425947086;-0,00251491690911776;-0,0897016270575399;7,95544948288818e-05;0,0451426507764536;-0,0305055555555556;-0,00163640614041927;0,0814963259853039;0,0324287256469806;0,0434366839530693;-0,0199364855328159;0,00382572945811699
"2009-11-30";0,0294512276935461;0,184819706187862;0,326619718309859;0,0941412118177267;0,0307504149558837;0,182692307692308;0,0991253644314869;0,151367701209889;0,00272500189236236;0,0843385406367412;0,0411672746221992;0,110412854983693;0,0734277816171389;0,0343306075904395;0,0124882922260381;0,0680975911056207;0,0433141247012976;-0,00815415344847847;0,0536453645364536;-0,0560864618885097
"2009-12-31";0,0664059954382534;0,0651888033064061;-0,00278692005520753;0,208695652173913;0,0460208492245107;-0,13550135501355;0,00442086648983198;0,0495716733295259;-0,0526156865705443;0,0106227774231786;0,136036036036036;0,000716383695106959;0,116690809592789;0,197761772853186;0,0340733888374962;0,201966170305045;0,0543805068749672;0,00423497915087201;0,0762856654706987;0,104073761600579
"2010-01-29";-0,0727817159618676;0,0878306878306878;-0,0479944638151765;0,0628549791745552;0,280910711391995;0,0721003134796239;0,147007042253521;0,0278593971052346;0,04199203187251;0,0546307574322191;0,388580491673275;0,0226931061636482;0,0864802536754108;-0,0439231068104868;-0,0432011331444759;0,0638681741640605;0,113439848294015;-0,00639350740502631;-0,0633383601873164;0,0162109055182578
"2010-02-27";-0,0800764515916429;-0,0935473411154345;0,0456332231783894;-0,0131813323833274;-0,0392181668669747;-0,114035087719298;-0,0176515732924021;-0,0229751191106405;-0,0186587137722719;0,00577465993669257;-0,0268735325845549;-0,013369732605348;-0,0208278057840277;-0,0710836961780358;-0,0483852117339982;-0,137478801582815;-0,0266843757546485;-0,0649460118839152;-0,02088806033387;-0,0999570308303793
"2010-03-31";0,103954721306777;0,151195373516962;0,271021390374331;0,232490974729242;0,0355520442425439;0,224422442244224;0,215625;0,0972041612483745;-0,0384165822488897;0,0824650193509975;0,160835968830491;0,0368215679318906;0,0948380978187238;0,338399120865385;0,185204896221394;0,125049154541879;0,182085283920631;0,0611152727872932;0,0129386818988273;0,0257205943784686
"2010-04-30";0,0332273346745409;0,0252731886684965;0,0118646421043331;-0,0919742237844171;-0,00864644923389912;-0,0134770889487871;0,0841902313624678;0,0517530864197531;0,0204213938411668;0,0476976269055478;-0,0172452533423212;-0,00985356507458601;-0,0285855710926867;-0,00382127931139153;0,0131256260578219;-0,0834207153675871;0,0388812481473504;-0,000113671036021779;0,0139268626110731;-0,009017919478706
"2010-05-31";-0,239746247095032;0,0101530534929535;-0,0595465299520584;-0,0801612903225807;-0,14525748733406;-0,0601092896174864;-0,0100770598695911;-0,122922340125833;-0,0676620076238882;-0,125290632265807;-0,117947985138611;-0,0351762266758809;-0,0556687898089172;0,0625078125;-0,0331730933142409;-0,0968603025295539;-0,1105804249467;-0,0883563692933643;-0,0369512092356956;-0,0605882698291553
"2010-06-30";-0,0249504296100463;0,0472547254725473;0,00390839154655565;0,00210415570752231;-0,190726290516206;-0,00290697674418594;-0,0880239520958084;-0,122483940042827;-0,0362010221465077;0,0158199356913182;-0,105304085798529;0,00265023995415792;0,0252259544044247;-0,0646723185858927;-0,0154101135482051;0,0792399718508094;-0,0979171606593832;0,0642741347965057;-0,15653847836549;-0,0664958440097493
"2010-07-30";0,040332147093713;0,0437377644081554;0,0340740936476061;0,0601924759405075;0,00194696829223062;-0,0204081632653061;0,0347997373604729;0,148487066861884;0,125231992929739;0,0157845868152275;0,159888458334842;0,0484354907843978;0,0707894736842105;0,1674927577817;0,100282941155403;0,101330203442879;0,0992198302711156;0,0622795332889317;0,053477877483272;0,0905134899912967
"2010-08-31";-0,0601889558560026;-0,0084633331808408;0,0221464133457694;0,00660174946360792;0,000832793559729872;0,044642857142857;0,00571065989847708;-0,0426006586635503;0,120326735783852;0,035067309290344;0,042150618209067;-0,036181520850368;-0,0245760629147209;0,00995209125219265;-0,0586569447609128;-0,0728241563055063;0,0435072672870604;-0,052091376157441;-0,0355489906450025;-0,0256000982257965
"2010-09-30";0,0274720513042725;0,0838331641598227;-0,0384290065458061;0,088867027381538;0,081360946745562;0,0541310541310542;-0,0113564668769717;0,216045272969374;-0,0646382501402131;0,00610147719974297;0,208310863442986;0,0363379285966774;0,106198034769463;0,1930068438124;0,0146270617932847;0,0985951468710089;0,000835753294870845;0,0602944598914761;0,0399734531345723;0,0078125
"2010-10-29";0,0164473684210527;0,0561491635094291;0,170973836327553;0,140792049390152;-0,00897742818057456;0,00270270270270268;0,01148691767709;-0,0291997445022356;0,143681606955479;-0,00267315671879986;-0,064764077260668;0,00886827205129936;0,153741031773146;0,00387842750442191;0,032001908527026;0,178098116717043;0,0743449432970449;-0,00260502405748386;0,0592508958814;0,0562640660165041
"2010-11-30";0,0355157248361131;0,0814187827488917;0,118992728551076;0,0549102428722281;0,0119057889742042;-0,0161725067385445;0,040378548895899;0,104615095403703;0,121502064355462;0,0164419730367644;0,0634693390598902;0,00216377036986959;-0,0110551771789557;0,0106745716949883;-0,0220930616558238;0,00404578646141696;0,0867371701306494;0,00756329773680187;-0,0346649365094077;0,0322561553030303
"2010-12-30";0,0278868499078453;0,251472232575475;0,00300604184648368;-0,00212712712712715;0,0468923181856935;0,0054794520547945;-0,00181928441479695;0,231024506466984;0,281306609010694;0,0228274559193955;0,157829132700122;-0,013022063288577;0,00608843197923936;0,11858165794547;0,0888828853167636;0,0256511056511057;0,181520642851963;-0,00448322240231747;0,0499279884781565;0,110142767043174
"2011-01-31";0,0244796133156622;-0,0748726807040533;0,00597428288822943;-0,0267084639498432;0,0195455655998045;0,201634877384196;-0,0959902794653705;-0,115020391235225;0,0317416883294568;-0,039826073572418;0,0419860477133753;0,102543068088597;0,0615079365079365;-0,0389898487530684;0,03036223793574;0,0140858566500575;0,0438822108343491;0,0565293703305967;0,164197530864198;0,017456874289846
"2011-02-28";0,185069629404155;0,197115539387696;-0,0381335378483967;-0,0579747487760887;0,154565061107117;-0,0498866213151928;-0,00672043010752688;0,0294462235413575;0,0336383326702914;-0,00997876006892962;0,0160350456668181;0,0756448412698412;-0,0542056074766355;-0,0296653267438851;0,00322066038587732;-0,0353396957384484;-0,0636141223378314;0,113802167296017;0,0677114017516987;0,0715736040609136
"2011-03-31";-0,0432158222564695;0,0152745656967677;-0,0519188897256002;0,00382932166301964;-0,124394631243946;-0,0265393794749402;-0,0315290933694181;-0,0508345978755692;0,00551659254190895;0,0483322538860105;0,0163921090095587;0,056144800553378;-0,0230237154150198;0,0513489393835382;-0,0744974497449744;0,0460378097756882;0,0656483931083884;-0,00293399012844797;-0,0429648703329042;0,0850307910942683
"2011-04-29";-0,0771140939597316;-0,0522593632462786;-0,140921506612996;-0,0648501362397821;-0,0806731984829331;-0,113562812591939;-0,0303199664663966;-0,147322142286171;-0,0283247565176711;-0,015059077921075;-0,0990075236113335;-0,0323108830913655;-0,103165773237585;-0,086717396217886;-0,0692774013680423;-0,0640509410993539;0,0234333154793787;-0,068300364137388;-0,0614213783295539;0,0111329404060247
"2011-05-31";-0,0955566867864155;0,0192560297364524;-0,0585282182152869;0,0603146853146854;-0,0353244520842286;-0,081922779068481;-0,0234870317002882;-0,0314990156557607;0,067711296887994;-0,0773482828916419;0,0103491161055345;-0,0913705583756346;-0,0228938761700689;0,0811472254303469;-0,0695576454197144;-0,0234117058529265;-0,0811199790658118;-0,0390303158339496;-0,00806748843113969;-0,116753022452504
"2011-06-30";0,0562032644528423;-0,0519330956950919;-0,0620334162815499;-0,0485023358065403;-0,0426764076977904;0,125384105561246;-0,0140917810240518;0,048882005614171;0,0266868902189064;-0,0236668791162099;0,0114300786916957;0,113531967721912;-0,00611726685133873;-0,0436961110969809;0,0335791562160745;0,0250998873066284;0,0390146660971096;-0,0241275075570212;-0,024977293369664;-0,00337309346890891
"2011-07-29";0,0597594397076735;0,155801712170291;0,144115974985787;0,0118411552346569;0,00269892973476038;0,0125548773958668;0,0332260719898227;-0,0407899593946106;0,080335396286684;0,0464792410131429;0,0399443647585518;0,0299905234405486;-0,0341423760306586;0,0507194340275008;0,00829409634190514;0,0159904057565461;0,0150746882280388;0,0403243973867988;-0,00177837998052244;-0,0221219404522489
"2011-08-31";-0,0860570361324617;-0,0654855741560945;-0,134575569358178;-0,188383045525903;0,0108594765175423;-0,227072042300066;-0,09799377127544;-0,157109871079469;0,0549210925084083;-0,0919487648673376;-0,160139597091031;-0,139687178654543;-0,0977515931225201;-0,194248974839265;-0,114192320126441;-0,165748573676962;-0,0257864182530039;-0,0592789086184495;-0,0339766702014845;-0,104534510433387
"2011-09-30";-0,112394875422463;-0,0215016333743907;0,0287081339712918;-0,0782486372428345;-0,0543568083738867;-0,178683814475304;-0,156495904930143;-0,244949206711563;-0,220649546298567;-0,187268147469659;-0,240861927393068;-0,156265727226975;-0,108075692963753;-0,133764765016336;0,0557583130575832;-0,168258460087254;-0,031180709534368;-0,0577199746791736;-0,166417844910863;-0,125756217790724
"2011-10-31";0,132914194633844;0,0867197548094025;-0,016093023255814;0,0778328882106065;-0,116030682590543;0,175703814759287;0,0875773441218468;0,243083900226757;0,208676106990335;0,0930914008790713;0,300829263496018;0,129958246346555;0,0960705214403106;0,185428302023645;0,0061839830996735;0,162886305642189;-0,146617079101702;0,0739587150360326;0,149125579435314;0,149163836739924
"2011-11-30";0,093324996091918;0,0550211522965351;-0,0521887113548265;-0,106194690265487;-0,0966608084358525;0,225071729658886;0,0498905908096279;-0,10993554663748;-0,0801502584892327;0,0885142798226621;-0,0408950034016177;0,100626855823161;-0,0775627044711015;-0,0873129990516106;0,124102916475798;0,0672924539802511;-0,0874958095876635;-0,0197895934034689;0,0257620903048361;-0,0220797323668804
"2011-12-30";0,0593365742064627;-0,0597417476191613;-0,164538653366584;0,000792079207920793;-0,0581225680933852;-0,185166979904583;-0,19182992913714;-0,141002869244432;-0,0558385896813844;-0,1310442813166;-0,140316309373686;-0,0462230215827338;-0,130486182946653;-0,056145878724902;-0,140353856080416;-0,0936607652769846;-0,0920279206465834;-0,0118350060915473;-0,0437502793046433;-0,0229203489366554
"2012-01-31";0,00438655689026857;-0,00560999136924401;0,0223867231807056;-0,00969529085872578;-0,048282984766331;0,122032575139278;0,186197648029709;0,180531254970574;-0,0735300415399768;0,164868105515588;0,205146227424136;0,112514928656735;0,199524133242692;0,170253569145536;0,123014932448448;0,138248267170763;0,180052599635849;0,0400986320671637;0,0525750070100008;0,0738168874365408
"2012-02-29";0,0545588926963647;0,0196053404130396;0,0832068200397058;0,0115884115884117;0,0972599023331524;0,0911764705882354;0,0318288546830161;-0,0563190514686067;0,0991032633817139;0,0472558835914472;0,017724921391622;0,0958246228600486;0,0270614905072257;0,108278708424375;0,0697199943717461;0,108392382639504;-0,00960054860277726;0,0585346579363288;0,00261954446565738;0,0537441582436691
"2012-03-30";-0,00356801529149409;-0,0275656593475377;-0,0292167538138105;-0,0568832707880703;-0,0768945481518111;-0,09028200446338;-0,0896755162241888;-0,11950314106225;-0,0624526873580621;0,0247956038064603;-0,121938457705245;0,0154679040989947;-0,0776658849496482;-0,00306681270536691;-0,0450509700756331;-0,0546398961142743;-0,0652587848364203;-0,0493787660640964;-0,0698343813656894;-0,0661647155897065
"2012-04-28";-0,100965534880747;-0,0252832131822863;-0,0421455938697318;0,0221989528795812;-0,0500870496852819;-0,145405887600357;-0,0374965280992501;0,0290254580833469;-0,00533799847485761;0,0179614613305432;0,0190686983910784;-0,0776339172378776;-0,0544421178582113;0,0161777631289826;-0,00457988980716251;-0,00644547759932379;-0,0368518518518518;0,00824591911146011;0,000618900261842414;-0,0657720344599073
"2012-05-31";-0,0576102418207681;-0,2315758888478;-0,153623188405797;-0,101823396844909;0,0682362892993089;-0,359118699671936;-0,231146594844171;-0,170501103057044;0,0414900333724182;-0,0337901498929336;-0,0828390833402946;-0,0794891555653419;-0,162290414425815;-0,100791956104549;-0,139931504479884;-0,130490269063065;-0,0532589886560277;-0,0379993323689775;-0,0128937101532021;-0,129692025772891
"2012-06-29";0,115849056603774;0,123062115430889;-0,0194520547945206;-0,00843978102189791;-0,0266596278210373;0,138619044849049;-0,0127611660202677;-0,0024696048632219;0,0764700788083486;0,0415318469925978;0,0315441131823426;0,0779811027389068;0,0783610271903323;0,171516171696525;0,074370525299654;0,0566291585127201;0,0932168968318441;0,0418136602856978;-0,0143153226972574;0,0449636622970861
"2012-07-31";0,049239093676023;0,0622570475345108;-0,00733445096395646;-0,0423280423280422;-0,0127457627118643;0,161387554919792;0,0392852616905335;0,0139021138830699;0,0829042638777151;0,0541322665758788;-0,0432351296465255;0,0939753689115721;-0,0721414813517772;0,0724329039872735;0,0143012242147431;0,0380831114712352;-0,0704068363366153;0,0139336071944043;-0,0443031784841076;-0,0221644458888528
"2012-08-31";-0,0235286533874816;0,0493012534216972;0,0512982900569983;0,0216190247417727;0,00109875017167971;-0,119957770641798;-0,00524326301670541;0,0486476333583772;-0,0791946807325137;-0,0220831651190957;0,0165190107050572;-0,00765720081135901;0,00792602377807117;0,0018661626432519;0,0327021739932825;0,0396966993755574;-0,0461630695443646;0,00525595401040246;-0,0120241506344658;0,0450013294336613
"2012-09-28";0,00732770002640626;-0,0461061072056239;-0,0963855421686747;0,0211615330355044;-0,0332007134037591;0,156603019094272;0,0493993625888698;0,111767866738313;0,0414700068578806;-0,0539982661107211;0,0659101225601453;0,0345955337523636;-0,0101104662048306;-0,00816716417910446;0,00661210193359318;-0,0231660231660231;0,0375026188979677;0,0514677849790317;0,0913045729970481;0,0038801602951466
"2012-10-31";0,00465299167704303;-0,0196908195871838;0,0229629629629631;-0,0803591987105687;-0,0191570881226053;-0,116383594796664;-0,0974185258731456;-0,050104720476881;-0,0423364449781152;0,00706960506218635;-0,0218891065496978;-0,0271164674503606;0,0321543408360128;0,0758192280836925;-0,0312455617099845;0,00812472551602972;-0,0250403877221325;-0,0135709105977415;0,104641230068337;-0,0812317830439742
"2012-11-30";-0,0810176125244619;-0,0260182656447302;0,105792903692976;0,0761141712568854;-0,0545428240740742;0,0237699305487626;-0,0491782062896338;0,0574966078697423;-0,0690826727066818;0,00333665554448137;-0,0808951584813654;0,00223384271716509;-0,0426974528129008;0,00559509422138671;-0,0394736842105262;-0,00457416684818113;-0,00103562551781278;0,018325981936568;0,0506078962065559;-0,0427586206896551
"2012-12-28";0,0116411130039751;0,0430849941206619;0,0688232597734268;0,0442066077245231;0,0335118592195871;-0,0385534110452895;-0,00122498979175178;-0,0192461908580593;0,0205943691345152;0,0624082232011749;0,045286594031265;0,104098070006585;0,0267993874425727;0,0741342473070419;0,0242683252566107;0,0166301969365426;0,162347086875389;0,0359923683803434;0,104518503373543;0,036815561959654
"2013-01-31";0,0285573954532696;-0,0342525147415885;0,149062614875628;0,192736185383244;-0,0195439739413682;0,074583850931677;0,0299809212319433;0,0372853638593622;-0,0290336313324818;0,042156185210781;0,020574639717212;0,0158285924022756;0,0382177479492916;0,170876240598388;0,172819729538427;0,177141627206199;0,066892615055298;0,00582350306107204;-0,0135130132168377;-0,0129247446320616
"2013-02-28";-0,0603042499488369;-0,0177187153931341;0,085683817648627;-0,00747244535774327;-0,0108728480821504;-0,117081291038565;-0,0871923789362266;-0,0729938514898314;0,00977727113293581;0,0400608519269776;-0,0936648904677323;-0,0827875886364662;0,0023343508708924;0,00842328791364366;-0,0843021409059145;-0,0449808008776742;-0,0944658083932453;-0,0238519398258116;-0,0827141034301584;-0,0332277367124252
"2013-03-29";-0,0447912885662431;-0,0404643651543313;-0,0130635497495335;-0,00809335591944282;-0,0793893129770993;-0,155284382528543;-0,111175532685897;-0,166156462585034;0,00473275150883601;0,0353673630124143;-0,181179775280899;0,0188103210557415;-0,109100680759584;0,041624258589829;-0,0347231857915914;-0,0538962282213287;-0,0313884785819794;0,0154618270303153;-0,0232796006873415;-0,0236656229520134
"2013-04-30";-0,0440036479708162;-0,0747197612016133;0,0212480095541403;0,0197343453510437;0,0159203980099503;-0,253766507533015;-0,0945857795172863;0,0528248011421577;-0,024200518582541;-0,00695500978048258;-0,0651003231082213;-0,037989366843886;-0,010255379046853;0,116226961824859;-0,0411830236820354;0,00192249317009008;-0,0179184140297369;-0,0163746193400229;-0,102333179742806;-0,074060262529833
"2013-05-31";-0,0345019476905954;0,0987370444093623;0,0129610680699703;-0,0360997394864162;0,0293829578844271;-0,00540046527085414;-0,151296829971182;-0,133087950406819;0,0236935341009743;-0,0724082585540234;-0,00686947988223752;-0,0878717845659163;-0,0650142218610321;0,0781653259278265;-0,0857164274202618;-0,00292870127247014;-0,0993788819875776;-0,0467441506369588;-0,0165188987400841;-0,013693113169553
"2013-06-28";-0,0332647179909428;0,0891144775886303;0,0448314012217998;0,0909266409266409;0,0107833809070725;-0,15144933589508;0,0613327674023769;-0,0348603351955308;-0,0543370105991781;0,018758110818357;-0,194062553703385;0,0799779675020655;0,0193394176445025;0,0521305784198443;0,0497663359842586;-0,0529727539754887;0,0230603448275861;0,00495154935576614;0,0765799962042133;-0,111065741118824
"2013-07-31";0,00306617834937395;0,0222553630836297;-0,216334422908706;0,0150415855600778;0,113586444932539;0,0964756841898011;0,146570685862828;0,106969205834684;-0,342284642481358;0,0570524202887361;0,183005490697798;0,0388126689447648;-0,00639522489874234;0,0676822778073443;0,0217119650109341;0,0183957219251336;-0,0646724246892775;0,0329536423841059;0,0354341119435875;0,182085438677078
"2013-08-30";0,150123121338201;0,014195937605207;-0,0214428386793561;-0,150627615062762;-0,078050154973232;-0,0531513736757049;-0,0561562608998953;0,118803597573729;0,0936217569729427;0,0510151913526147;0,114275414563807;0,0251374705420266;-0,0431237931774296;-0,0761149949530824;-0,00133771594557408;-0,0741440873766016;-0,0164414414414414;-0,0128737754526338;0,0505661019834851;0,0223051216289734
"2013-09-30";0,0452565522332966;0,0677731673582296;0,000360208921174276;0,121715927750411;-0,0229217603911981;-0,0630570832543145;-0,00960827790096075;-0,0254253131426435;0,0708516186478407;0,122268163024217;0,0232125525719833;0,00814176245210718;-0,0459641255605382;0,106826366689597;0,0903210991618508;0,108212341197822;0,069384016487291;0,0652603138314454;0,0647840531561463;0,0938877907860727
"2013-10-31";0,0250035315722559;0,0675906735751295;0,00984216527636095;0,0503202195791399;-0,0132937128558023;-0,00789393786054027;0,050373134328358;0,05428735852676;0,0156203599216012;0,045201238390093;-0,005335546597107;0,0498812351543942;0,0446533490011751;0,0516945124849195;-0,00909122819333774;0,0522006141248721;0,044967880085653;0,0262413423080676;-0,0317339522849207;0,045798874139968
"2013-11-29";0,0222574421168686;-0,0317649057244777;-0,1306828311642;0,0538327526132405;0,0145823426850531;-0,188411710700806;0,0145648312611013;-0,0223799126637555;-0,0308771929824562;-0,0699644549763033;0,0737076330114834;-0,0823076923076923;0,0404949381327333;0,0660363147588092;-0,0301098122564648;0,00457198443579765;0,021516393442623;-0,0298954372623574;-0,0624042126773293;-0,0506379585326953
"2013-12-30";-0,0106504887091337;0,00175438596491229;-0,202283292316106;0,385518267482228;0,117012966723949;0,133735545500251;-0,00647759103641465;0,0269867857807558;0,0372918175235337;0,0451621122364483;0,0580637998667752;0,0238153937182584;0,0732972972972972;0,002;0,0341490138787437;-0,0214970465769342;0,0832497492477433;-0,000538925089412556;0,0542772119535604;-0,0287694246115079
"2014-01-31";-0,0354295837023916;-0,015586690017513;-0,0401062644613935;0,0114544803722705;-0,0629370629370629;-0,0628603104212861;-0,0202643171806166;-0,0616165277274374;-0,00890052356020943;-0,120855680156022;-0,113812038753454;-0,063523405894818;-0,0821917808219177;-0,0893213572854291;-0,046441815292248;-0,061850569025235;-0,00370370370370365;-0,0278921568627452;-0,0280273515146696;0,0454054054054054
"2014-02-28";0,00868828141555422;0,0470938063893054;-0,151861440942773;-0,160080217057921;0,231343283582089;-0,154146456879214;0,0104316546762588;-0,0675936655079181;-0,0298761519046781;-0,0398613518197574;0,0537948454828907;0,0902545641553099;-0,0726514486391572;0,0468969624776654;0,0226296296296296;-0,0390295358649789;0,113197026022305;-0,00781604558519489;-0,00118614258251881;-0,0348155808341952
"2014-03-31";0,00812324929971986;-0,148058252427185;0,294842105263158;-0,224719101123595;-0,0201212121212121;0,076783216783217;-0,00498398006407963;-0,088235294117647;0,0148838334946757;-0,0216606498194946;-0,105393258426966;-0,0566037735849056;-0,0627218934911242;-0,0783619875521978;-0,0636340588895731;-0,0801317233809001;-0,0207046251461012;-0,00386257369384013;-0,0395986895986895;-0,0321428571428571
"2014-04-30";-0,0377882745207002;-0,0273504273504274;-0,0319486220632469;-0,077536231884058;0,018184067293419;-0,28380309131056;-0,00357781753130593;-0,0676965015901864;-0,0610468582329796;-0,0461254612546126;-0,0660638030645566;0,01695;-0,0239898989898991;-0,127555555555556;-0,0368995126479462;-0,134844868735084;0,092071611253197;-0,040765306122449;-0,050782415895621;-0,0496678966789668
"2014-05-30";0,0124169794975455;0,0837727006444056;-0,0762512596573731;0,0830714846818539;0,141781071558741;0,0440696409140371;0,231777378815081;0,145224171539961;-0,0154920634920634;0,0928433268858802;0,183207817823202;-0,0063424947145877;0,239327296248383;0,246674591045452;0,00759036144578307;0,16551724137931;0,0391881342701015;0,0467528322961546;0,0151828227472823;0,100411586549662
"2014-06-30";0,073160296634341;0,135135135135135;0,106454545454545;0,0232094288304623;-0,154607363268781;0,0224075039082856;-0,0234659670601953;0,00808510638297877;0,00606216948278093;0,0690619469026548;-0,052623602955105;0,0978723404255319;-0,1419624217119;0,00567536889897835;0,0536888676312328;0;0,00946514423076916;0,0345528455284554;0,103097345132743;0,0512350035285816
"2014-07-31";-0,116146179401993;-0,129761904761905;-0,0304822939774874;-0,104199893673578;-0,0149779735682819;-0,106523955147808;-0,079402985074627;0,00253271422541146;-0,125897435897436;-0,0864209794377668;0,229384947612573;-0,0404723273841716;-0,0316301703163016;0,0327313769751694;-0,0596156755938871;-0,128994082840237;0,0507515999404673;-0,0172396856581531;-0,105495387083835;-0,113856068743287
"2014-08-29";0,0633739287325212;0,00683994528043774;0,0439830508474577;-0,0755687438180019;0,236008177868643;0,0268111808328579;0,124027237354086;0,121263157894737;-0,0204605456145499;0,0216012467833713;0,0481100774185153;0,0709253170502584;-0,0351758793969851;-0,0055737704918033;0,0267497988736927;-0,00529891304347829;0,0240793201133145;0,027037832975161;0,0134529147982063;-0,000378787878787978
"2014-09-30";0,0194414987628138;0,110788043478261;0,104229239386314;-0,0744703616520436;0,211619973121059;0,0453703703703703;0,0148564834847829;0,0818625610214043;0,0470165456315041;-0,0279206726505127;0,0945656559386736;0,0175438596491229;-0,00937500000000002;0,0902296955709418;0,0201762977473066;0,0315530665209671;0,0124481327800829;-0,0194647201946472;0,0265486725663717;0,0450928381962865
"2014-10-31";0,0520110957004161;0,0814149766372287;-0,088436374329192;-0,116763005780347;0,279863481228669;-0,050310008857396;-0,0150653780557135;-0,0445157931273863;0,101179835538077;-0,0693430656934306;0,161619598502892;0,119827586206897;0,0496845425867509;0,199596774193548;0,105798771121352;0,00940148305084754;0,0974043715846995;0,0521091811414391;0,034051724137931;0,0261058738216098
"2014-11-28";0,0408701384311141;0,0406062662594728;-0,0362903225806451;0,0937172774869108;0,186666666666667;-0,000186532363364966;-0,134199134199134;0,0976296430841885;-0,137662337662338;-0,015686274509804;0,110012692833431;-0,0429176289453426;0,169546706736789;-0,00882352941176467;0,0140649418301788;-0,0522104158467795;0,0979708701605875;0,0809905660377357;-0,025677365568987;0,00961130742049487
"2014-12-30";-0,0943635212159595;-0,0552173913043478;-0,234309623430962;-0,228578267113452;0,0522471910112361;-0,147574626865672;-0,0975;0,105245738871422;-0,033132530120482;-0,326494023904382;0,103683342495877;-0,0810376030565052;0,434689507494647;-0,177532852903773;-0,194520547945205;-0,240138408304498;-0,0839002267573696;-0,0291050311995461;-0,162317104475058;-0,0878482430351394
"2015-01-30";0,0972027972027973;0,058444546709618;0,00546448087431695;0,186782500775675;0,0128136679124398;0,0903917706281463;-0,0302862419205909;0,377376852822279;0,360591900311526;0,288671990535345;0,279836620840805;0,182275711159737;0,028955223880597;0,0916400371095762;0,322278911564626;0,120218579234973;0,436881188118812;0,253887640449438;0,171348314606741;0,103675849896401
"2015-02-27";0,10006373486297;0,095;0,233695652173913;0,0245751633986928;0,0279388508170797;0,512444801284625;0,227956579699105;-0,118430349475515;-0,0283342873497423;0,142988294698187;0,0617264731065619;0,169720525633907;-0,0136350449666376;0,0675165250236072;0,09967845659164;0,234308943089431;-0,0368647717484927;0,0685687659055878;0,159145410943972;0,0634821304408288
"monthly.returns.mean";0,00816250533123917;0,0235069147694982;0,00637408138214612;0,00702469337412544;0,00866986346744414;0,0048574118620177;-0,00492005721778473;0,0119831374111838;0,0188104939251142;0,00732406614600402;0,0201102488543386;0,0172190097466048;0,000111096260481174;0,0356375308211384;0,00414178914619878;0,0146487118903943;0,0168140546672832;0,00659169870998064;0,00697573315413773;0,000934000314567522
"monthly.returns.median";0,0194414987628138;0,0196053404130396;0,000180104460587138;0,00210415570752231;-0,00292445709031902;-0,00789393786054027;-0,00998336106489184;0,0197250249393836;0,00551659254190895;0,0179614613305432;0,017724921391622;0,0157010519704821;-0,0110551771789557;0,038768466105205;0,00661210193359318;0,00812472551602972;0,0222883691351046;0,00525595401040246;0,00683930003301736;0,000550105436875503
"monthly.returns.sd";0,0975638832065382;0,119324925693656;0,130774429638828;0,129610443124104;0,211920233699185;0,219225551894174;0,13476734765051;0,132945712027591;0,172899695525786;0,094677196897935;0,147681470052951;0,124525255697259;0,131421677589803;0,128297964028205;0,103210269554267;0,13979848143725;0,115706845000031;0,0840348473245457;0,0923579579176214;0,0913968623658604
