"";"SIBN RX Equity";"NVTK RX Equity";"PHST RX Equity";"AFLT RX Equity";"PIKK RX Equity";"FEES RX Equity";"HYDR RX Equity";"NLMK RX Equity";"URKA RX Equity";"MTSS RX Equity";"CHMF RX Equity";"TATN RX Equity";"VTBR RX Equity";"MGNT RX Equity";"SNGS RX Equity";"SBER RX Equity";"GMKN RX Equity";"LKOH RX Equity";"ROSN RX Equity";"GAZP RX Equity";"Rm"
"2006-01-31";NA;NA;NA;NA;NA;NA;NA;NA;NA;NA;NA;NA;NA;NA;NA;NA;NA;NA;NA;NA;NA
"2006-02-28";NA;NA;NA;NA;NA;NA;NA;NA;NA;NA;NA;NA;NA;NA;NA;NA;NA;NA;NA;NA;NA
"2006-03-31";NA;NA;NA;NA;NA;NA;NA;NA;NA;NA;NA;NA;NA;NA;NA;NA;NA;NA;NA;NA;NA
"2006-04-28";NA;NA;NA;NA;NA;NA;NA;NA;NA;NA;NA;NA;NA;NA;NA;NA;NA;NA;NA;NA;NA
"2006-05-31";NA;NA;NA;NA;NA;NA;NA;NA;NA;NA;NA;NA;NA;NA;NA;NA;NA;NA;NA;NA;NA
"2006-06-30";NA;NA;NA;NA;NA;NA;NA;NA;NA;NA;NA;NA;NA;NA;NA;NA;NA;NA;NA;NA;NA
"2006-07-31";-0,0676600886024971;0,490647040785035;NA;0,123688323286448;NA;NA;NA;NA;NA;-0,108578947368421;0,0117749381146717;0,107224372333036;NA;NA;0,0183096034648202;0,112469730753554;NA;0,0778172904615555;NA;0,273631612725773;0,103932387595397
"2006-08-31";-0,132241031216027;NA;NA;0,106413994169096;NA;NA;NA;NA;NA;-0,0260341634081087;-0,0595026919366384;-0,116345996757694;NA;NA;-0,0499476159150158;0,333126660761736;NA;-0,00290444637876819;NA;0,433932007697242;0,0540551907795357
"2006-09-29";-0,198230493478758;0,178679931451154;NA;0,0248447204968945;NA;NA;NA;NA;NA;-0,00894387317909162;-0,181969268449136;-0,233681188078582;NA;NA;-0,169581875728802;0,40882703004688;NA;-0,12041927993229;NA;0,246841214015892;-0,005363308283584
"2006-10-31";-0,195540059562722;0,334816079171731;NA;0,0257532401952534;NA;NA;NA;-0,110328638497653;NA;0,128914785142025;-0,0851449275362319;-0,220472440944882;NA;NA;-0,280080397757326;0,229032587598325;NA;-0,128135009916508;NA;-0,0905542293051165;-0,0356126374011913
"2006-11-30";-0,116164921465968;0,579191825359963;NA;0,253231616867981;NA;NA;NA;0,0320404721753795;NA;0,35091857000993;-0,125637834474175;0,0905321939250359;NA;NA;-0,0151988906713071;0,516338354577057;NA;0,112531373592942;NA;0,0704845814977975;0,15893339467224
"2006-12-29";0,0754327742398422;0,38736053033486;NA;0,204583683767872;NA;NA;NA;0,0752941176470587;NA;0,551127460998706;0,0383218582129079;0,172029584093747;NA;NA;0,0160487274749159;1,00652883569097;NA;0,0241763270286759;NA;0,0799157654281328;0,239165424083426
"2007-01-31";0,0190928725701944;0,201234313927175;NA;0,483210808662826;NA;NA;NA;0,0893760539629005;NA;0,473637598157879;-0,025094227335846;-0,143700052281724;NA;0,391393700457157;-0,185203107092831;0,883189655172414;NA;-0,0932831963611929;0,155528134254689;0,0241514595256094;0,174887231816865
"2007-02-28";-0,0149440715883669;NA;NA;0,173583662714098;NA;NA;NA;0,32;NA;0,246909667194928;0,0405347275073624;-0,181824646234801;NA;0,03718;-0,204729053932757;0,690830124943613;NA;-0,0768757961499745;0,115114102110004;-0,148193117551203;0,0831321332510752
"2007-03-30";0,0315829528158296;0,127191011235955;NA;0,210483210483211;NA;NA;NA;0,450502706883217;NA;0,372223723318022;0,154298545765612;0,0756451042771298;NA;0,281626848691695;-0,0634761427138559;0,594827586206897;NA;0,103774469407997;0,0207053039614258;-0,0567279565399081;0,177127489522556
"2007-04-28";-0,125327313769752;-0,10165331955567;NA;0,218247456514604;NA;NA;NA;0,251890941072999;NA;0,23985111662531;0,000908943353351566;-0,0157575757575757;NA;0,387850255246739;-0,0031445616716137;0,692294904829191;NA;-0,050837406472237;-0,0272897685165002;-0,0875456706040936;0,106114461638058
"2007-05-31";-0,117363939281748;-0,263411764705882;NA;0,0828542441663849;NA;NA;NA;0,143627450980392;NA;0,114536432968851;0,0697459255569;-0,114283497556055;NA;0,195609111918125;-0,223467697404749;0,40302613480055;NA;-0,165569280596135;-0,143303088320985;-0,230615977529558;-0,0191243034618392
"2007-06-29";-0,128690575479566;-0,202679966350198;NA;0,289404782684587;NA;NA;NA;0,193966864645202;NA;0,115112653168782;0,182242139395927;-0,0341747254548435;NA;0,191983523447402;-0,306527038455798;0,0848145336225596;0,308660801564027;-0,137240300841462;-0,160652780055765;-0,116109201480698;0,0200079078864396
"2007-07-31";-0,0966429298067141;-0,048225784354021;NA;-0,0640321500334896;NA;NA;NA;0,272291021671827;NA;0,0629432268921031;0,358836097263201;0,111033580462276;NA;0,180718412459181;-0,0883943362610571;0,202906843671321;0,296116206768722;-0,0240134532343343;-0,0886335483319807;-0,0330709214873129;0,0744165904056943
"2007-08-31";-0,119186046511628;-0,0822217517114828;NA;-0,0181027224249229;NA;NA;NA;0,176386506575186;NA;0,181452296220979;0,259619665458246;0,124456805145142;NA;0,0152432557511715;0,0365366010964205;0,00749702704100108;0,233952064524207;-0,0790029817908114;-0,0379798529812143;-0,00191305000187547;0,0497669868850299
"2007-09-28";-0,034950202877167;-0,128721424774056;NA;0,0441136671177265;NA;NA;NA;0,139829378832312;NA;0,132241168826054;0,451381812567547;0,142540256325994;NA;-0,0747680972881808;0,042717258261934;0,118702702702703;0,323565498470986;-0,0703457155502702;-0,0113931085587253;0,013290508361945;0,0777288358870572
"2007-10-31";0,237534840507897;0,0128684399712438;NA;0,149919181034483;NA;NA;NA;0,423633553463538;NA;0,351479005723892;0,704634644698862;0,251806239737274;NA;-0,0556159523945758;-0,0501768867924528;0,0439096267190571;0,474657943508775;0,0903295716349723;-0,0289069152511988;0,191190763130273;0,199804575406574
"2007-11-30";0,369232382550335;0,250199648618432;NA;0,358682073703935;NA;NA;NA;0,392484640662952;NA;0,492683127911291;0,67926285676269;0,27697967764541;-0,224296480674825;0,0534124902204427;0,0100974187584442;0,131699346405229;0,45542437852758;0,0829019258439969;0,075061944322985;0,369699027889799;0,25156829727658
"2007-12-29";0,452474394563033;0,389856055467631;NA;0,257750101529714;0,121476407914764;NA;NA;0,308679146485142;NA;0,482867270578968;0,542821042250917;0,259991514637251;-0,11152178548582;0,125760918684707;0,0605832346927795;0,0227964635037627;0,207578281394724;0,0521978858866177;0,128969223253542;0,281718580563138;0,223999920995054
"2008-01-31";0,229917417417417;0,14517057722758;NA;0,292543294690139;-0,138074170461939;NA;NA;0,0720282272782578;NA;0,165322276667923;0,14450434261755;-0,0730098916627414;-0,275733411368791;-0,0282782037426281;-0,217966740956626;-0,162972124441062;0,00146165737557924;-0,191455911843156;-0,196897262842145;0,0573547050485226;-0,0110053261872574
"2008-02-29";0,520523927392739;0,398877268532759;0,207142857142857;0,511647849078176;-0,0111434177922282;NA;NA;0,377521263669502;NA;0,109047226306164;0,415273920727089;0,163394651414438;-0,241666666666667;0,158254114474022;-0,310487508944405;-0,175818536385097;0,218790567800495;-0,0617390666582845;-0,0767416631290976;0,147549609140108;0,138260376241328
"2008-03-31";0,263545150501672;0,432079932880787;0,0304054054054055;0,289398652151374;-0,192749904305542;NA;NA;0,166881066541925;NA;0,0435810928315539;0,00510605706018774;0,0952038541741569;-0,260575002171458;0,075667741192724;-0,352095316351684;-0,291747197526092;0,0371145922053395;-0,0416983255268195;-0,0113838658296637;0,08073742121179;0,0217336090850386
"2008-04-30";0,201868535201869;0,281780112144226;-0,0292760736196319;0,192690640740307;-0,0322492562838625;NA;NA;0,101954204500592;NA;-0,165353631086364;-0,00203580737837483;-0,0026890535843116;-0,257114077058675;-0,100973730904055;-0,284406232540816;-0,274395407923214;-0,120291849690816;-0,0445433301399422;0,0662266937419236;0,0200385104924774;-0,0263982207875688
"2008-05-30";0,353909780194532;0,349345257106356;0,178474114441417;0,100103436386622;-0,0605528922537061;NA;NA;0,190231890006156;1,32254901960784;-0,160779873519097;0,0980151341072064;0,296336946083139;-0,130938586326767;0,0613116874038866;0,0206265399507215;-0,179516796611801;0,00531514290116664;0,253819492058388;0,294423355025307;0,116128432405628;0,172711226609278
"2008-06-30";0,239554501120337;0,0869211582257889;-0,0225988700564972;-0,160908405984286;-0,157191134756586;NA;NA;0,322796839051716;0,842470620388084;-0,269508632138114;0,0878692847012763;0,19152804902687;-0,348;-0,128831168831169;-0,124594155844156;-0,273411534701857;-0,0847195525335454;0,118498574137607;0,179922111639983;-0,00487207165154468;0,0274958673218837
"2008-07-31";0,132076911338318;0,126076299415498;0,0793650793650793;-0,202967556195327;-0,190386328296019;NA;NA;0,18374758824197;0,682919056724028;-0,147043602018373;-0,138252867547647;0,186483739837398;-0,184949494949495;-0,0744649175044665;-0,0872062434233603;-0,213343941804956;-0,13419911902918;0,152820000361191;0,435074409104173;-0,0474717266508542;0,0310154048315544
"2008-08-29";-0,215288611544462;-0,0292452311582651;-0,0532485207100591;-0,349437458636664;-0,349642955430988;NA;NA;-0,163182499779483;0,0720936280884266;-0,169749094671495;-0,33619936138711;-0,151142705288334;-0,258241758241758;-0,192542000442757;-0,210666426025358;-0,286425902864259;-0,309476062581374;0,0216751628987319;0,0712169204046185;-0,206327372764787;-0,173101680563076
"2008-09-30";-0,168872419269455;-0,376917341286749;-0,154098360655738;-0,365262840486481;-0,755009571310655;NA;NA;-0,48877530567248;-0,186580402796619;-0,254766031195841;-0,483987045699892;-0,406145361433918;-0,406789615881593;-0,234741658416504;-0,391249207355739;-0,403875017055533;-0,473836246466657;-0,237234976790867;-0,188172297777567;-0,332501769881671;-0,350489748301886
"2008-10-31";-0,571418656302054;-0,449748048064677;-0,56581641681624;-0,414260459634649;-0,85454194448982;NA;NA;-0,779579041648007;-0,555948923982656;-0,52585075050566;-0,846488217799131;-0,72944890174931;-0,528926553672316;-0,607303430282375;-0,243851659076122;-0,635066787705875;-0,586030839948288;-0,517949847255281;-0,460935809202268;-0,573828187490002;-0,580388581979152
"2008-11-28";-0,680563412150696;-0,726945654232153;-0,653179190751445;-0,479105725031341;-0,931970588235294;NA;-0,67061050638902;-0,754051724137931;-0,844167721964261;-0,64510184606272;-0,861500992242468;-0,756270504815324;-0,676923076923077;-0,695871238628411;-0,397641053938474;-0,72724073205068;-0,710165271972521;-0,668255650383355;-0,620011870264986;-0,672618221197901;-0,693273420072214
"2008-12-31";-0,666808442766761;-0,758094287852332;-0,681554913294798;-0,648665982555156;-0,954894603777839;NA;-0,670684931506849;-0,772307924984876;-0,842529963213481;-0,594771479474966;-0,860636774264625;-0,687673091052959;-0,590429447852761;-0,570716105599826;-0,365747179724927;-0,693394322615364;-0,667656172386877;-0,585161410002545;-0,595533225759132;-0,684462034593961;-0,678511699646318
"2009-01-30";-0,509199973040372;-0,634481218954066;-0,723529411764706;-0,676993609335927;-0,958491832624748;-0,721854304635762;-0,607778510217535;-0,68111217641419;-0,829615603105472;-0,577664012135002;-0,794422794675844;-0,578015703069236;-0,724996901722642;-0,52208922742111;-0,257216965272107;-0,762751047536483;-0,697605141841819;-0,383346474989948;-0,54115494103294;-0,583435582822086;-0,6382877716306
"2009-02-27";-0,32267265969401;-0,536440342035223;-0,593752539046631;-0,614154919343119;-0,94890868596882;-0,585365853658537;-0,648777579010137;-0,62116580583957;-0,777060792780554;-0,520718124464522;-0,685450929807589;-0,478046489786335;-0,709185185185185;-0,391439886271324;0,156853778438322;-0,750610820244328;-0,647920438883334;-0,370803526049153;-0,404521175123999;-0,521911364199059;-0,548602666947655
"2009-03-31";-0,240309372156506;-0,328062227540815;-0,430232558139535;-0,385748218527316;-0,675985663082437;-0,0448717948717949;-0,145454545454546;-0,184277592628896;-0,489095574085953;-0,357826475849732;-0,572401345475429;-0,116639027086788;-0,447920792079208;-0,088951048951049;0,577232142857143;-0,523460746166171;-0,406671457315321;-0,165914473684211;-0,146334345085221;-0,360656565656566;-0,276679084049017
"2009-04-30";0,436437246963563;0,0928851766126597;0,373289665211063;-0,430918846411804;-0,3843797856049;1,63095238095238;0,797619047619048;1,06176351076798;-0,287915434918929;0,234396048495734;0,513040238450075;1,44555177442878;-0,244423123051091;1,68447375517909;0,353295474100843;-0,0106609808102346;0,0507969555017462;0,437846874605134;0,421631604303838;0,111636636636637;0,414365910951581
"2009-05-29";0,869488223835665;1,47208737864078;0,808716666666667;-0,295226634576815;0,283830523130134;0,713414634146342;0,80316091954023;1,086926042762;1,61693002257336;0,634492350486787;1,02956884199557;2,11854103343465;0,416825396825397;2,0475352589264;0,461009962212298;0,901505376344086;0,720430957793812;0,865617006764054;0,897923557515619;0,512892281594572;0,898283490030581
"2009-06-30";0,566618796872507;1,63992575788822;0,942241019404259;0,232931726907631;0,495537308104248;1,17886178861789;0,94342762063228;1,08136831617403;0,878862094951018;0,450695379093764;0,948353096179183;1,28121606948969;0,0335530257639305;1,47295533947889;0,300481208503381;0,670908293111014;0,435215828618199;0,434567387687188;0,52679300027201;0,449874570287095;0,748219381401821
"2009-07-31";0,488876682230157;0,858298976943045;1,31914893617021;0,351397849462366;1,41194968553459;1,69047619047619;0,84873949579832;1,40889957907396;1,55945765725717;0,588219448684565;1,35930576070901;1,15798376184032;0,92383956737269;1,59509384651936;0,574430936368339;1,58587088915956;1,12000588920268;0,330744933991583;0,69166001949836;0,405960322273239;1,01351802142829
"2009-08-31";0,462353241449719;0,450891766430491;0,851461538461538;0,217325800376648;1,48823016564952;0,985294117647059;0,867572156196944;1,06928213689483;1,61719260065288;0,478264402372634;0,723280649295173;0,888439046333783;1,20020376974019;1,64470808095977;0,287133115920545;2,31910426871938;1,00108051297796;0,372584273566633;0,587538042607721;0,40756084930088;0,895975026777716
"2009-09-30";0,508923224338244;0,621040580078871;0,972789115646258;0,17092034029389;1,54955752212389;1,36241610738255;0,386968085106383;0,83297284306657;0,428374136848713;0,412284978062539;1,02235226400614;0,573216520650814;0,986370157819225;1,30273257599018;0,210774601377488;1,87608069164265;0,808510844447459;0,286738549151687;0,550222222222222;0,38344261000079;0,762334398512828
"2009-10-30";0,680496054114994;0,241068139963168;0,505114208490116;0,176782557454331;0,898341625207297;0,411764705882353;0,135761589403973;0,498620417816318;0,661970059126934;0,226385352249303;0,575145694820652;0,249478183083192;0,837460317460317;0,593733161639131;0,0861308918277381;1,32614942528736;0,383396386242741;0,150679375380248;0,255012708274499;0,187276288242048;0,454038357098336
"2009-11-30";0,453537936913896;0,119924258363139;0,735853229269371;0,24359704040979;0,986698097322781;0,313167259786477;-0,0988047808764939;0,470440040309036;0,142672302251359;0,244270478783753;0,282331044220525;-0,0281954887218044;0,392112928523415;0,603318558523348;0,0166940982835644;0,564578149739878;0,155119616675093;0,0287796525480017;0,133368833809363;-0,0696866064921231;0,284488832482118
"2009-12-31";0,666734569158688;0,328802437309585;0,755654205607477;0,564110156944033;1,94628789687276;0,190298507462687;-0,0273972602739726;0,466251795117281;0,258397673719041;0,371041563582385;0,53489315661347;0,108123115976519;1,01101449275362;0,839965957446809;0,256580796252927;1,18329831932773;0,501779914068228;0,229064575057268;0,496407150068294;0,174046779878244;0,542767790147154
"2010-01-29";0,399465043349935;0,520460147904684;0,640724770642202;0,786760025461489;1,94449618178432;0,513274336283186;0,184545454545454;0,178856714927609;0,135649153278333;0,321687019448214;0,644388793238378;0,119767988712965;0,765753103771375;0,576983818177657;0,054298270834189;1,0831370701837;0,490207838779736;0,0719953674538178;0,236548436108346;0,147205619569906;0,490810257722775
"2010-02-27";0,21808185705559;0,412225309421571;0,553865968673397;0,714108910891089;1,66100210231254;0,122222222222222;0,163636363636364;0,240822912464703;0,0671046066855148;0,292420161600615;0,520549303455456;0,119183738288074;0,708960407501737;0,211400630914826;-0,0622672655380245;0,608475648323846;0,35574531366642;-0,00319565643845665;0,165825850065584;0,0275324993868038;0,354885044229494
"2010-03-31";0,223130655659628;0,515263281801773;0,639179310344828;0,50330250990753;0,364890662964249;0,0539772727272727;0,491850431447747;0,327520650321227;0,0846444581172543;0,255091473938557;0,688914188131493;0,16260938743039;0,459191043698086;0,427677777777778;0,127990337411361;0,433366733466934;0,454929000216977;0,0246116689347409;0,0324629498941427;-0,0185576428938503;0,312602307564906
"2010-04-30";0,0680933852140078;0,468838106543998;0,693669014084507;0,552328492739109;0,362190967065607;0,173076923076923;0,639455782312925;0,400447133087848;-0,0468548936492318;0,318271702590469;0,823345492443981;0,151061968021637;0,356254319281271;0,466973050100568;0,14466906025601;0,214793082149475;0,464022085170088;-0,0181529784984139;0,0681368136813683;-0,0311149032992036;0,313475230118647
"2010-05-31";-0,211208862821766;0,252301333834304;0,200658243974944;0,305034324942792;0,129587253157047;-0,0677506775067751;0,47656940760389;0,0668189605939464;-0,113761606401449;0,0634175253031823;0,544694694694695;0,000143276739021481;0,193143408981169;0,506936288088643;0,0930465618254703;0,0271794130403353;0,248070806319648;-0,0975466736163759;-0,0237057919015889;-0,0357358081234181;0,127894603936386
"2010-06-30";-0,278782693717917;0,231216931216931;0,208719491096857;0,0819765240439227;-0,126073569923837;0,0752351097178685;0,340669014084507;-0,108063989552726;-0,098406374501992;0,0688861821626743;0,216538902105913;0,00207602548500252;0,0954165465552033;0,176760902144351;0,0407410168480691;-0,0777002646139042;0,0677959705456417;-0,0435926321315034;-0,234899595205969;-0,184706074995906;0,0226903710681592
"2010-07-30";-0,190799446385026;0,1813121487246;0,31291832318454;0,0792661204132525;-0,316402049465494;-0,0175438596491229;0,20951650038373;-0,00338803599788251;-0,0263821977517781;0,0295149285653178;0,0161812297734627;0,0272994540109197;0,0795967100026531;0,436976294146106;0,196813276715104;-0,0452232899943471;0,0541588818702152;0,0225093937541181;-0,139479705109737;-0,125093995058546;0,0390875341066043
"2010-08-31";-0,173305631179252;0,292195790854349;0,283427807486631;0,100902527075812;-0,287905721245638;0,158415841584158;0,23828125;-0,0234070221066319;0,111509389854282;0,0594990005528857;0,0882592677121712;0,003547357218872;0,0754640292643274;0,562333664918466;0,183894870430262;0,0263468344475029;0,130180618398745;0,036566320894859;-0,152364879484184;-0,0528137494778301;0,0830513783599894
"2010-09-30";-0,230579531442663;0,216582940597649;-0,0290431292362451;-0,0273872290568249;-0,256405365884672;-0,00269541778975746;0,00706940874035977;0,0823703703703704;0,0811993517017826;-0,0152443815810154;0,13276598135041;0,00307923908580832;0,0866229427051106;0,39261504696827;0,0135055783910745;0,00221367820109508;-0,0431103525603848;0,0357644975441074;-0,129741968557758;-0,0693507097975331;0,0125115474874592
"2010-10-29";-0,243075183719616;0,253220184876496;0,123633581565149;0,221935483870968;-0,256653626627333;0,0136612021857923;-0,0604623592175459;-0,000939055310357761;0,211801143583227;-0,0625890647266183;0,0779937124892827;0,0220456116102281;0,290573248407643;0,40337890625;0,0323889400293205;0,288165755688318;-0,0104455578023568;0,0331837491772871;-0,0908401449397489;-0,00804321023894794;0,0619466658575594
"2010-11-30";0,0309814937210839;0,341634163416342;0,33694844813865;0,40136770120989;-0,119972989195678;0,0610465116279071;-0,0125748502994012;0,258244111349036;0,457666098807496;0,0893033226152198;0,299711628811198;0,0616001719074564;0,351544583839201;0,334916655024595;0,0442203258339797;0,432090077410274;0,209086942053907;0,141891404081043;-0,0886818042612766;0,0899943753515406;0,186050918572123
"2010-12-30";0,0868496864938146;0,603256458005061;0,33574674981503;0,395450568678915;0,138420174300019;0,0699708454810495;0,0807616546290217;0,765129331381162;0,937870083959346;0,0968177597704061;0,681961394995111;0,0450064294899273;0,326315789473684;0,596460058723876;0,154829698076717;0,360980699008868;0,583625271137696;0,0681195885443646;0,134394937496758;0,296244225748142;0,337910570260448
"2011-01-31";0,0702883205733833;0,421062262683563;0,299449320914306;0,281069483413104;0,158415841584159;0,3125;-0,0558375634517767;0,360140231594603;0,776861451460886;0,036770816021273;0,510990383414512;0,098937040065413;0,314819365937577;0,314110355090347;0,0814426613717001;0,253167554766134;0,503901406837459;0,0623378131258889;0,253618906942393;0,209405120019645;0,263172538618228
"2011-02-28";0,349597018805789;0,715696225892775;0,222815738267757;0,198885063125102;0,336353550295858;0,193732193732194;-0,0675078864353312;0,462494451841988;0,639371845204711;-0,00834938985228006;0,473126011145066;0,226440438317427;0,27488032249937;0,262561712653219;0,152529478889311;0,303831417624521;0,349518190151206;0,248257615658799;0,38783949356749;0,330015120967742;0,302604430617636
"2011-03-31";0,256747638326586;0,607168702907497;0,205660851554307;0,105255232645686;0,0820793433652531;0,102378378378378;-0,0865347798340779;0,141527511634273;0,762329485834208;0,0332748164698373;0,239146066301356;0,249880619414694;0,125953763808222;0,112644847251989;0,0512916638265968;0,241455475470821;0,436910987712756;0,173820374638271;0,277158706003633;0,43192048012003;0,227503508291516
"2011-04-29";0,141067131358393;0,442200725513906;-0,115473569300794;-0,0939809926082366;0,00379604865844185;-0,0254447439353099;-0,124290220820189;0,00263182629946423;0,497280293597221;0,0204424530943714;0,193775020546674;0,198864020555819;-0,124765571019643;0,0122333096739176;-0,0518807172814636;-0,0137162028813894;0,368817887940684;0,0965044360536498;0,131661877838539;0,370738636363636;0,0965230824823846
"2011-05-31";-0,00336565429922275;0,359299291837495;-0,255797956949777;-0,0893393393393394;-0,0430556739705006;-0,0905753424657534;-0,178047301394785;-0,120915588835943;0,425466019984807;-0,0737169395465995;0,13414603744422;0,0869711895283718;-0,135243038227368;0,0828146516111263;-0,0978995002026205;-0,0406879606879607;0,157390622218999;0,0457978411559816;0,162842054728757;0,172868528180724;0,0249475970385306
"2011-06-30";0,0240898105558587;0,0297525091580546;-0,304055390702275;-0,13166144200627;-0,124928740125417;0,017874659400545;-0,188153098420413;-0,250985000345614;0,142199115246044;-0,115822687394182;-0,00925846180346224;0,22634673229423;-0,145734126984127;-0,074274233855381;-0,143716660463962;-0,0412035262552702;0,01779502386525;0,0251613722705279;0,0798811156835848;0,0529387459973143;-0,0456877141942482
"2011-07-29";0,0593562133779775;0,286514502784663;-0,208487375127822;-0,097268745168771;-0,139388130042336;-0,142290249433107;-0,0721102150537634;-0,188159025228462;0,195995226097335;-0,0363483348695547;-0,0111997355044015;0,145647321428571;-0,222710280373832;0,0121412888366241;-0,162056406706197;-0,0394028158367192;-0,010292583006749;0,00943751946795768;-0,0740740740740741;0,0119796954314721;-0,0341358101500594
"2011-08-31";-0,183009054132152;0,00430269456246957;-0,287848792239256;-0,222237417943107;-0,246506157465062;-0,302243436754177;-0,157374830852503;-0,335280728376328;0,220620937393089;-0,116135038860104;-0,182652023591621;-0,0836984090385058;-0,258498023715415;-0,159533402685733;-0,26012601260126;-0,169262415515721;0,029689181128834;-0,147425644447497;-0,162258598491815;-0,154334438654666;-0,158690580614026
"2011-09-30";-0,242080536912752;-0,032076071409652;-0,227285796434733;-0,2858310626703;-0,18623577749684;-0,411297440423654;-0,266103115830655;-0,471223021582734;-0,0539276145111215;-0,314773341570778;-0,389526972947015;-0,267983844558454;-0,323050470314554;-0,307516512217785;-0,155995720815639;-0,339451259481225;-0,0638725227637922;-0,194272217301447;-0,270323250182573;-0,318620388561449;-0,256072346899358
"2011-10-31";-0,0695949385499236;0,109862776333808;-0,115006484541689;-0,176864801864802;-0,217533304684143;-0,219189069587344;-0,176873198847262;-0,229117840067498;0,176828467632512;-0,239532695624902;-0,118615083947766;-0,145234066553864;-0,172662681854066;-0,101165924214926;-0,0875653082549634;-0,179289644822411;-0,21941645950543;-0,0712474912855181;-0,106638273475572;-0,225604490500864;-0,129223025710831
"2011-11-30";0,124708530996221;0,148807238826433;-0,10904728048347;-0,30612805715856;-0,267284390591589;0,0419051635837802;-0,11502139589789;-0,291549704772045;0,0138558661966057;-0,102825578925005;-0,163318239767882;0,0353817504655494;-0,218951985226224;-0,241218811201261;0,102347171789017;-0,103063210736605;-0,224832692581518;-0,0526518274251168;-0,0761704235818677;-0,142598748533438;-0,0973828312512433
"2011-12-30";0,128045066991474;0,139345210550671;-0,206414629524351;-0,270180505415162;-0,279106561191252;-0,245609808330656;-0,274564094888872;-0,419804355850868;-0,0676382511479338;-0,201497084167465;-0,28884687269092;-0,113161268744077;-0,316687957263965;-0,251097103646373;-0,0831582759869612;-0,206975814511293;-0,322598328080033;-0,0407186303221446;-0,0939577423042723;-0,159415313680286;-0,178702116010237
"2012-01-31";0,0691042310178867;-0,0197682856642394;-0,290848861283644;-0,285714285714286;-0,315760163356228;-0,164044943820225;-0,167161584703411;-0,28593419280354;-0,20042872454448;-0,111161939615737;-0,175875616484159;-0,0421064025545272;-0,151376698328724;-0,165898850807472;0,0211573691583751;-0,111548298249066;-0,212501687592818;-0,040926808142053;-0,0446235418875929;-0,076946227929374;-0,138618275665266
"2012-02-29";0,23359270612277;0,0694853531837414;-0,112392344497608;-0,109723931774222;-0,257276650445322;0,180154603912984;-0,0472940420748353;-0,200547882661797;-0,166941106400869;0,025097320815205;-0,00134365124785385;0,220118268746854;-0,0339818763326225;0,14727318421714;0,233171127331711;0,180403254333215;-0,199417960088692;0,0791851297692352;-0,00843066654957414;0,0862088281425049;0,0158669832250983
"2012-03-30";0,384840166474807;0,0628574556002517;-0,162372093023256;-0,0890881342998856;-0,274978153218759;0,307179743461603;0,0281770585435508;-0,0677248677248677;0,00215778826702628;0,292572974191367;0,155101773247239;0,468461079630182;-0,00104586881816826;0,320374265612533;0,115421547916267;0,341650127587184;-0,227578314976398;0,0887382435568584;0,106458069953645;0,160248606394567;0,100572573418787
"2012-04-28";0,0989526340472096;-0,0466861402095086;-0,184551385080836;-0,136106194690265;-0,220891915641476;-0,0498388296553435;-0,0900656455142231;-0,228262191414326;-0,175289173206382;0,203732343540571;-0,0950941114218762;0,198680303530188;-0,138222464558342;0,13185670144094;0,103489082302642;0,146287943435329;-0,128226617499162;0,0221211259596248;-0,0365344946137979;-0,0567605241148592;-0,0340704776681947
"2012-05-31";-0,0527595081498426;-0,30565434279304;-0,271820448877805;-0,131881188118812;-0,0786721789883268;-0,502934798322972;-0,333639016256774;-0,280776062303593;-0,0662299854439592;0,0684821217144211;-0,134667927700715;0,00251798561151073;-0,217378454263337;0,115140951295545;-0,155703467246239;-0,0661336379211878;-0,0955180014695077;0,00313279573011527;-0,0728426509362292;-0,160556474143338;-0,136894714429204
"2012-06-29";-0,00222702119044416;-0,170660506676144;-0,145364455853382;-0,1398891966759;-0,0478956880970823;-0,305418544409354;-0,185991334846297;-0,164784475902656;0,0646225001070617;0,280684543274471;0,0383216697735536;0,133069331824753;-0,0294017675050986;0,384118190212373;0,055186853124753;0,0887208569628231;0,0890147683592959;0,0575940820759702;-0,044303205907094;-0,102234930267842;-0,00734191658081193
"2012-07-31";0,0423301753678693;-0,114058152298777;-0,17020903888824;-0,168231768231768;-0,0123440043407488;-0,281056293485136;-0,286807548482477;-0,282673133926165;0,244383840251456;0,158938848079353;-0,175677046353586;0,114187242217074;-0,249220742419949;0,268420733187667;-0,0469607429295061;-0,0070859167404782;-0,142122406994685;0,0309889365545271;-0,132264795986325;-0,182480165199435;-0,0695970990309665
"2012-08-31";-0,0348518636508443;-0,0882551763851681;-0,194652579375775;-0,159984199091448;-0,0988997403881815;-0,420166362345303;-0,312431521281079;-0,202884066247858;0,0425182942215492;0,0822052450520483;-0,176653793447116;0,00897138437741685;-0,263208718443923;0,146631982475356;-0,0799408089444262;-0,0686245130356609;-0,173792625930414;-0,020903322135125;-0,14493844655035;-0,189263060182559;-0,117456194565443
"2012-09-28";-0,0242982287870067;-0,105638516992791;-0,250374812593703;-0,0904712041884816;-0,0562474889513861;-0,26280744233465;-0,207388204795852;0,00648613588454672;0,15807652626385;-0,00100270293835547;-0,000510768706903919;0,0279766438182281;-0,209243194735268;0,140765765765766;-0,0301652892561982;-0,0376162299239222;-0,082962962962963;0,0829640433050989;0,00318971673411084;-0,128451513143362;-0,0533859864269622
"2012-10-31";0,0903271692745378;-0,100507158328491;-0,199420289855072;-0,181725056340914;-0,0255181164528409;-0,237772144348345;-0,256733358984225;-0,0709108099590293;0,114999549021376;-0,0116916488222698;-0,040681647314343;0,0842783221402621;-0,136823789939892;0,207719544827959;-0,0561455702770955;-0,0235031372966076;-0,071716977504326;0,0595304328474464;0,107479303454182;-0,142874032038777;-0,0445844707948232
"2012-11-30";0,0632452830188679;0,140112062149806;0,0459589041095889;-0,019616788321168;-0,137521446482777;0,217613867721482;-0,0808207181283623;0,184460486322188;-0,00337750064951936;0,0262842959088692;-0,0386483696642177;0,180540605190767;-0,0135951661631419;0,350607190092581;0,0540986244067252;0,117906066536204;-0,0205117790414298;0,121566132670175;0,178724634886972;-0,0572573524417577;0,0654884516060926
"2012-12-28";-0,0360500507270881;0,0589207554099966;0,140122939368539;0,0324361628709455;-0,0842033898305083;0,0281495861857568;-0,0700798377898872;0,164540087602361;-0,0551086082059533;0,0468550514937442;-0,0258410100950642;0,209142349938977;-0,0607599369637541;0,238338379432442;0,00494178428362857;0,0755874522514179;0,0414267137284043;0,115299211724214;0,320831295843521;-0,0646083847903802;0,0539970275865657
"2013-01-31";-0,055050602720299;-0,0372856937040772;0,319752304552811;0,28585154936344;-0,0905095453921165;-0,0486957286763735;-0,0784050725521278;0,191397445529677;-0,152780357341852;0,0349616471538152;0,0391288298265042;0,122768762677485;0,0509530100018871;0,352010909873914;0,161997563946407;0,219669937555754;0,195243804956035;0,106378319189707;0,36338518215309;-0,0557697420898696;0,0962501262151906
"2013-02-28";-0,0906390282545549;-0,0987752636203867;0,362918340026774;0,249235833529273;-0,101385649609;-0,0455863241027691;-0,154327040941407;0,0531972058033314;-0,0709185525838073;0,100730710481774;-0,0735058253896201;0,0377638101078237;0,0451226362104475;0,360859701492537;0,0303441867114622;0,12033462033462;0,134716111460297;0,0743423560808234;0,265834584908592;-0,12645506011068;0,0536903676267765
"2013-03-29";-0,137689232584049;-0,0934450297953191;0,488592592592592;0,213446926087958;-0,144316730523627;-0,302951726522322;-0,283728536385936;-0,210085387465764;-0,103691366154085;0,204713070041457;-0,288277545921699;0,0219302578287068;-0,0593909589559296;0,429176799171743;-0,011965629882119;0,0850900307422047;0,0593699515347335;0,037553092302911;0,132925208807897;-0,150424534279559;-0,00565843746801026
"2013-04-30";-0,179452054794521;-0,144333832555135;0,486097031136858;0,345518277416124;-0,113715277777778;-0,41132739900225;-0,281480522841983;-0,12449118046133;-0,0867173596505419;0,187936040213199;-0,319720190409846;0,0105092146012082;-0,0980392156862745;0,482856631305671;-0,0221008649758099;0,0784142888259638;0,0671085335542667;0,0346040747742071;-0,0793487133221635;-0,143793103448276;-0,0155737811549204
"2013-05-31";-0,137918796138558;-0,0347333192631231;0,36133848470958;0,205211726384365;-0,0350420811017597;-0,42810051595643;-0,358649789029536;-0,282277465918204;0,00430135557872791;0,0982551610952751;-0,26492973314385;-0,0803404082873207;-0,11906584992343;0,589869135582658;-0,0691799900789866;0,0801969365426696;-0,0379431888865851;-0,0315062135822204;-0,13817215293396;-0,117795389048991;-0,0398241046699839
"2013-06-28";-0,176185798484423;0,00786218059891319;0,330780541600294;0,259135472370766;-0,0562629552857566;-0,495254658385093;-0,318479149632052;-0,293704006541292;-0,0694338016177096;0,0531322411480142;-0,433245717393275;-0,10043127179299;-0,125466070096943;0,557300623666162;-0,0460082703125582;0,00624192854068006;-0,153228683553336;-0,0605246130108008;-0,159971863314946;-0,243624487526927;-0,0758684179511635
"2013-07-31";-0,196602769629579;0,0668342761366016;-0,0924020261263663;0,0715486643003922;0,0718816067653278;-0,484971793211875;-0,24133368616036;-0,246255714961375;-0,369650999649246;0,0681853643314088;-0,343043220840734;-0,0800776839347815;-0,163045430059257;0,420049548752433;-0,168921923638905;-0,129456939111355;-0,257649222538037;-0,0351840855106887;-0,118291676048938;-0,094192185850053;-0,116128994849269
"2013-08-30";-0,0166969147005446;0,101496084585149;-0,181956585797073;-0,08300395256917;-0,000916030534351187;-0,447679899444852;-0,215538483838237;-0,0903061224489795;-0,317311449785072;0,0794359224393355;-0,192317742356938;0,0281662399054561;-0,201003224650663;0,301003755308321;-0,0936242541973081;-0,156040589699406;-0,193685376661743;-0,0243333671296766;0,00981916373455527;-0,0421612175052793;-0,0868327022673238
"2013-09-30";0,0759993920048641;0,225747038836493;-0,170830015923567;0,0370018975332067;0,0603648424543948;-0,387376774753549;-0,125896934116112;0,0632265959616563;-0,272385479688851;0,170035499529088;0,00929434760062242;0,0173997100048333;-0,144379650110597;0,382442130799555;0,0237898443957307;-0,0114337751694829;-0,109797941288601;0,0235135539913134;0,100867088342479;0,0731652744630069;0,00203733224332416
"2013-10-31";0,1536688131012;0,41427002539639;-0,18009063002485;0,0681056940826199;0,0298726738491675;-0,185526753074111;0,0140489913544668;0,0647036032545525;-0,242692648361382;0,231487561100168;0,0738149080513717;0,110329581993569;-0,0969118244616008;0,302518979126734;0,0580562947415764;0,0381741062411634;-0,0527950310559007;0,0678576866467036;0,187447503499767;0,212082158679017;0,0634210847070311
"2013-11-29";0,221490325236723;0,246290801186944;-0,296358651209774;0,167760617760618;0,0150650174437044;-0,335393868515579;0,212224108658744;0,200670391061452;-0,283062946138871;0,234731998898895;0,160938305550782;0,117102726521619;0,00499782703172547;0,287866061929559;0,122407149299008;0,0459839967588371;0,0743534482758621;0,0867319774251942;0,132045929018789;0,166680277664353;0,0791262746929293
"2013-12-30";0,250063878715612;0,146323276356545;-0,462777956815984;0,483100336223677;0,121744587386257;-0,112029927151014;0,134773045390922;0,277610557999537;-0,213596230385653;0,266733575233537;0,524121754890986;0,0590095374101085;0,0581965465785546;0,226503459286855;0,105709153389566;0,0807486631016043;0,137560564567095;0,080794701986755;0,108594094314676;0,274689940284796;0,127393677938221
"2014-01-31";0,202088817186041;0,10388845247447;-0,341969216308307;0,477859135285913;-0,05607213299521;-0,241066618782546;-0,0303453086850366;0,08303702154361;0,185017736662725;0,0535349108968741;0,141717736121125;-0,0453161822466616;-0,0225273546449258;0,0461450272284323;0,0319523008714264;-0,00441083805923126;0,211711711711712;0,01713084064215;0,040648676257768;0,12730240149219;0,0490163558326259
"2014-02-28";0,054263565891473;0,13969571230982;-0,429669208140722;0,461412151067323;0,260696821515892;-0,322017826664138;0,0380635624538064;-0,0974013834361563;0,0511988806207468;-0,0375595010597269;0,0797476544807505;0,0153256704980842;-0,0526905829596412;0,185435465814214;0,0567185885414674;0,0333484573502723;0,371422028852759;0,0223423048945235;-0,0106150230937525;0,0643150372510264;0,0442016188094012
"2014-03-31";0,0168102839384094;-0,0906735751295337;-0,261777591070035;0,0100640439158282;0,264310290897717;-0,220827851432041;0,0429104477611941;-0,155572606944178;-0,00374175922076381;-0,160990712074303;-0,0559639554185439;-0,0498812351543944;-0,0693301997649822;-0,0129053485906482;-0,0924918389553864;-0,142272262026612;0,255888650963597;-0,0439957077358306;-0,107606255469731;-0,0583084300507332;-0,0468177805780486
"2014-04-30";-0,0454796030871003;-0,171540197529666;-0,292327806501456;-0,112891986062718;0,30464415913774;-0,437519126797919;-0,0106571936056836;-0,253275109170306;-0,0789473684210527;-0,234300947867299;-0,113601144355704;-0,0796832579185521;-0,130483689538808;-0,181145062050266;-0,117959617428268;-0,294747081712062;0,3125;-0,106416349809886;-0,125162101622981;-0,144271664008506;-0,115663257417525
"2014-05-30";-0,0546680148297943;-0,0726817042606517;-0,24801750068362;-0,0882790543891553;0,468208092485549;-0,276395173453997;0,201155462184874;-0,125255909175507;-0,0643253680907555;-0,10026116313141;-0,0232033158167421;-0,00350081356935061;0,0356756756756758;-0,0423913043478261;-0,0836742147552959;-0,181756560472548;0,335205616850552;-0,0358140218509627;-0,0527683473741565;-0,00811983760324808;-0,0210433728304185
"2014-06-30";0,0254139129249846;0,0507880910683012;0,0430199674350842;-0,326691325617468;0,111188811188811;-0,347450110864745;0,180616740088106;-0,141355563610004;-0,0924956369982548;-0,0796867381764994;-0,125389108460705;0,0685802350221538;-0,172038678485093;-0,038878764210709;-0,0663605862616988;-0,163780306778822;0,244259259259259;-0,00196078431372548;-0,00890514431104394;0,0735855855855856;-0,0383770072758241
"2014-07-31";-0,0603941513032421;-0,0710854703026915;0,0534773680921348;-0,403680547363454;0,168059701492537;-0,377854016325565;0,109352517985611;-0,0826573966782542;-0,19962434700945;-0,0436395147313691;0,213324387259739;0,0948830033427617;-0,126426690079017;0,0899344848123884;-0,0792592592592593;-0,223628691983122;0,312267657992565;0,00897584589783684;-0,0878972555114729;-0,0899689762150984;-0,0397920674943211
"2014-08-29";-0,00945378151260523;-0,106796116504854;0,296736842105263;-0,343679775280899;0,172484848484848;-0,244755244755245;0,234069063723745;0,103148301574151;-0,191856243949661;0,0175812274368232;0,206779026217228;0,0754716981132075;-0,0911242603550297;0,0353067006496979;-0,0755495997971823;-0,196377607025247;0,207213224244448;0,0444195974791626;-0,0745290745290745;-0,0575000000000001;7,94413159388663e-05
"2014-09-30";0,00166712975826599;0,164586894586894;0,105845053247704;-0,216485507246377;0,449777337951509;-0,266787894531757;0,258676207513417;0,308950477055884;-0,166269226183379;0,0110701107011071;0,476513438834464;0,16;-0,0393939393939395;0,224691358024691;0,0071942446043165;-0,0988066825775656;0,248081841432225;0,028061224489796;-0,0107875325118322;0,0177121771217712;0,0832148356438597
"2014-10-31";0,0951487149870054;0,29481546572935;0,0413167618407793;-0,24980361351139;0,822378811809015;-0,0277475516866159;0,244165170556553;0,341496101364522;-0,0222222222222223;-0,0135396518375241;0,836471221086606;0,277348935542554;0,0331177231565332;0,683930491877512;0,156425702811245;0,0514482758620691;0,254176424668228;0,127599595766183;0,0776210583056329;0,098858429758484;0,206150292293226
"2014-11-28";0,12592698231603;0,243243243243243;0,0863636363636364;-0,242429737080689;0,894020004256225;-0,0689595275317005;-0,125491910800175;0,285744680851064;-0,143557332645427;-0,111504424778761;0,722864178821747;0,230331519049975;-0,0250521920668059;0,338819523269013;0,163856670253896;-0,144970414201183;0,325120192307692;0,164481707317073;0,0342477876106195;0,00818630910374041;0,138062044782961
"2014-12-30";-0,0498338870431894;0,0347619047619048;-0,248212965245255;-0,428849902534113;1,35745752045312;-0,22375127420999;-0,19179104477612;0,409666525960321;-0,176923076923077;-0,440250322836992;1,00711829161001;0,0298359473589327;0,630170316301703;0,0949209932279911;-0,110304130730822;-0,350295857988166;0,20255990474773;0,0928290766208251;-0,214600882470919;-0,125201396348013;0,0649652869967941
"2015-01-30";0,179521876409563;0,258549931600547;-0,220338983050847;-0,243323442136498;1,42397137745975;-0,052671610572352;-0,14867055771725;0,936736842105263;0,281167497799941;-0,210430937624588;1,08948669572572;0,268905589478628;0,7321608040201;0,157377049180328;0,251005631536605;-0,164402173913043;0,644475920679887;0,394322554850317;0,02847533632287;0,0895454545454546;0,28479324283502
"2015-02-27";0,220219158713326;0,36875;-0,0786589820602323;-0,161352450246095;1,01592060374238;0,39537037037037;-0,0699552863118419;0,522718738265114;0,270869207157296;-0,116614041934225;1,1166320101797;0,385964912280702;0,770833333333334;0,24244422464007;0,339862879529873;0,0368802076219097;0,546611341632089;0,450705596107056;0,176327433628319;0,159151193633952;0,329634022514154
