Дата,Аптечная сеть 36.6. 02,Газпром. 13,ГИДРОМАШСЕРВИС. 02,Кокс. БО-02,Кубаньэнерго. 01,ЛЕНТА. 03,Лукойл. 03,Лукойл. 04,Лукойл. БО-01,Лукойл. БО-18,Лукойл. БО-19,Лукойл. БО-20,Микояновский мясокомбинат. БО-01,Мираторг Финанс. БО-03,ММК. БО-02,ННК-Актив (бывш. НК Альянс). БО-01,ОГК-2. 01,ОКЕЙ. БО-05,РусГидро. 09,СОЛЛЕРС. 02,ТГК-2. БО-02,ТМК. 03,УК ГидроОГК. 01,ЧТПЗ. 01,Энел Россия (бывш. Энел ОГК-5). БО-15
15.01.2010,97.19,116.9,0,0,0,0,105.5,104.28,169.24,178.79,178.32,178.77,0,0,108.49,0,102.72,0,0,133.17,0,139.46,103.23,106.01,0
22.01.2010,101.3,119.24,0,0,99.61,0,106.63,106.7,171.36,181.03,181.23,180.34,0,0,111.12,0,104.4,0,0,96.95,0,141.31,104.94,108.31,0
29.01.2010,107.07,121.8,0,0,100.45,0,108.53,106.63,173.83,182.85,182.47,183.38,0,0,112.61,0,105.87,0,0,98.45,0,142.95,105.4,110.33,0
05.02.2010,107.21,124.32,0,0,100.53,0,111.09,107.91,175.85,186.21,186.21,186.21,0,0,114.64,0,107.34,0,0,99.64,0,145,108.03,110.72,0
12.02.2010,107.7,126.86,0,0,101.88,0,111.3,109.21,112.77,188.83,188.81,188.79,0,0,116.44,0,108.84,0,0,102.26,0,145,109.97,113.79,0
19.02.2010,114.81,129.39,0,0,102.59,0,113.35,111.8,112.77,191.34,190.23,191.32,0,0,119.54,0,110.44,0,0,104.05,0,101.18,111.3,115.65,0
26.02.2010,118.43,131.98,0,0,103.77,0,114.77,112.81,118.39,193.86,193.83,193.86,0,0,120.85,0,111.93,0,0,105.77,0,103.4,112.66,118.29,0
05.03.2010,120.96,135.93,0,0,104.02,0,115.63,116.02,121.79,196.33,196.31,196.32,0,0,124.5,0,113.45,0,0,108.4,0,106.11,114.83,120.53,0
12.03.2010,93.6,139.12,0,0,104.98,0,117.84,117.65,124.35,198.99,199.02,198.96,0,0,126.52,0,115.05,0,0,110.64,0,108.14,116.58,122.57,0
19.03.2010,98.27,141.69,0,0,106.24,0,120.26,119.3,127.87,201.4,201.4,201.42,0,0,128.62,0,116.84,0,0,112.11,0,110.02,118.62,124.51,0
26.03.2010,101.17,144.18,0,0,106.99,0,119.73,121.44,129.61,203.32,203.51,203.83,0,0,130.31,0,118.28,0,0,113.13,0,111.58,120.04,126.33,0
02.04.2010,106.34,146.79,0,0,107.74,0,121.88,123.51,130.42,206.35,206.29,206.28,0,0,132.39,0,119.83,0,0,114.81,0,113.62,121.83,128.12,0
09.04.2010,109.79,149.27,0,0,108.49,0,123.94,123.89,135.35,208.78,208.44,208.37,0,0,134.43,0,121.09,0,0,116.55,0,114.83,123.49,129.92,0
16.04.2010,112.58,151.73,0,0,109.7,0,124.31,126.34,137.54,210.9,211.23,211.16,0,0,135.79,0,122.7,0,0,117.62,0,117.28,124.99,131.99,0
23.04.2010,113.32,153.83,0,0,109.46,0,126.96,127.79,138.97,213.88,213.72,213.84,0,0,137.62,0,124.1,0,0,119.14,0,118.26,126.22,133.55,0
30.04.2010,119.51,156.4,0,0,110.72,0,127.23,129.53,141.93,215.64,216.07,216.03,0,0,139.82,0,125.6,0,0,120.87,0,120.8,127.85,135.35,0
07.05.2010,120.94,158.13,0,0,110.98,0,128.05,127.68,142.69,218.57,218.57,218.57,0,0,139.71,0,127.09,0,0,122.2,0,122.68,127.74,135.96,0
14.05.2010,125.26,160.89,0,0,112.39,0,130.28,130.49,146.97,220.86,220.86,221.06,0,0,142.59,0,128.57,0,0,123.54,0,125,130.87,139.07,0
21.05.2010,126.42,162.41,0,0,113.17,0,132.01,130.1,148.81,223.61,223.64,223.64,0,0,144.91,0,130.06,0,0,125.11,0,126.49,132.56,140.85,0
28.05.2010,129.65,165.65,0,0,113.93,0,133.18,132.73,151.94,226.05,226.05,225.99,0,0,146.27,0,131.47,0,0,127.03,0,128.27,134.55,142.67,0
04.06.2010,134.01,168.31,0,0,114.77,0,134.84,135.62,154.23,228.44,228.44,228.44,0,0,149.08,0,132.84,0,0,128.48,0,130.15,135.98,144.3,0
11.06.2010,96.77,171.29,0,0,115.52,0,100.97,100.03,157.4,230.9,230.88,230.91,0,0,150.6,0,134.31,0,0,129.99,0,132.37,137.71,146.14,0
18.06.2010,99.89,173.84,0,0,116.12,0,103.82,101.23,159.55,233.49,233.46,233.46,0,0,104.27,0,135.86,0,0,131.48,0,134.36,139.93,0,0
25.06.2010,103.74,176.92,0,0,116.82,0,104.64,102.91,162.72,0,0,0,0,0,106.51,0,137.22,0,0,133.05,0,136.49,141.83,0,101.07
02.07.2010,107.12,113.65,0,0,117.68,0,106.29,104.45,165.37,0,0,0,0,0,108.25,0,138.7,0,0,134.38,0,138.42,103.39,0,102.35
09.07.2010,110.21,116.13,0,0,118.28,0,107.57,105.98,168.08,0,0,0,0,0,110.31,0,0,0,0,135.91,0,140.31,103.72,0,104.01
16.07.2010,113.68,118.62,0,0,119.03,0,109.23,107.38,170.59,0,0,0,0,0,112.14,0,0,0,0,137.4,0,142.21,105.56,0,105.78
23.07.2010,120.3,121.19,0,0,0,0,110.16,109.17,172.82,0,0,0,0,0,111.72,0,0,0,0,100.9,0,143.96,107.19,0,107.18
30.07.2010,123.55,123.77,0,0,0,0,111.52,109.66,175.38,0,0,0,0,0,116,0,0,0,0,103.23,0,146.03,108.47,0,108.51
06.08.2010,126.9,126.37,0,0,0,0,112.84,112.51,178.27,0,0,0,0,0,118.1,0,0,0,0,105.61,0,147.92,110.16,0,110.25
13.08.2010,133.47,128.8,0,0,0,0,113.45,113.48,114.06,0,0,0,0,0,119.91,0,0,0,0,108.03,0,149.76,112.08,0,111.7
20.08.2010,135.88,131.19,0,0,0,0,114.8,114.9,116.7,0,0,0,0,0,121.62,0,0,0,0,110.8,0,102.32,113.64,0,113.18
27.08.2010,138.67,133.44,0,0,0,0,116.47,116.4,119.27,0,0,0,0,0,123.44,0,0,0,0,113.11,0,104.03,114.87,0,114.36
03.09.2010,141.46,136.12,0,0,0,0,118.01,117.72,121.84,0,0,0,0,0,125.4,0,0,0,0,115.57,0,106.14,115.21,0,116.15
10.09.2010,100.65,138.57,0,0,0,0,118.91,119.18,124.15,0,0,0,0,0,127.16,0,0,0,0,118.47,0,107.9,117.65,0,118.34
17.09.2010,105.01,140.9,0,0,0,0,120.2,120.67,126.93,0,0,0,0,0,128.77,0,0,0,0,120.63,0,109.87,119.06,0,118.72
24.09.2010,108.38,143.3,0,0,0,0,122.02,122.5,129.03,0,0,0,0,0,130.56,0,0,0,0,123.36,0,111.7,120.4,0,120.12
01.10.2010,111.85,145.71,0,0,0,0,123.38,124.23,132.19,0,0,0,0,0,132.44,0,0,0,0,125.72,0,113.29,122.15,0,121.75
08.10.2010,115.3,148.14,0,0,0,0,124.82,125.43,134.22,0,0,0,0,0,134.25,0,0,0,0,128.21,0,115.18,123.54,0,122.89
15.10.2010,118.91,150.51,0,0,0,0,125.95,126.85,136.5,0,0,0,0,0,136.11,0,0,0,0,130.55,0,116.94,125.26,0,124.88
22.10.2010,122.68,152.72,0,0,0,0,127.55,128.91,139,0,0,0,0,0,137.81,0,0,0,0,132.97,0,118.85,126.8,0,126.22
29.10.2010,125.66,154.91,0,0,0,0,128.87,129.98,141.06,0,0,0,0,0,139.45,0,0,0,0,135.38,0,120.6,128.25,0,127.79
05.11.2010,128.32,156.67,0,0,0,0,129.56,131.33,143.36,0,0,0,0,0,140.66,0,0,0,0,137.27,0,121.94,129.43,0,128.54
12.11.2010,132.7,159.68,0,0,0,0,131.28,133.33,145.95,0,0,0,0,0,143.2,0,0,0,0,140.52,0,124.31,131.08,0,130.34
19.11.2010,136.46,161.91,0,0,0,0,132.9,134.17,148.16,0,0,0,0,0,144.64,0,0,0,0,142.69,0,126.17,132.64,0,131.87
26.11.2010,139.83,164.1,0,0,0,0,134.22,135.43,150.22,0,0,0,0,0,146.15,0,0,0,0,144.68,0,127.96,134.2,0,133.41
03.12.2010,143.02,166.4,0,0,0,0,135.17,136.63,152.73,0,0,0,0,0,147.98,0,0,0,0,146.7,0,129.65,135.67,0,134.28
10.12.2010,101.59,168.23,0,0,0,0,101.09,99.83,155.44,0,0,0,0,0,149.79,0,0,0,0,149.13,0,131.43,137.32,0,135.92
17.12.2010,105.06,170.46,0,0,0,0,102.36,101.62,157.3,0,0,0,0,0,102.94,0,0,0,0,151.31,0,133.4,138.74,0,137.04
24.12.2010,108.46,173.01,0,0,0,0,103.82,102.62,159.77,0,0,0,0,0,105.15,0,0,0,0,153.96,0,135.13,140.35,0,101.1
31.12.2010,111.7,110.12,0,0,0,0,104.93,104.26,162.06,0,0,0,0,0,106.89,0,0,0,0,157.02,0,136.72,101.22,0,102.86
07.01.2011,111.7,110.12,0,0,0,0,104.93,104.26,162.06,0,0,0,0,0,106.89,0,0,0,0,157.02,0,136.72,101.22,0,102.86
14.01.2011,119.04,115.3,0,0,0,0,107.89,107.3,166.81,0,0,0,0,0,110.57,0,0,0,0,162.09,0,140.67,104.27,0,105.78
21.01.2011,122.47,117.79,0,0,0,0,109.46,109.19,170.35,0,0,0,0,0,112.78,0,0,0,0,103.05,0,142.51,106.1,0,107.31
28.01.2011,125.78,120.24,0,0,0,0,111.02,110.24,172.41,0,0,0,0,0,114.63,0,0,0,0,106.13,0,144.25,107.61,0,108.89
04.02.2011,129.26,122.71,0,0,0,0,112.11,112.11,174.92,0,0,0,0,0,116.41,0,0,0,0,108.56,0,146.01,109.21,0,110.25
11.02.2011,132.82,125.08,0,0,0,0,113.75,113.18,111.7,0,0,0,0,0,118.26,102.14,0,0,0,111.38,0,147.89,111.09,0,111.64
18.02.2011,136.34,127.74,0,0,0,0,115.11,114.72,113.41,0,0,0,0,0,120.28,104.04,0,0,0,114.28,0,0,112.27,0,113.29
25.02.2011,139.68,129.86,0,0,0,0,116.33,116.8,115.98,0,0,0,0,0,121.85,105.61,0,0,0,116.15,0,0,113.87,0,114.71
04.03.2011,142.05,132.52,0,0,0,0,117.87,117.53,118.62,0,0,0,0,0,123.7,107.49,0,0,0,119.08,0,0,115.12,0,116.2
11.03.2011,101.75,134.94,0,0,0,0,119.14,119.63,121.18,0,0,0,0,0,125.51,109.48,0,0,0,121.41,0,0,116.59,0,117.61
18.03.2011,104.69,137.2,0,0,0,0,120.5,120.97,123.37,0,0,0,0,0,127.33,111.63,0,0,0,123.63,0,0,118.38,0,118.8
25.03.2011,107.59,140.08,0,0,0,0,121.92,122.59,126.28,0,0,0,0,0,129.23,113.58,0,0,0,126.7,0,0,119.89,0,120.64
01.04.2011,110.63,142.47,0,0,0,0,123.33,124.01,128.58,0,0,0,0,0,131.11,115.33,0,0,0,129.36,0,0,121.37,0,122.29
08.04.2011,113.77,144.97,0,0,0,0,124.74,124.14,131.15,0,0,0,0,0,133.02,118.05,0,0,0,132.06,0,0,122.9,0,124.04
15.04.2011,116.9,147.43,0,0,0,0,126.09,127,133.79,0,0,0,0,0,134.81,119.82,0,0,0,134.47,0,0,124.38,0,125.48
22.04.2011,119.98,149.94,0,0,0,0,127.46,128.23,136.19,0,0,0,0,0,136.76,121.4,0,0,0,137.58,0,0,125.9,0,125.77
29.04.2011,123.11,152.47,0,0,0,0,128.86,130.35,139.18,0,0,0,0,0,138.61,123.07,0,0,0,141.13,0,0,127.39,0,128.01
06.05.2011,126.17,154.74,0,0,0,0,130.04,131.06,141.34,0,0,0,0,0,140.12,124.55,0,0,0,143.19,0,0,128.73,0,129.45
13.05.2011,129.26,157.09,0,0,0,0,131.3,132.42,143.4,0,0,0,0,0,142,125.29,0,0,0,145.32,0,0,130.34,0,130.89
20.05.2011,132.65,159.52,0,0,0,0,132.6,134,145.99,0,0,0,0,0,143.81,128.24,0,0,0,146.94,0,0,131.84,0,132.22
27.05.2011,135.17,161.6,0,0,0,0,133.94,135.12,148.48,0,0,0,0,0,145.57,129.67,0,0,0,149.34,0,0,133.4,0,133.56
03.06.2011,138.37,164.01,0,101.32,0,0,135.34,136.98,151.13,0,0,0,0,0,147.39,131.41,0,0,0,152.83,0,0,134.86,0,135.2
10.06.2011,101.81,166.7,0,103.03,0,0,101.22,101.76,153.57,0,0,0,0,0,149.28,133.38,0,0,0,155.08,0,0,136.33,0,136.48
17.06.2011,104.8,169.17,0,104.81,0,0,102.65,103.37,156.15,0,0,0,0,0,102.67,135.54,0,0,0,156.96,0,0,137.88,0,137.92
24.06.2011,107.45,172.02,0,106.49,0,0,104.02,104.63,158.58,0,0,0,0,0,104.44,136.92,0,0,0,159.22,0,0,138.47,0,101.89
01.07.2011,110.22,108.53,0,108.25,0,0,105.41,106.32,160.72,0,0,0,0,0,106.1,138.84,0,0,0,161.43,0,0,0,0,103.48
08.07.2011,113.27,111.01,0,110.02,0,0,106.69,107.53,163.24,0,0,0,0,0,107.79,141,0,0,0,164.71,0,0,0,0,104.94
15.07.2011,116.23,113.41,0,111.88,0,0,107.74,108.9,165.8,0,0,0,0,0,109.61,142.52,0,0,0,166.67,0,0,0,0,106.46
22.07.2011,118.97,115.83,0,113.73,0,0,109.21,110.53,168.23,0,0,0,0,0,111.35,144.23,0,0,0,107.39,0,0,0,0,107.77
29.07.2011,121.7,118.06,0,115.36,0,0,110.47,111.84,170.96,0,0,0,0,0,112.94,146.1,0,0,0,109.28,0,0,0,0,109.21
05.08.2011,123.73,121.27,0,117.22,0,0,111.61,113.43,173.32,0,0,0,0,0,114.95,147.93,0,0,0,111.48,0,0,0,0,110.5
12.08.2011,123.11,122.37,0,117.47,0,0,112.93,113.23,107.59,0,0,0,0,0,116.2,100.8,0,0,0,108.56,0,0,0,0,110.99
19.08.2011,126.23,125.18,0,118.83,0,0,115.01,115.37,110.17,0,0,0,0,0,118.07,102.61,0,0,0,110.97,0,0,0,0,112.82
26.08.2011,130.35,126.82,0,120.55,0,0,115.81,115.81,112.73,0,0,0,0,0,120.24,103.32,0,0,0,115.66,0,0,0,0,114.36
02.09.2011,133.72328767,130.12383562,0,122.16712329,0,0,117.03424658,117.43287671,115.49383562,0,0,0,0,0,122.05452055,106.12219178,0,0,0,118.75849315,0,0,0,0,115.8
09.09.2011,101.60767123,131.89,0,123.83561644,0,0,118.52589041,119.1520548,118.10410959,0,0,0,0,0,123.85479452,108.94616438,0,0,0,120.03575342,0,0,0,0,117.31835616
16.09.2011,103.32890411,134.25616438,0,125.37410959,0,0,119.68753425,121.07123288,120.51438356,0,0,0,0,0,125.56506849,110.17013699,0,0,0,122.5630137,0,0,0,0,118.53671233
23.09.2011,102.81013699,135.81232877,0,125.22260274,0,0,120.81917808,121.17041096,120.80465753,0,0,0,0,0,127.25534247,109.78410959,0,0,0,123.40027397,0,0,0,0,119.31506849
30.09.2011,105.24136986,139.12849315,0,128.26109589,0,0,122.25082192,124.73958904,124.65493151,0,0,0,0,0,129.34561644,113.13808219,0,0,0,126.61753425,0,0,0,0,120.99342466
07.10.2011,106.03260274,140.97465753,0,129.42958904,0,0,123.61246576,124.08876713,126.69520548,0,0,0,0,0,130.89589041,112.73205479,0,0,0,127.94479452,0,0,0,0,122.27178082
14.10.2011,108.87383562,143.73082192,0,128.71808219,0,0,125.86410959,125.74794521,129.50547945,0,0,0,0,0,132.66616439,114.7760274,0,0,0,131.26205479,0,0,0,0,124.26013698
21.10.2011,110.95506849,145.7869863,0,129.86657534,0,0,126.29575343,122.24712329,131.81575343,0,0,0,0,0,134.45643836,116.25,0,0,0,133.54931507,0,0,0,0,125.51849315
28.10.2011,114.41630137,148.42315068,0,134.00506849,0,0,127.59739726,127.69630137,134.7260274,0,0,0,0,0,136.27671233,118.8739726,0,0,0,135.77657534,0,0,0,0,126.80684931
04.11.2011,115.71,150.52,0,134.96,0,0,128.77,129.8,136.82,0,0,0,0,0,137.97,119.79,0,0,0,137.78,0,0,0,0,128.44
11.11.2011,118.22876713,153.13547945,0,136.3020548,0,0,130.32068493,131.42465754,140.24657534,0,0,0,0,0,139.81726028,121.04191781,0,0,0,140.04109589,0,0,0,0,129.73356164
18.11.2011,120.58,155.50164383,0,137.45054795,0,0,131.63232877,131.06383562,142.25684932,0,0,0,0,0,141.70753425,122.62589041,0,0,0,143.14835616,0,0,0,0,131.1719178
25.11.2011,122.45123288,158.01780822,0,138.3790411,0,0,132.93397261,132.4830137,144.26712329,0,0,0,0,0,143.46780822,124.22986301,0,0,0,144.43561644,0,0,0,0,132.35027397
02.12.2011,125.17246576,159.6239726,0,97.23671233,0,0,134.26561644,136.92219178,146.56739726,0,0,0,0,0,145.25808219,126.41383562,0,0,0,148.41287671,0,0,0,0,133.85863013
09.12.2011,101.10178082,162.28013698,0,99.04520548,0,0,0,99.42273973,149.15767123,0,0,0,0,0,147.05835617,128.43780822,0,0,0,149.97013698,0,0,0,0,135.1369863
16.12.2011,102.48260274,164.86630137,0,99.90369863,0,0,0,101.50191781,151.69794521,0,0,0,0,0,0,129.59178082,0,0,0,152.52739726,0,0,0,0,136.79534246
23.12.2011,103.71342466,167.12246575,0,102.44219178,0,0,0,102.04109589,154.00821918,0,0,0,0,0,0,133.33575342,0,0,0,154.54465753,0,0,0,0,100.62643836
30.12.2011,105.42424657,104.42835616,0,101.91068493,0,0,0,103.73027397,156.46849315,0,0,0,0,0,0,135.23972603,0,0,0,157.25191781,0,0,0,0,102.25479452
06.01.2012,106.83506849,106.28452055,0,103.57917808,0,0,0,105.84945206,159.02876713,0,0,0,0,0,0,137.01369863,0,0,0,159.64917808,0,0,0,0,103.69315068
13.01.2012,108.07589041,108.81068493,0,107.22767123,0,0,0,107.13863014,161.3890411,0,0,0,0,0,0,139.65767123,0,0,0,162.33643835,0,0,0,0,104.98150685
20.01.2012,109.56671233,111.29684931,0,107.25616438,0,0,0,108.71780822,163.67931507,0,0,0,0,0,0,139.24164383,0,0,0,102.85493151,0,0,0,0,106.51986301
27.01.2012,111.09753425,113.6930137,0,109.14465753,0,0,0,110.1069863,166.13958904,0,0,0,0,0,0,143.00561644,0,0,0,105.24219178,0,0,0,0,107.96821918
03.02.2012,112.39835616,116.07917808,0,110.65315069,0,0,0,111.54616438,168.49986302,0,0,0,0,0,0,144.62958904,0,0,0,107.57945205,0,0,0,0,109.31657534
10.02.2012,113.89917808,118.50534247,0,112.85164384,0,0,0,111.53534247,104.4630137,0,0,0,0,0,0,100.42027397,0,0,0,110.17671233,0,0,0,0,110.80493151
17.02.2012,115.27,120.81150685,0,114.54013699,0,0,0,114.39452055,107.01328767,0,0,0,0,0,0,102.89424658,0,0,0,112.6139726,0,0,0,0,112.17328767
24.02.2012,116.67082192,123.42767123,0,116.37863014,0,0,0,115.59369863,109.08356164,0,0,0,0,0,0,104.17821918,0,0,0,115.42123288,0,0,0,0,113.70164383
02.03.2012,117.98164383,125.68383562,0,118.58712329,0,0,0,117.28287671,111.79383562,0,0,0,0,0,0,106.10219178,0,0,0,117.34849315,0,0,0,0,115.05
09.03.2012,101.62863014,127.38109589,106.31589041,118.38890411,0,0,0,118.13657534,113.62260274,0,0,0,0,0,0,107.69931507,0,0,0,117.49082192,0,0,0,0,116.12739726
16.03.2012,102.54630137,130.58616438,109.44657534,122.01410959,0,0,0,120.07123288,116.80438356,0,0,0,0,0,0,109.93013699,0,0,0,122.8530137,0,0,0,0,118.01671233
23.03.2012,103.08671233,132.85232877,111.60821918,124.12260274,0,0,0,121.49041096,119.22465753,0,0,0,0,0,0,111.27410959,0,0,0,124.61027397,0,0,0,0,119.41506849
30.03.2012,103.68712329,135.14849315,113.86986301,125.60109589,0,0,0,122.94958904,121.58493151,0,0,0,0,0,0,113.39808219,0,0,0,127.11753425,0,0,0,0,120.81342466
06.04.2012,104.17753425,137.74465753,116.55150685,126.86958904,0,0,0,124.27876713,123.96520548,0,0,0,0,0,0,114.82205479,0,0,0,130.04479452,0,0,0,0,122.24178082
13.04.2012,104.55794521,140.06082192,117.99315069,128.67808219,0,0,0,125.96794521,126.45547945,0,0,0,0,0,0,117.5960274,0,0,0,132.60205479,0,0,0,0,123.68013698
20.04.2012,105.11835617,142.4269863,120.08479452,130.68657534,0,0,0,127.30712329,128.96575343,0,0,0,0,0,0,118.52,0,0,0,134.93931507,0,0,0,0,125.11849315
27.04.2012,105.66876713,144.91315068,122.24643836,132.41506849,0,0,0,128.69630137,131.3460274,0,0,0,0,0,0,121.1439726,0,0,0,137.42657534,0,0,0,0,126.52684931
04.05.2012,106.34917808,147.30931507,124.47808219,133.94356165,0,0,0,130.06547945,134.08630137,0,0,0,0,0,0,121.5479452,0,0,0,139.42383561,0,0,0,0,127.96520548
11.05.2012,106.74958904,149.67547945,126.12972603,135.7820548,0,0,0,131.32465754,136.40657534,0,0,0,0,0,0,123.29191781,0,0,0,141.84109589,0,0,0,0,129.37356164
18.05.2012,107.09,151.99164383,127.12136987,137.31054795,0,0,0,131.84383562,138.42684932,0,0,0,0,0,0,124.46589041,0,0,0,144.09835616,0,0,0,0,130.7719178
25.05.2012,107.69041096,154.35780822,129.1230137,138.7190411,0,0,0,132.5130137,141.12712329,0,0,0,0,0,0,125.80986301,0,0,0,146.14561644,0,0,0,0,132.24027397
01.06.2012,108.34082192,156.8439726,131.02465754,95.52671233,0,0,0,134.93219178,143.38739726,0,0,0,0,0,0,126.76383562,0,0,0,148.23287671,0,0,0,0,133.68863013
08.06.2012,0,159.21013698,132.98630137,98.01520548,0,0,0,99.45273973,146.12767123,0,0,0,0,0,0,128.02780822,0,0,0,150.68013698,0,0,0,0,135.3169863
15.06.2012,0,161.66630137,135.21794521,99.68369863,0,0,0,101.02191781,148.41794521,0,0,0,0,0,0,129.20178082,0,0,0,153.31739726,0,0,0,0,136.84534246
22.06.2012,0,164.12246575,137.18958904,100.86219178,0,0,0,102.45109589,150.90821918,0,0,0,0,0,0,133.41575342,0,0,0,156.22465753,0,0,0,0,100.96863014
29.06.2012,0,0,139.34123288,102.40068493,0,0,0,104.36027397,153.28849315,0,0,0,0,0,0,134.90972603,0,0,0,158.46191781,0,0,0,0,102.67876712
06.07.2012,0,0,141.70287672,105.32917808,0,0,0,105.87945206,155.81876713,0,0,0,0,0,0,136.42369863,0,0,0,160.84917808,0,0,0,0,104.40890411
13.07.2012,0,0,143.71452055,105.48767123,0,0,0,107.03863014,158.2390411,0,0,0,0,0,0,138.39767123,0,0,0,162.88643835,0,0,0,0,106.1290411
20.07.2012,0,0,146.25616439,108.80616438,0,0,0,108.70780822,160.76931507,0,0,0,0,0,0,139.66164383,0,0,0,103.30493151,0,0,0,0,107.71917808
27.07.2012,0,0,148.26780822,109.59465753,0,0,0,110.1369863,163.11958904,0,0,0,0,0,0,141.52561644,0,0,0,105.88219178,0,0,0,0,109.39931507
03.08.2012,0,0,149.77945206,111.36315069,0,0,0,111.62616438,165.61986302,0,0,0,0,0,0,142.72958904,0,0,0,108.07945205,0,0,0,0,111.02945205
10.08.2012,0,0,152.07,112.69,0,0,0,112.98,0,0,0,0,0,0,0,98.15,0,0,0,110.58,0,0,0,0,112.67
17.08.2012,0,0,153.91,114.66,0,0,0,114.68,0,0,0,0,0,0,0,99.53,0,0,0,112.67,0,0,0,0,114.29
24.08.2012,0,0,102.82,116.33,0,0,0,115.94,0,0,0,0,0,0,0,102.33,0,0,0,115.37,0,0,0,0,115.93
31.08.2012,0,0,104.82,117.76,0,0,0,117.23,0,0,0,0,0,0,0,104.18,0,0,0,117.27,0,0,0,0,117.36
07.09.2012,0,0,106.79,119.61,0,0,0,118.81,0,0,0,0,0,0,0,105.6,0,0,0,119.73,0,0,0,0,119.14
14.09.2012,0,0,109.08,121.13,0,0,0,120.17,0,0,0,0,0,0,0,108.25,0,0,0,122.06,0,0,0,0,120.79
21.09.2012,0,0,110.94,122.79,0,0,0,122,0,0,0,0,0,0,0,109.16,0,0,0,124.56,0,0,0,0,122.35
28.09.2012,0,0,113.07,127.84,0,0,0,123.01,0,0,0,0,0,0,0,111.88,0,0,0,126.9,0,0,0,0,124.06
05.10.2012,0,0,114.82,127.41,0,0,0,124.54,0,0,0,0,0,0,0,113.79,0,0,0,129.24,0,0,0,0,125.72
12.10.2012,0,0,117.09,130.55,0,0,0,126,0,0,0,0,0,0,0,115.21,0,0,0,131.7,0,0,0,0,127.3
19.10.2012,0,0,119.16,132.02,0,0,0,125.23,0,0,0,0,0,0,0,117.57,0,0,0,134.65,0,0,0,0,129.01
26.10.2012,0,0,121.09,133.61,0,0,0,128.65,0,0,0,0,0,0,0,119.15,0,0,0,136.6,0,0,0,0,130.51
02.11.2012,0,0,123.22,134.75,0,0,0,130.03,0,0,0,0,0,0,0,120.49,0,0,0,138.86,0,0,0,0,132.22
09.11.2012,0,0,125.14,136.35,0,0,0,131.47,0,0,0,0,0,0,0,123.4,0,0,0,140.77,0,0,0,0,133.6
16.11.2012,0,0,127.29,136.63,0,0,0,132.97,0,0,0,0,0,0,0,124.27,0,0,0,143.03,0,0,0,0,135.24
23.11.2012,0,0,129.56,140.08,0,0,0,134.37,0,0,0,0,0,0,0,126.13,0,0,0,144.67,0,0,0,0,136.96
30.11.2012,0,0,131.52,97.24,0,0,0,135.78,0,0,0,0,0,0,0,128.3,0,0,0,148.19,0,0,0,0,138.54
07.12.2012,0,0,133.5,99.82,0,0,0,100.24,0,0,0,0,0,0,0,130.08,0,0,0,150.05,0,0,0,0,140.17
14.12.2012,0,0,135.95,100.31,0,0,0,101.62,0,0,0,0,0,0,0,133.14,0,0,0,152.77,0,0,0,0,141.78
21.12.2012,0,0,138.11,102.52,0,0,0,103.14,0,0,0,0,0,0,0,133.5,0,0,0,154.87,0,0,0,0,101.08
28.12.2012,0,0,141.12,104.94,0,0,0,104.56,0,0,0,0,0,0,0,134.83,0,0,0,157.32,0,0,0,0,102.93
04.01.2013,0,0,141.12,104.94,0,0,0,104.56,0,0,0,0,0,0,0,134.83,0,0,0,157.32,0,0,0,0,102.93
11.01.2013,0,0,145.37,107.77,0,0,0,107.9,0,0,0,0,0,0,0,138.78,0,0,0,162.42,0,0,0,0,106.09
18.01.2013,0,0,148.14,109.73,0,0,0,108.92,0,0,0,0,0,0,0,140.84,0,0,0,102.36,0,0,0,0,107.62
25.01.2013,0,0,149.42,112.02,0,0,0,110.74,0,0,0,0,0,0,0,142.05,0,0,0,104.92,0,0,0,0,109.35
01.02.2013,0,0,152.13,113.89,0,0,0,112.08,0,0,0,0,0,0,0,144.83,0,0,0,107.07,0,0,0,0,110.93
08.02.2013,0,0,153.66,115.72,0,0,0,113.48,0,0,0,0,102.91,0,0,100.54,0,0,0,109.48,0,0,0,0,112.6
15.02.2013,0,0,154.91,117.54,0,0,0,114.94,0,0,0,0,105.59,0,0,103,0,0,0,111.77,0,0,0,0,114.12
22.02.2013,0,0,103.58,119.17,0,0,0,116.27,0,0,0,0,107.99,0,0,104.49,0,0,0,114.28,0,0,0,0,115.74
01.03.2013,0,0,105.52,120.64,0,0,0,117.6,0,0,0,0,110.59,0,0,106.72,0,0,0,116.57,0,0,0,0,117.27
08.03.2013,0,0,107.84,120.82,0,0,0,118.95,0,0,0,0,112.64,0,0,108.09,0,0,0,118.39,0,0,0,0,118.71
15.03.2013,0,0,109.04,123.09,0,0,0,120.51,0,0,0,0,115.37,0,0,109.52,0,0,0,121.06,0,0,0,0,120.56
22.03.2013,0,0,112.09,124.52,0,105.42,0,121.91,0,0,0,0,117.58,0,0,111.43,0,0,0,123.36,0,0,0,0,122.16
29.03.2013,0,0,114.04,125.07,0,107.88,0,123.31,0,0,0,0,120.31,0,0,113.27,0,0,0,125.56,0,0,0,0,123.82
05.04.2013,0,0,116.08,127.26,0,110.19,0,124.85,0,0,0,0,122.68,0,0,115.25,0,0,0,128.2,0,0,0,0,125.45
12.04.2013,0,0,118.68,129.25,0,111.45,0,126.35,0,0,0,0,124.98,0,0,116.63,0,0,0,130.63,0,0,0,0,127.03
19.04.2013,0,0,120.5,130.85,0,113.86,0,127.47,0,0,0,0,127.35,0,0,119.27,0,0,0,132.95,0,0,0,0,128.66
26.04.2013,0,0,122.19,133.11,0,115.85,0,128.8,0,0,0,0,129.87,100.94,0,120.94,0,0,0,135.27,0,0,0,0,130.19
03.05.2013,0,0,124.27,134.98,0,117.77,0,130.46,0,0,0,0,132.16,106.36,0,122.91,0,0,0,137.62,0,0,0,0,131.67
10.05.2013,0,0,125.37,137.03,0,120.08,0,131.87,0,0,0,0,134.56,105.33,0,124.12,0,0,0,140.04,0,0,0,0,133.36
17.05.2013,0,0,128.65,138.81,0,121.69,0,133.34,0,0,0,0,137.1,107.54,0,126.05,0,0,0,142.14,0,0,0,0,135.05
24.05.2013,0,0,130.06,140.05,0,123.68,0,134.76,0,0,0,0,139.41,109.74,0,127.6,0,0,0,144.48,0,0,0,0,136.67
31.05.2013,0,0,132.86,99.47,0,125.54,0,136.18,0,0,0,0,141.63,111.86,0,129.29,0,0,0,146.74,0,0,0,0,138.26
07.06.2013,0,0,134.85,100.15,0,127.45,0,101.28,0,0,0,0,145.15,113.87,0,131.55,0,0,0,149.09,0,0,0,0,139.86
14.06.2013,0,0,136.68,101.2,0,129.04,0,102,0,0,0,0,146.55,115.92,0,133.64,0,0,0,151.46,0,0,0,0,141.47
21.06.2013,0,0,138.61,102.44,0,131.56,0,103.59,0,0,0,0,149.05,118.04,0,134.47,0,0,0,153.72,0,0,0,0,0
28.06.2013,0,0,140.54,104.35,0,133.76,0,104.76,0,0,0,0,150.92,120.31,0,137.2,0,0,0,156.07,0,0,0,0,0
05.07.2013,0,0,143.03,106.7,0,134.12,0,106.18,0,0,0,0,153.54,121.9,0,138.89,0,0,0,158.41,0,0,0,0,0
12.07.2013,0,0,144.99,108.19,0,137.12,0,107.56,0,0,0,0,155.74,124.23,0,139.91,0,0,0,160.67,0,0,0,0,0
19.07.2013,0,0,147.26,109.96,0,139.06,0,109.06,0,0,0,0,158.33,126.82,0,142.35,0,0,0,0,0,0,0,0,0
26.07.2013,0,0,148.75,112.22,0,140.96,0,110.36,0,0,0,0,160.77,128.46,0,143.78,0,0,0,0,0,0,0,0,0
02.08.2013,0,0,150.55,113.19,0,143.12,0,111.31,0,0,0,0,163.23,131.18,0,145.29,0,0,0,0,0,0,0,0,0
09.08.2013,0,0,153.38,114.86,0,145.21,0,113.13,0,0,0,0,103.34,133.29,0,100.94,0,0,0,0,0,0,0,0,0
16.08.2013,0,0,155.16,116.52,0,147.59,0,114.59,0,0,0,0,105.77,135.44,0,102.66,0,0,0,0,0,0,0,0,0
23.08.2013,0,0,103.95,116.02,0,149.55,0,115.95,0,0,0,0,107.79,137.6,0,104.66,0,0,0,0,0,0,0,0,0
30.08.2013,0,0,105.87,118.67,0,151.32,0,117.59,0,0,0,0,110.34,139.71,0,106.47,0,0,0,0,0,0,0,0,0
06.09.2013,0,0,107.53,120.84,0,103.42,0,119.01,0,0,0,0,112.69,141.92,0,108.18,0,0,0,0,0,0,0,0,0
13.09.2013,0,0,109.7,121.76,0,105.55,0,121.12,0,0,0,0,114.32,144.07,0,110.02,0,0,0,0,0,0,0,0,0
20.09.2013,0,0,112.07,123.96,0,107.36,0,121.78,0,0,0,0,117.12,146.18,0,111.85,0,0,0,0,0,0,0,0,0
27.09.2013,0,0,113.89,125.41,0,109.12,0,123.05,0,0,0,0,120.16,149.39,0,113.85,0,0,0,0,0,0,0,0,0
04.10.2013,0,0,115.85,127.21,0,111.44,0,124.51,0,0,0,0,122.58,151.54,0,115.48,0,0,0,0,0,0,0,0,0
11.10.2013,0,0,117.82,129.3,0,113.31,0,125.95,0,0,0,0,124.71,153.61,0,116.77,0,0,0,0,0,0,0,0,0
18.10.2013,0,0,119.91,129.89,0,115.17,0,128.17,0,0,0,0,126.87,155.46,0,118.71,0,0,0,0,0,0,0,0,0
25.10.2013,0,0,122.32,131.52,0,117.02,0,128.74,0,0,0,0,129.11,101.62,0,120.74,0,0,0,0,77.98,0,0,0,0
01.11.2013,0,0,124.2,134.12,0,119.07,0,130.13,0,0,0,0,131.43,103.61,0,122.22,0,0,0,0,76.36,0,0,0,0
08.11.2013,0,0,126.23,136.37,0,120.93,0,131.49,0,0,0,0,133.91,105.49,0,124.09,0,0,0,0,60.3,0,0,0,0
15.11.2013,0,0,128.12,138.11,0,122.73,0,132.94,0,0,0,0,136.21,107.6,0,125.8,0,0,0,0,69.75,0,0,0,0
22.11.2013,0,0,130.23,139.58,0,124.39,0,134.26,0,0,0,0,138.49,109.55,0,127.52,0,0,0,0,80.58,0,0,0,0
29.11.2013,0,0,131.76,98.21,0,125.84,0,135.92,0,0,0,0,140.88,112.25,0,129.24,0,0,0,0,82.95,0,0,0,0
06.12.2013,0,0,132.57,99.58,0,127.65,0,0,0,0,0,0,143.35,113.27,0,131.02,0,0,0,0,82.04,0,0,0,0
13.12.2013,0,0,134.9,101.85,0,129.18,0,0,0,0,0,0,145.65,116.53,0,132.83,0,0,0,0,82.77,0,0,0,0
20.12.2013,0,0,135.96,103.51,0,131.33,0,0,0,0,0,0,147.95,119.12,0,134.54,0,0,0,0,82.15,0,0,0,0
27.12.2013,0,0,139,105.55,0,133.9,0,0,0,0,0,0,150.49,120.2,0,136.31,0,0,0,0,73.68,0,0,0,0
03.01.2014,0,0,139.53,106.41,0,135.93,0,0,0,0,0,0,151.56,121.19,0,137.05,0,0,0,0,74.63,0,0,0,0
10.01.2014,0,0,142.94,109.49,0,138.94,0,0,0,0,0,0,155.22,124.45,0,139.85,0,0,0,0,82.9,0,0,0,0
17.01.2014,0,0,146.36,111.51,0,139.41,0,0,0,0,0,0,157.53,126.13,0,141.66,0,0,0,0,89.52,0,0,0,0
24.01.2014,0,0,147.97,112.9,0,141.38,0,0,0,0,0,0,159.98,129.47,0,143.34,0,0,0,0,88.47,0,0,0,0
31.01.2014,0,0,149.98,114.92,0,142.7,0,0,0,0,0,0,162.37,131.63,0,145.11,0,0,0,0,92.8,0,0,0,0
07.02.2014,0,0,152.16,116.46,0,145.24,0,0,0,0,0,0,102.47,133.74,0,0,0,0,0,0,94.88,0,0,0,0
14.02.2014,0,0,154.23,118.43,0,146.68,0,0,0,0,0,0,106.31,135.75,0,0,0,0,0,0,103.17,0,0,0,0
21.02.2014,0,0,101.52,119.98,0,148.7,0,0,0,0,0,0,108.63,137.89,0,0,0,0,0,0,105.75,0,0,0,0
28.02.2014,0,0,103.62,121.17,0,150.57,0,0,0,0,0,0,111.43,139.91,0,0,0,0,0,0,105.41,0,0,0,0
07.03.2014,0,0,104.96,122.34,0,101.82,0,0,0,0,0,0,113.26,140.83,0,0,0,0,0,0,106.79,0,0,0,0
14.03.2014,0,0,106.25,123.24,0,104.97,0,0,0,0,0,0,113.41,140.75,0,0,0,0,0,0,106.32,0,0,0,0
21.03.2014,0,0,108.11,124.81,0,103.66,0,0,0,0,0,0,117.84,143.18,0,0,0,0,0,0,111.61,0,0,0,0
28.03.2014,0,0,109.02,127.11,0,105.89,0,0,0,0,0,0,119.88,145.59,0,0,0,0,0,0,113.59,0,0,0,0
04.04.2014,0,0,111.79,129.51,0,108.1,0,0,0,0,0,0,122.09,149.65,0,0,0,0,0,0,116.41,0,0,0,0
11.04.2014,0,0,113.42,132.14,0,112.45,0,0,0,0,0,0,124.49,152.6,0,0,0,0,0,0,123.18,0,0,0,0
18.04.2014,0,0,115.37,133.7,0,114.33,0,0,0,0,0,0,126.87,153.56,0,0,0,0,0,0,66.06,0,0,0,0
25.04.2014,0,0,118.1,135.32,0,113.26,0,0,0,0,0,0,128.96,99.82,0,0,0,0,0,0,67.94,0,0,0,0
02.05.2014,0,0,120.74,136.97,0,116.6,0,0,0,0,0,0,131.51,103.4,0,0,0,0,0,0,70.31,0,0,0,0
09.05.2014,0,0,122.75,138.58,0,116.68,0,0,0,0,0,0,133.97,103.63,0,0,0,0,0,0,74.37,0,0,0,0
16.05.2014,0,0,125.3,140.35,0,119.49,0,0,0,0,0,0,136.47,100.66,0,0,0,0,0,0,76.89,0,0,0,0
23.05.2014,0,0,127.38,142.18,0,122.09,0,0,0,0,0,0,138.86,107.97,0,0,0,0,0,0,79.1,0,0,0,0
30.05.2014,0,0,129.29,0,0,123.34,0,0,0,0,0,0,141.25,111.12,0,0,0,0,0,0,82.16,0,0,0,0
06.06.2014,0,0,130.99,0,0,126.75,0,0,0,0,0,0,143.78,113.74,0,0,0,0,0,0,83.47,0,0,0,0
13.06.2014,0,0,132.57,0,0,125.42,0,0,0,0,0,0,145.16,115.04,0,0,0,0,0,0,82.4,0,0,0,0
20.06.2014,0,0,135.2,0,0,130.58,0,0,0,0,0,0,148.42,117.27,0,0,0,0,0,0,85.34,0,0,0,0
27.06.2014,0,0,137.46,0,0,132.5,0,0,0,0,0,0,151.34,119.36,0,0,0,0,0,0,88.87,0,0,0,0
04.07.2014,0,0,139.84,0,0,133,0,0,0,0,0,0,152.71,122.66,0,0,0,0,0,0,90.82,0,0,0,0
11.07.2014,0,0,142.39,0,0,135.24,0,0,0,0,0,0,155.62,124.99,0,0,0,0,0,0,93,0,0,0,0
18.07.2014,0,0,144.56,0,0,136.97,0,0,0,0,0,0,157.72,123.74,0,0,0,0,0,0,93.75,0,0,0,0
25.07.2014,0,0,146,0,0,137.97,0,0,0,0,0,0,159.68,128.17,0,0,0,0,0,0,96.17,0,0,0,0
01.08.2014,0,0,148.24,0,0,140.88,0,0,0,0,0,0,162.33,130.13,0,0,0,0,0,0,98.41,0,0,0,0
08.08.2014,0,0,150.63,0,0,142.39,0,0,0,0,0,0,102.4,132.79,0,0,0,0,0,0,100.6,0,0,0,0
15.08.2014,0,0,152.7,0,0,144.03,0,0,0,0,0,0,105.02,134.47,0,0,0,0,0,0,103.76,0,0,0,0
22.08.2014,0,0,101.28,0,0,145.25,0,0,0,0,0,0,107.82,136.76,0,0,0,0,0,0,107.66,0,0,0,0
29.08.2014,0,0,102.73,0,0,148.67,0,0,0,0,0,0,109.97,139.18,0,0,0,0,0,0,109.38,0,0,0,0
05.09.2014,0,0,105.26,0,0,99.77,0,0,0,0,0,0,112.41,141.44,0,0,0,0,0,0,111.84,0,0,0,0
12.09.2014,0,0,107.55,0,0,101.69,0,0,0,0,0,0,114.57,143.43,0,0,0,0,0,0,114.02,0,0,0,0
19.09.2014,0,0,110,0,0,102.91,0,0,0,0,0,0,117,145.44,0,0,0,0,0,0,114.47,0,0,0,0
26.09.2014,0,0,111.46,0,0,104.75,0,0,0,0,0,0,119.53,147.49,0,0,0,0,0,0,116.93,0,0,0,0
03.10.2014,0,0,114.13,0,0,106.43,0,0,0,0,0,0,121.6,149.46,0,0,0,0,0,0,117.85,0,0,0,0
10.10.2014,0,0,115.83,0,0,108.56,0,0,0,0,0,0,124.26,151.68,0,0,0,0,0,0,118.3,0,0,0,0
17.10.2014,0,0,117.7,0,0,110.13,0,0,0,0,0,0,126.77,153.88,0,0,0,0,0,0,62.18,0,0,0,0
24.10.2014,0,0,119.87,0,0,112.5,0,0,0,0,0,0,128.85,99.45,0,0,0,0,0,0,62.66,0,0,0,0
31.10.2014,0,0,121.63,0,0,114.15,0,0,0,0,0,0,131.16,101.19,0,0,0,0,0,0,63.02,0,0,0,0
07.11.2014,0,0,123.74,0,0,115.99,0,0,0,0,0,0,133.48,102.37,0,0,0,0,0,0,66.69,0,0,0,0
14.11.2014,0,0,125.59,0,0,116.88,0,0,0,0,0,0,135.96,103.76,0,0,0,0,0,0,70.74,0,0,0,0
21.11.2014,0,0,125.96,0,0,119.92,0,0,0,0,0,0,137.85,104.8,0,0,0,0,0,0,74.11,0,0,0,0
28.11.2014,0,0,126.83,0,0,121.35,0,0,0,0,0,0,140.19,110.26,0,0,0,0,0,0,76.59,0,0,0,0
05.12.2014,0,0,123.01,0,0,116.89,0,0,0,0,0,0,140.22,108.77,0,0,0,0,0,0,78.71,0,0,0,0
12.12.2014,0,0,128.87,0,0,125.57,0,0,0,0,0,0,137.86,106.63,0,0,0,0,0,0,78.24,0,0,0,0
19.12.2014,0,0,123.96,0,0,118.59,0,0,0,0,0,0,137.78,102.01,0,0,0,0,0,0,74.67,0,0,0,0
26.12.2014,0,0,130.09,0,0,116.51,0,0,0,0,0,0,144.91,108.29,0,0,0,0,0,0,68.9,0,0,0,0
02.01.2015,0,0,134.92,0,0,126.92,0,0,0,0,0,0,149.49,119.14,0,0,0,0,0,0,64.15,0,0,0,0
09.01.2015,0,0,141.28,0,0,129.66,0,0,0,0,0,0,153.14,122.22,0,0,0,0,0,0,82.67,0,0,0,0
16.01.2015,0,0,144.79,0,0,125.26,0,0,0,0,0,0,156.06,110.5,0,0,0,0,0,0,81.05,0,0,0,0
23.01.2015,0,0,146.86,0,0,128.72,0,0,0,0,0,0,159.17,119.02,0,0,0,0,0,0,88.57,0,0,0,0
30.01.2015,0,0,148.73,0,0,132.07,0,0,0,0,0,0,162.31,121.13,0,0,0,0,0,0,91.4,0,0,0,0
06.02.2015,0,0,151.14,0,0,136.8,0,0,0,0,0,0,105.12,123.29,0,0,0,0,0,0,96.98,0,0,0,0
13.02.2015,0,0,0,0,0,139.73,0,0,0,0,0,0,109.07,126.95,0,0,0,0,0,0,101.44,0,0,0,0
20.02.2015,0,0,0,0,0,139.43,0,0,0,0,0,0,113.37,129.5,0,0,0,0,0,0,109.07,0,0,0,0
27.02.2015,0,0,0,0,0,143.47,0,0,0,0,0,0,117.22,131.66,0,0,0,0,0,0,112.08,0,0,0,0
06.03.2015,0,0,0,0,0,95.32,0,0,0,0,0,0,121.75,134.04,0,0,0,0,0,0,113.13,0,0,0,0
13.03.2015,0,0,0,0,0,97.82,0,0,0,0,0,0,125.77,137,0,0,0,0,0,0,113.95,0,0,0,0
20.03.2015,0,0,0,0,0,99.66,0,0,0,0,0,0,129.69,138.75,0,0,0,0,0,0,114.77,0,0,0,0
27.03.2015,0,0,0,0,0,102.48,0,0,0,0,0,0,133.4,141.57,0,0,0,0,0,0,117.13,0,0,0,0
03.04.2015,0,0,0,0,0,104.99,0,0,0,0,0,0,137.67,144.8,0,0,0,0,0,0,119.98,0,0,0,0
10.04.2015,0,0,0,0,0,107.9,0,0,0,0,0,0,141.49,148.3,0,0,0,0,0,0,122.69,0,0,0,0
17.04.2015,0,0,0,0,0,109.57,0,0,0,0,0,0,145.98,150.9,0,0,0,0,0,0,67.66,0,0,0,0
24.04.2015,0,0,0,0,0,111.55,0,0,0,0,0,0,149.95,98.37,0,0,0,0,0,0,71.06,0,0,0,0
01.05.2015,0,0,0,0,0,113.37,0,0,0,0,0,0,153.39,100.05,0,0,0,101.85,101.52,0,74.56,0,0,0,0
08.05.2015,0,0,0,0,0,115.55,0,0,0,0,0,0,159.2,103.21,0,0,0,105.76,105.21,0,79.79,0,0,0,0
15.05.2015,0,0,0,0,0,117.47,0,0,0,0,0,0,162.11,105.85,0,0,0,108.94,108.54,0,80.32,0,0,0,0
22.05.2015,0,0,0,0,0,119.03,0,0,0,0,0,0,166.81,107.24,0,0,0,111.86,110.58,0,84.28,0,0,0,0
29.05.2015,0,0,0,0,0,121.83,0,0,0,0,0,0,170.45,108.61,0,0,0,114.88,113.33,0,85.5,0,0,0,0
05.06.2015,0,0,0,0,0,123.5,0,0,0,0,0,0,174.27,111.09,0,0,0,118.05,115.52,0,88.02,0,0,0,0
12.06.2015,0,0,0,0,0,125.84,0,0,0,0,0,0,177.42,112.91,0,0,0,120.59,117.77,0,89.1,0,0,0,0
19.06.2015,0,0,0,0,0,128.16,0,0,0,0,0,0,181.38,115.78,0,0,0,124.19,120.37,0,92.2,0,0,0,0
26.06.2015,0,0,0,0,0,129.22,0,0,0,0,0,0,185.98,119.23,0,0,0,127.58,122.45,0,95.44,0,0,0,0
03.07.2015,0,0,0,0,0,131.71,0,0,0,0,0,0,189.01,121.42,0,0,0,130.38,125.25,0,97.31,0,0,0,0
10.07.2015,0,0,0,0,0,133.69,0,0,0,0,0,0,193.11,122.68,0,0,0,132.75,127.84,0,99.62,0,0,0,0
17.07.2015,0,0,0,0,0,135.91,0,0,0,0,0,0,196.86,125.06,0,0,0,136.02,130.1,0,101.22,0,0,0,0
24.07.2015,0,0,0,0,0,137.78,0,0,0,0,0,0,200.99,127.89,0,0,0,139.03,132.47,0,103.56,0,0,0,0
31.07.2015,0,0,0,0,0,139.85,0,0,0,0,0,0,204.75,130.09,0,0,0,141.93,134.89,0,103.01,0,0,0,0
07.08.2015,0,0,0,0,0,141.96,0,0,0,0,0,0,103.08,132.44,0,0,0,144.76,137.5,0,105.86,0,0,0,0
14.08.2015,0,0,0,0,0,143.88,0,0,0,0,0,0,106.32,131.74,0,0,0,148.45,140.13,0,108.75,0,0,0,0
21.08.2015,0,0,0,0,0,145.74,0,0,0,0,0,0,108.55,136.58,0,0,0,151.22,142.13,0,108.53,0,0,0,0
28.08.2015,0,0,0,0,0,147.6,0,0,0,0,0,0,111.28,139.13,0,0,0,154.63,143.72,0,111.69,0,0,0,0
04.09.2015,0,0,0,0,0,99.71,0,0,0,0,0,0,114.09,140.92,0,0,0,156.73,146.06,0,112.89,0,0,0,0
11.09.2015,0,0,0,0,0,101.89,0,0,0,0,0,0,116.3,142.87,0,0,0,160.19,148.51,0,114.37,0,0,0,0
18.09.2015,0,0,0,0,0,103.66,0,0,0,0,0,0,119.47,145.66,0,0,0,163.11,151.45,0,116.87,0,0,0,0
25.09.2015,0,0,0,0,0,105.92,0,0,0,0,0,0,121.78,147.84,0,0,0,166.23,153.9,0,118.91,0,0,0,0
02.10.2015,0,0,0,0,0,107.84,0,0,0,0,0,0,124.17,149.55,0,0,0,169.05,156.68,0,121.83,0,0,0,0
09.10.2015,0,0,0,0,0,109.74,0,0,0,0,0,0,127.25,152.01,0,0,0,172.07,159.13,0,124.39,0,0,0,0
16.10.2015,0,0,0,0,0,111.73,0,0,0,0,0,0,129.93,153.91,0,0,0,174.8,161.98,0,53.16,0,0,0,0
23.10.2015,0,0,0,0,0,113.75,0,0,0,0,0,0,131.88,100.17,0,0,0,178.5,165.18,0,67.91,0,0,0,0
30.10.2015,0,0,0,0,0,115.72,0,0,0,0,0,0,135.2,102.6,0,0,0,102.55,105.05,0,71.18,0,0,0,0
06.11.2015,0,0,0,0,0,117.58,0,0,0,0,0,0,137.59,104.72,0,0,0,105.52,106.75,0,72.57,0,0,0,0
13.11.2015,0,0,0,0,0,119.47,0,0,0,0,0,0,140.57,106.94,0,0,0,108.66,108.44,0,74.41,0,0,0,0
20.11.2015,0,0,0,0,0,121.32,0,0,0,0,0,0,143.2,108.05,0,0,0,111.51,110.88,0,75.12,0,0,0,0
27.11.2015,0,0,0,0,0,123.24,0,0,0,0,0,0,145.55,111.25,0,0,0,114.42,113.23,0,75.58,0,0,0,0
04.12.2015,0,0,0,0,0,125.5,0,0,0,0,0,0,148.29,112.88,0,0,0,117.56,115.82,0,73.53,0,0,0,0
11.12.2015,0,0,0,0,0,127.43,0,0,0,0,0,0,151.19,115.04,0,0,0,120.29,118.25,0,74.29,0,0,0,0
18.12.2015,0,0,0,0,0,129.13,0,0,0,0,0,0,153.79,117.18,0,0,0,123.77,120.66,0,76.25,0,0,0,0
25.12.2015,0,0,0,0,0,131.16,0,0,0,0,0,0,156.19,119.96,0,0,0,126.21,123.12,0,77.73,0,0,0,0
01.01.2016,0,0,0,0,0,132.48,0,0,0,0,0,0,158.08,121.06,0,0,0,128.35,124.92,0,70.69,0,0,0,0
08.01.2016,0,0,0,0,0,134.39,0,0,0,0,0,0,160.99,123.15,0,0,0,131.37,127.36,0,78.84,0,0,0,0
15.01.2016,0,0,0,0,0,136.94,0,0,0,0,0,0,164.08,126.65,0,0,0,135.09,130.17,0,78.09,0,0,0,0
22.01.2016,0,0,0,0,0,138.98,0,0,0,0,0,0,166.93,128.97,0,0,0,138.09,132.39,0,80,0,0,0,0
29.01.2016,0,0,0,0,0,140.88,0,0,0,0,0,0,0,130.82,0,0,0,141.31,137.33,0,80.94,0,0,0,0
05.02.2016,0,0,0,0,0,142.83,0,0,0,0,0,0,0,132.87,0,0,0,144.18,138.78,0,78.22,0,0,0,0
12.02.2016,0,0,0,0,0,144.92,0,0,0,0,0,0,0,135.14,0,0,0,147.12,140.13,0,79.77,0,0,0,0
19.02.2016,0,0,0,0,0,146.83,0,0,0,0,0,0,0,137.35,0,0,0,150.2,143.02,0,72.1,0,0,0,0
26.02.2016,0,0,0,0,0,148.92,0,0,0,0,0,0,0,139.55,0,0,0,153.24,145.59,0,83.02,0,0,0,0
04.03.2016,0,0,0,0,0,101.69,0,0,0,0,0,0,0,141.88,0,0,0,156.16,148.04,0,88.81,0,0,0,0
11.03.2016,0,0,0,0,0,104.02,0,0,0,0,0,0,0,143.95,0,0,0,159.18,150.41,0,89.87,0,0,0,0
18.03.2016,0,0,0,0,0,106.57,0,0,0,0,0,0,0,146.13,0,0,0,161.72,153.1,0,90.34,0,0,0,0
25.03.2016,0,0,0,0,0,109.21,0,0,0,0,0,0,0,148.22,0,0,0,165.32,155.3,0,92.54,0,0,0,0
01.04.2016,0,0,0,0,0,0,0,0,0,0,0,0,0,0,0,0,0,167.93,158.19,0,98.35,0,0,0,0
